trip_id,route_id,service_id,trip_headsign,trip_short_name,direction_id,block_id,shape_id,wheelchair_accessible,bikes_allowed
2510070,1,2,1 Downtown,,1,11,shp-1-01,1,1
2230090,1,1,1 Downtown,,1,11,shp-1-01,1,1
2230020,1,3,1 Downtown,,1,11,shp-1-01,1,1
1253070,1,2,1 Downtown,,1,1107,shp-1-01,1,1
1063020,1,3,1 Downtown,,1,11,shp-1-01,1,1
1845020,1,3,1 Downtown,,1,11,shp-1-01,1,1
1840020,1,3,1 Downtown,,1,11,shp-1-01,1,1
1792070,1,2,1 Downtown,,1,11,shp-1-01,1,1
78090,1,1,1 Downtown,,1,11,shp-1-01,1,1
78020,1,3,1 Downtown,,1,11,shp-1-01,1,1
332070,1,2,1 Downtown,,1,1107,shp-1-01,1,1
375090,1,1,1 Downtown,,1,110,shp-1-01,1,1
1780010,1,4,1 Downtown,,1,11,shp-1-01,1,1
1548090,1,1,1 Downtown,,1,11,shp-1-01,1,1
1202090,1,1,1 Downtown,,1,11,shp-1-01,1,1
1408070,1,2,1 Downtown,,1,1107,shp-1-01,1,1
183010,1,4,1 Downtown,,1,11,shp-1-01,1,1
1053020,1,3,1 Downtown,,1,110,shp-1-01,1,1
13070,1,2,1 Downtown,,1,11,shp-1-01,1,1
652070,1,2,1 Downtown,,1,1107,shp-1-01,1,1
2212020,1,3,1 Downtown,,1,210,shp-1-01,1,1
1053090,1,1,1 Downtown,,1,110,shp-1-01,1,1
1001070,1,2,1 Downtown,,1,11,shp-1-01,1,1
1281020,1,3,1 Downtown,,1,11,shp-1-01,1,1
1905020,1,3,1 Downtown,,1,11,shp-1-01,1,1
1930090,1,1,1 Downtown,,1,11,shp-1-01,1,1
918090,1,1,1 Downtown,,1,210,shp-1-01,1,1
422070,1,2,1 Downtown,,1,1107,shp-1-01,1,1
1578090,1,1,1 Downtown,,1,110,shp-1-01,1,1
1730070,1,2,1 Downtown,,1,11,shp-1-01,1,1
1845090,1,1,1 Downtown,,1,11,shp-1-01,1,1
2538020,1,3,1 Downtown,,1,11,shp-1-01,1,1
2581070,1,2,1 Downtown,,1,1107,shp-1-01,1,1
828070,1,2,1 Downtown,,1,11,shp-1-01,1,1
2591070,1,2,1 Downtown,,1,1107,shp-1-01,1,1
615020,1,3,1 Downtown,,1,11,shp-1-01,1,1
462010,1,4,1 Downtown,,1,11,shp-1-01,1,1
1217090,1,1,1 Downtown,,1,110,shp-1-01,1,1
2212090,1,1,1 Downtown,,1,210,shp-1-01,1,1
974020,1,3,1 Downtown,,1,11,shp-1-01,1,1
417070,1,2,1 Downtown,,1,1107,shp-1-01,1,1
718090,1,1,1 Downtown,,1,11,shp-1-01,1,1
1756020,1,3,1 Downtown,,1,11,shp-1-01,1,1
225090,1,1,1 Downtown,,1,11,shp-1-01,1,1
1840090,1,1,1 Downtown,,1,11,shp-1-01,1,1
2150020,1,3,1 Downtown,,1,11,shp-1-01,1,1
375020,1,3,1 Downtown,,1,110,shp-1-01,1,1
1058020,1,3,1 Downtown,,1,110,shp-1-01,1,1
1731010,1,4,1 Downtown,,1,11,shp-1-01,1,1
477020,1,3,1 Downtown,,1,210,shp-1-01,1,1
2024090,1,1,1 Downtown,,1,110,shp-1-01,1,1
681010,1,4,1 Downtown,,1,11,shp-1-01,1,1
1018020,1,3,1 Downtown,,1,110,shp-1-01,1,1
2083090,1,1,1 Downtown,,1,210,shp-1-01,1,1
1853010,1,4,1 Downtown,,1,11,shp-1-01,1,1
2560020,1,3,1 Downtown,,1,110,shp-1-01,1,1
2327010,1,4,1 Downtown,,1,11,shp-1-01,1,1
872090,1,1,1 Downtown,,1,210,shp-1-01,1,1
2560090,1,1,1 Downtown,,1,110,shp-1-01,1,1
1018090,1,1,1 Downtown,,1,110,shp-1-01,1,1
1968070,1,2,1 Downtown,,1,11,shp-1-01,1,1
1270020,1,3,1 Downtown,,1,11,shp-1-01,1,1
22070,1,2,1 Downtown,,1,1107,shp-1-01,1,1
477090,1,1,1 Downtown,,1,210,shp-1-01,1,1
974090,1,1,1 Downtown,,1,11,shp-1-01,1,1
1113020,1,3,1 Downtown,,1,110,shp-1-01,1,1
1281090,1,1,1 Downtown,,1,11,shp-1-01,1,1
991070,1,2,1 Downtown,,1,1107,shp-1-01,1,1
1010,1,4,1 Downtown,,1,11,shp-1-01,1,1
2538090,1,1,1 Downtown,,1,11,shp-1-01,1,1
2083020,1,3,1 Downtown,,1,210,shp-1-01,1,1
2309010,1,4,1 Downtown,,1,11,shp-1-01,1,1
583090,1,1,1 Downtown,,1,110,shp-1-01,1,1
1291020,1,3,1 Downtown,,1,5232,shp-1-01,1,1
1202020,1,3,1 Downtown,,1,11,shp-1-01,1,1
99090,1,1,1 Downtown,,1,11,shp-1-01,1,1
2009070,1,2,1 Downtown,,1,1107,shp-1-01,1,1
1528070,1,2,1 Downtown,,1,1107,shp-1-01,1,1
838070,1,2,1 Downtown,,1,1107,shp-1-01,1,1
1454070,1,2,1 Downtown,,1,1107,shp-1-01,1,1
1952020,1,3,1 Downtown,,1,11,shp-1-01,1,1
1266070,1,2,1 Downtown,,1,1107,shp-1-01,1,1
1158020,1,3,1 Downtown,,1,210,shp-1-01,1,1
1930020,1,3,1 Downtown,,1,11,shp-1-01,1,1
833070,1,2,1 Downtown,,1,11,shp-1-01,1,1
615090,1,1,1 Downtown,,1,11,shp-1-01,1,1
2618010,1,4,1 Downtown,,1,11,shp-1-01,1,1
178010,1,4,1 Downtown,,1,11,shp-1-01,1,1
1756090,1,1,1 Downtown,,1,11,shp-1-01,1,1
760090,1,1,1 Downtown,,1,11,shp-1-01,1,1
2465070,1,2,1 Downtown,,1,1107,shp-1-01,1,1
1270090,1,1,1 Downtown,,1,11,shp-1-01,1,1
1739010,1,4,1 Downtown,,1,11,shp-1-01,1,1
1578020,1,3,1 Downtown,,1,110,shp-1-01,1,1
1113090,1,1,1 Downtown,,1,110,shp-1-01,1,1
1357010,1,4,1 Downtown,,1,11,shp-1-01,1,1
888010,1,4,1 Downtown,,1,11,shp-1-01,1,1
1905090,1,1,1 Downtown,,1,11,shp-1-01,1,1
1170010,1,4,1 Downtown,,1,11,shp-1-01,1,1
2492090,1,1,1 Downtown,,1,110,shp-1-01,1,1
27010,1,4,1 Downtown,,1,11,shp-1-01,1,1
996090,1,1,1 Downtown,,1,11,shp-1-01,1,1
1181010,1,4,1 Downtown,,1,11,shp-1-01,1,1
718020,1,3,1 Downtown,,1,11,shp-1-01,1,1
398020,1,3,1 Downtown,,1,110,shp-1-01,1,1
2111010,1,4,1 Downtown,,1,11,shp-1-01,1,1
2242020,1,3,1 Downtown,,1,210,shp-1-01,1,1
1291090,1,1,1 Downtown,,1,5232,shp-1-01,1,1
1928010,1,4,1 Downtown,,1,11,shp-1-01,1,1
996020,1,3,1 Downtown,,1,11,shp-1-01,1,1
225020,1,3,1 Downtown,,1,11,shp-1-01,1,1
1217020,1,3,1 Downtown,,1,110,shp-1-01,1,1
1614010,1,4,1 Downtown,,1,11,shp-1-01,1,1
2150090,1,1,1 Downtown,,1,11,shp-1-01,1,1
675070,1,2,1 Downtown,,1,11,shp-1-01,1,1
2492020,1,3,1 Downtown,,1,110,shp-1-01,1,1
398090,1,1,1 Downtown,,1,110,shp-1-01,1,1
88010,1,4,1 Downtown,,1,11,shp-1-01,1,1
761020,1,3,1 Downtown,,1,11,shp-1-01,1,1
583020,1,3,1 Downtown,,1,110,shp-1-01,1,1
1548020,1,3,1 Downtown,,1,11,shp-1-01,1,1
2024020,1,3,1 Downtown,,1,110,shp-1-01,1,1
719090,1,1,1 Downtown,,1,210,shp-1-01,1,1
761090,1,1,1 Downtown,,1,11,shp-1-01,1,1
99020,1,3,1 Downtown,,1,11,shp-1-01,1,1
1952090,1,1,1 Downtown,,1,11,shp-1-01,1,1
2242090,1,1,1 Downtown,,1,210,shp-1-01,1,1
918020,1,3,1 Downtown,,1,210,shp-1-01,1,1
1158090,1,1,1 Downtown,,1,210,shp-1-01,1,1
1058090,1,1,1 Downtown,,1,110,shp-1-01,1,1
1759010,1,4,1 Downtown,,1,11,shp-1-01,1,1
1326070,1,2,1 Downtown,,1,1107,shp-1-01,1,1
719020,1,3,1 Downtown,,1,210,shp-1-01,1,1
297010,1,4,1 Downtown,,1,11,shp-1-01,1,1
1312070,1,2,1 Downtown,,1,1107,shp-1-01,1,1
2002090,1,1,1 Downtown,,1,210,shp-1-01,1,1
1420070,1,2,1 Downtown,,1,11,shp-1-01,1,1
164020,1,3,1 Downtown,,1,110,shp-1-01,1,1
872020,1,3,1 Downtown,,1,210,shp-1-01,1,1
2002020,1,3,1 Downtown,,1,210,shp-1-01,1,1
760020,1,3,1 Downtown,,1,11,shp-1-01,1,1
1944070,1,2,1 Downtown,,1,1107,shp-1-01,1,1
847010,1,4,1 Downtown,,1,11,shp-1-01,1,1
164090,1,1,1 Downtown,,1,110,shp-1-01,1,1
1063090,1,1,1 Downtown,,1,11,shp-1-01,1,1
943010,1,4,1 Downtown,,1,11,shp-1-01,1,1
1668010,1,4,1 Fairhaven,,0,11,shp-1-51,1,1
2268020,1,3,1 Fairhaven,,0,210,shp-1-51,1,1
316090,1,1,1 Fairhaven,,0,5232,shp-1-51,1,1
1064020,1,3,1 Fairhaven,,0,110,shp-1-51,1,1
1244020,1,3,1 Fairhaven,,0,11,shp-1-51,1,1
621070,1,2,1 Fairhaven,,0,1107,shp-1-51,1,1
400020,1,3,1 Fairhaven,,0,11,shp-1-51,1,1
112010,1,4,1 Fairhaven,,0,11,shp-1-51,1,1
1070070,1,2,1 Fairhaven,,0,1107,shp-1-51,1,1
411020,1,3,1 Fairhaven,,0,110,shp-1-51,1,1
1235070,1,2,1 Fairhaven,,0,1107,shp-1-51,1,1
735070,1,2,1 Fairhaven,,0,11,shp-1-51,1,1
1496090,1,1,1 Fairhaven,,0,11,shp-1-51,1,1
2449020,1,3,1 Fairhaven,,0,11,shp-1-51,1,1
1042010,1,4,1 Fairhaven,,0,11,shp-1-51,1,1
2338090,1,1,1 Fairhaven,,0,11,shp-1-51,1,1
2264010,1,4,1 Fairhaven,,0,11,shp-1-51,1,1
397070,1,2,1 Fairhaven,,0,1107,shp-1-51,1,1
2216090,1,1,1 Fairhaven,,0,11,shp-1-51,1,1
990070,1,2,1 Fairhaven,,0,1107,shp-1-51,1,1
1254090,1,1,1 Fairhaven,,0,210,shp-1-51,1,1
2599010,1,4,1 Fairhaven,,0,11,shp-1-51,1,1
831020,1,3,1 Fairhaven,,0,110,shp-1-51,1,1
1374010,1,4,1 Fairhaven,,0,11,shp-1-51,1,1
1026020,1,3,1 Fairhaven,,0,110,shp-1-51,1,1
469090,1,1,1 Fairhaven,,0,110,shp-1-51,1,1
999020,1,3,1 Fairhaven,,0,210,shp-1-51,1,1
1251010,1,4,1 Fairhaven,,0,11,shp-1-51,1,1
1637020,1,3,1 Fairhaven,,0,210,shp-1-51,1,1
519020,1,3,1 Fairhaven,,0,11,shp-1-51,1,1
934010,1,4,1 Fairhaven,,0,11,shp-1-51,1,1
2449090,1,1,1 Fairhaven,,0,11,shp-1-51,1,1
2482020,1,3,1 Fairhaven,,0,11,shp-1-51,1,1
1910020,1,3,1 Fairhaven,,0,110,shp-1-51,1,1
1822010,1,4,1 Fairhaven,,0,11,shp-1-51,1,1
2001090,1,1,1 Fairhaven,,0,110,shp-1-51,1,1
2210070,1,2,1 Fairhaven,,0,1107,shp-1-51,1,1
416090,1,1,1 Fairhaven,,0,11,shp-1-51,1,1
1311070,1,2,1 Fairhaven,,0,1107,shp-1-51,1,1
2168010,1,4,1 Fairhaven,,0,11,shp-1-51,1,1
316020,1,3,1 Fairhaven,,0,5232,shp-1-51,1,1
214020,1,3,1 Fairhaven,,0,11,shp-1-51,1,1
912090,1,1,1 Fairhaven,,0,210,shp-1-51,1,1
2292010,1,4,1 Fairhaven,,0,11,shp-1-51,1,1
744090,1,1,1 Fairhaven,,0,110,shp-1-51,1,1
2410020,1,3,1 Fairhaven,,0,11,shp-1-51,1,1
423010,1,4,1 Fairhaven,,0,11,shp-1-51,1,1
1511090,1,1,1 Fairhaven,,0,110,shp-1-51,1,1
999090,1,1,1 Fairhaven,,0,210,shp-1-51,1,1
519090,1,1,1 Fairhaven,,0,11,shp-1-51,1,1
1496020,1,3,1 Fairhaven,,0,11,shp-1-51,1,1
769070,1,2,1 Fairhaven,,0,1107,shp-1-51,1,1
1719090,1,1,1 Fairhaven,,0,11,shp-1-51,1,1
2494020,1,3,1 Fairhaven,,0,11,shp-1-51,1,1
2347090,1,1,1 Fairhaven,,0,110,shp-1-51,1,1
2429090,1,1,1 Fairhaven,,0,11,shp-1-51,1,1
214090,1,1,1 Fairhaven,,0,11,shp-1-51,1,1
2036070,1,2,1 Fairhaven,,0,11,shp-1-51,1,1
897070,1,2,1 Fairhaven,,0,11,shp-1-51,1,1
524010,1,4,1 Fairhaven,,0,11,shp-1-51,1,1
1233010,1,4,1 Fairhaven,,0,11,shp-1-51,1,1
131070,1,2,1 Fairhaven,,0,1107,shp-1-51,1,1
2520090,1,1,1 Fairhaven,,0,11,shp-1-51,1,1
1064090,1,1,1 Fairhaven,,0,110,shp-1-51,1,1
1481070,1,2,1 Fairhaven,,0,11,shp-1-51,1,1
1511020,1,3,1 Fairhaven,,0,110,shp-1-51,1,1
2249070,1,2,1 Fairhaven,,0,11,shp-1-51,1,1
2145070,1,2,1 Fairhaven,,0,1107,shp-1-51,1,1
273070,1,2,1 Fairhaven,,0,1107,shp-1-51,1,1
189090,1,1,1 Fairhaven,,0,11,shp-1-51,1,1
1551070,1,2,1 Fairhaven,,0,1107,shp-1-51,1,1
2268090,1,1,1 Fairhaven,,0,210,shp-1-51,1,1
2482090,1,1,1 Fairhaven,,0,11,shp-1-51,1,1
346070,1,2,1 Fairhaven,,0,1107,shp-1-51,1,1
1124090,1,1,1 Fairhaven,,0,11,shp-1-51,1,1
2466090,1,1,1 Fairhaven,,0,11,shp-1-51,1,1
2121090,1,1,1 Fairhaven,,0,11,shp-1-51,1,1
469020,1,3,1 Fairhaven,,0,110,shp-1-51,1,1
1910090,1,1,1 Fairhaven,,0,110,shp-1-51,1,1
1735090,1,1,1 Fairhaven,,0,210,shp-1-51,1,1
1418070,1,2,1 Fairhaven,,0,11,shp-1-51,1,1
146070,1,2,1 Fairhaven,,0,11,shp-1-51,1,1
2239090,1,1,1 Fairhaven,,0,110,shp-1-51,1,1
1269090,1,1,1 Fairhaven,,0,210,shp-1-51,1,1
2347020,1,3,1 Fairhaven,,0,110,shp-1-51,1,1
2494090,1,1,1 Fairhaven,,0,11,shp-1-51,1,1
2338020,1,3,1 Fairhaven,,0,11,shp-1-51,1,1
2609090,1,1,1 Fairhaven,,0,11,shp-1-51,1,1
997010,1,4,1 Fairhaven,,0,11,shp-1-51,1,1
2216020,1,3,1 Fairhaven,,0,11,shp-1-51,1,1
2466020,1,3,1 Fairhaven,,0,11,shp-1-51,1,1
1761010,1,4,1 Fairhaven,,0,11,shp-1-51,1,1
1735020,1,3,1 Fairhaven,,0,210,shp-1-51,1,1
1661070,1,2,1 Fairhaven,,0,11,shp-1-51,1,1
1777010,1,4,1 Fairhaven,,0,11,shp-1-51,1,1
1504020,1,3,1 Fairhaven,,0,210,shp-1-51,1,1
750020,1,3,1 Fairhaven,,0,110,shp-1-51,1,1
2063070,1,2,1 Fairhaven,,0,11,shp-1-51,1,1
1399010,1,4,1 Fairhaven,,0,11,shp-1-51,1,1
1860090,1,1,1 Fairhaven,,0,210,shp-1-51,1,1
1124020,1,3,1 Fairhaven,,0,11,shp-1-51,1,1
750090,1,1,1 Fairhaven,,0,110,shp-1-51,1,1
2450020,1,3,1 Fairhaven,,0,11,shp-1-51,1,1
1504090,1,1,1 Fairhaven,,0,210,shp-1-51,1,1
1719020,1,3,1 Fairhaven,,0,11,shp-1-51,1,1
482010,1,4,1 Fairhaven,,0,11,shp-1-51,1,1
1269020,1,3,1 Fairhaven,,0,210,shp-1-51,1,1
416020,1,3,1 Fairhaven,,0,11,shp-1-51,1,1
1860020,1,3,1 Fairhaven,,0,210,shp-1-51,1,1
1244090,1,1,1 Fairhaven,,0,11,shp-1-51,1,1
2612090,1,1,1 Fairhaven,,0,11,shp-1-51,1,1
1026090,1,1,1 Fairhaven,,0,110,shp-1-51,1,1
2640070,1,2,1 Fairhaven,,0,1107,shp-1-51,1,1
2450090,1,1,1 Fairhaven,,0,11,shp-1-51,1,1
1436010,1,4,1 Fairhaven,,0,1105,shp-1-51,1,1
189020,1,3,1 Fairhaven,,0,11,shp-1-51,1,1
1688010,1,4,1 Fairhaven,,0,11,shp-1-51,1,1
2609020,1,3,1 Fairhaven,,0,11,shp-1-51,1,1
400090,1,1,1 Fairhaven,,0,11,shp-1-51,1,1
188090,1,1,1 Fairhaven,,0,110,shp-1-51,1,1
411090,1,1,1 Fairhaven,,0,110,shp-1-51,1,1
744020,1,3,1 Fairhaven,,0,110,shp-1-51,1,1
188020,1,3,1 Fairhaven,,0,110,shp-1-51,1,1
2429020,1,3,1 Fairhaven,,0,11,shp-1-51,1,1
2001020,1,3,1 Fairhaven,,0,110,shp-1-51,1,1
2612020,1,3,1 Fairhaven,,0,11,shp-1-51,1,1
2520020,1,3,1 Fairhaven,,0,11,shp-1-51,1,1
912020,1,3,1 Fairhaven,,0,210,shp-1-51,1,1
1789070,1,2,1 Fairhaven,,0,1107,shp-1-51,1,1
200070,1,2,1 Fairhaven,,0,1107,shp-1-51,1,1
911070,1,2,1 Fairhaven,,0,11,shp-1-51,1,1
731010,1,4,1 Fairhaven,,0,11,shp-1-51,1,1
2239020,1,3,1 Fairhaven,,0,110,shp-1-51,1,1
127010,1,4,1 Fairhaven,,0,11,shp-1-51,1,1
1642020,1,3,1 Fairhaven,,0,11,shp-1-51,1,1
1254020,1,3,1 Fairhaven,,0,210,shp-1-51,1,1
2407070,1,2,1 Fairhaven,,0,1107,shp-1-51,1,1
1637090,1,1,1 Fairhaven,,0,210,shp-1-51,1,1
2195070,1,2,1 Fairhaven,,0,1107,shp-1-51,1,1
2646070,1,2,1 Fairhaven,,0,1107,shp-1-51,1,1
531010,1,4,1 Fairhaven,,0,11,shp-1-51,1,1
2410090,1,1,1 Fairhaven,,0,11,shp-1-51,1,1
2121020,1,3,1 Fairhaven,,0,11,shp-1-51,1,1
831090,1,1,1 Fairhaven,,0,110,shp-1-51,1,1
1642090,1,1,1 Fairhaven,,0,11,shp-1-51,1,1
2303010,1,4,1 Fairhaven,,0,11,shp-1-51,1,1
2162010,1,4,1 Fairhaven,,0,11,shp-1-51,1,1
1586090,10,1,10 Downtown,,1,110,shp-10-01,1,1
770020,10,3,10 Downtown,,1,110,shp-10-01,1,1
1201020,10,3,10 Downtown,,1,110,shp-10-01,1,1
2454020,10,3,10 Downtown,,1,110,shp-10-01,1,1
2454090,10,1,10 Downtown,,1,110,shp-10-01,1,1
1365090,10,1,10 Downtown,,1,110,shp-10-01,1,1
516090,10,1,10 Downtown,,1,110,shp-10-01,1,1
516020,10,3,10 Downtown,,1,110,shp-10-01,1,1
811090,10,1,10 Downtown,,1,110,shp-10-01,1,1
1826020,10,3,10 Downtown,,1,110,shp-10-01,1,1
554020,10,3,10 Downtown,,1,110,shp-10-01,1,1
1201090,10,1,10 Downtown,,1,110,shp-10-01,1,1
1586020,10,3,10 Downtown,,1,110,shp-10-01,1,1
770090,10,1,10 Downtown,,1,110,shp-10-01,1,1
554090,10,1,10 Downtown,,1,110,shp-10-01,1,1
811020,10,3,10 Downtown,,1,110,shp-10-01,1,1
2552020,10,3,10 Downtown,,1,110,shp-10-01,1,1
2267090,10,1,10 Downtown,,1,110,shp-10-01,1,1
2552090,10,1,10 Downtown,,1,110,shp-10-01,1,1
1826090,10,1,10 Downtown,,1,110,shp-10-01,1,1
2267020,10,3,10 Downtown,,1,110,shp-10-01,1,1
1365020,10,3,10 Downtown,,1,110,shp-10-01,1,1
186020,10,3,10 Eldridge,,0,110,shp-10-51,1,1
1061090,10,1,10 Eldridge,,0,110,shp-10-51,1,1
2113020,10,3,10 Eldridge,,0,110,shp-10-51,1,1
1901020,10,3,10 Eldridge,,0,110,shp-10-51,1,1
2113090,10,1,10 Eldridge,,0,110,shp-10-51,1,1
1812090,10,1,10 Eldridge,,0,110,shp-10-51,1,1
202020,10,3,10 Eldridge,,0,110,shp-10-51,1,1
2260090,10,1,10 Eldridge,,0,110,shp-10-51,1,1
2645020,10,3,10 Eldridge,,0,110,shp-10-51,1,1
1061020,10,3,10 Eldridge,,0,110,shp-10-51,1,1
1998090,10,1,10 Eldridge,,0,110,shp-10-51,1,1
1232020,10,3,10 Eldridge,,0,110,shp-10-51,1,1
1901090,10,1,10 Eldridge,,0,110,shp-10-51,1,1
1812020,10,3,10 Eldridge,,0,110,shp-10-51,1,1
1998020,10,3,10 Eldridge,,0,110,shp-10-51,1,1
2645090,10,1,10 Eldridge,,0,110,shp-10-51,1,1
2260020,10,3,10 Eldridge,,0,110,shp-10-51,1,1
1232090,10,1,10 Eldridge,,0,110,shp-10-51,1,1
186090,10,1,10 Eldridge,,0,110,shp-10-51,1,1
781090,10,1,10 Eldridge,,0,110,shp-10-51,1,1
202090,10,1,10 Eldridge,,0,110,shp-10-51,1,1
781020,10,3,10 Eldridge,,0,110,shp-10-51,1,1
1823070,105,2,105 32nd St,,0,43,shp-105-52,1,1
415020,105,3,105 32nd St,,0,43,shp-105-52,1,1
415090,105,1,105 32nd St,,0,43,shp-105-52,1,1
857070,105,2,105 Downtown,,1,23,shp-105-01,1,1
1085020,105,3,105 Downtown,,1,13,shp-105-01,1,1
977020,105,3,105 Downtown,,1,43,shp-105-03,1,1
2534090,105,1,105 Downtown,,1,33,shp-105-01,1,1
1290010,105,4,105 Downtown,,1,1105,shp-105-02,1,1
1579090,105,1,105 Downtown,,1,43,shp-105-02,1,1
507010,105,4,105 Downtown,,1,1105,shp-105-02,1,1
2414010,105,4,105 Downtown,,1,1105,shp-105-02,1,1
460010,105,4,105 Downtown,,1,1105,shp-105-02,1,1
930070,105,2,105 Downtown,,1,23,shp-105-01,1,1
1885020,105,3,105 Downtown,,1,43,shp-105-01,1,1
676010,105,4,105 Downtown,,1,1105,shp-105-02,1,1
1963020,105,3,105 Downtown,,1,43,shp-105-02,1,1
1085090,105,1,105 Downtown,,1,13,shp-105-01,1,1
394070,105,2,105 Downtown,,1,43,shp-105-02,1,1
1579020,105,3,105 Downtown,,1,43,shp-105-02,1,1
551020,105,3,105 Downtown,,1,23,shp-105-01,1,1
2179020,105,3,105 Downtown,,1,33,shp-105-01,1,1
2223020,105,3,105 Downtown,,1,43,shp-105-02,1,1
977090,105,1,105 Downtown,,1,43,shp-105-03,1,1
1197020,105,3,105 Downtown,,1,13,shp-105-01,1,1
1417020,105,3,105 Downtown,,1,23,shp-105-01,1,1
2526010,105,4,105 Downtown,,1,1105,shp-105-02,1,1
551090,105,1,105 Downtown,,1,23,shp-105-01,1,1
778070,105,2,105 Downtown,,1,43,shp-105-01,1,1
2205020,105,3,105 Downtown,,1,43,shp-105-02,1,1
2179090,105,1,105 Downtown,,1,33,shp-105-01,1,1
1325010,105,4,105 Downtown,,1,1105,shp-105-02,1,1
1417090,105,1,105 Downtown,,1,23,shp-105-01,1,1
2226070,105,2,105 Downtown,,1,33,shp-105-03,1,1
1963090,105,1,105 Downtown,,1,43,shp-105-02,1,1
1779070,105,2,105 Downtown,,1,43,shp-105-02,1,1
2201070,105,2,105 Downtown,,1,43,shp-105-02,1,1
156010,105,4,105 Downtown,,1,1105,shp-105-02,1,1
2467010,105,4,105 Downtown,,1,1105,shp-105-02,1,1
409010,105,4,105 Downtown,,1,1105,shp-105-02,1,1
2054070,105,2,105 Downtown,,1,13,shp-105-01,1,1
1423010,105,4,105 Downtown,,1,1105,shp-105-02,1,1
154010,105,4,105 Downtown,,1,1105,shp-105-02,1,1
2205090,105,1,105 Downtown,,1,43,shp-105-02,1,1
2177020,105,3,105 Downtown,,1,13,shp-105-01,1,1
1885090,105,1,105 Downtown,,1,43,shp-105-01,1,1
506020,105,3,105 Downtown,,1,23,shp-105-01,1,1
514070,105,2,105 Downtown,,1,33,shp-105-01,1,1
1919090,105,1,105 Downtown,,1,33,shp-105-01,1,1
290010,105,4,105 Downtown,,1,1105,shp-105-02,1,1
1919020,105,3,105 Downtown,,1,33,shp-105-01,1,1
1401010,105,4,105 Downtown,,1,1105,shp-105-03,1,1
2244070,105,2,105 Downtown,,1,43,shp-105-02,1,1
1846070,105,2,105 Downtown,,1,23,shp-105-01,1,1
1197090,105,1,105 Downtown,,1,13,shp-105-01,1,1
2177090,105,1,105 Downtown,,1,13,shp-105-01,1,1
2534020,105,3,105 Downtown,,1,33,shp-105-01,1,1
1273070,105,2,105 Downtown,,1,43,shp-105-01,1,1
506090,105,1,105 Downtown,,1,23,shp-105-01,1,1
1542070,105,2,105 Downtown,,1,13,shp-105-01,1,1
362020,105,3,105 Downtown,,1,43,shp-105-01,1,1
2276070,105,2,105 Downtown,,1,33,shp-105-01,1,1
921070,105,2,105 Downtown,,1,13,shp-105-01,1,1
362090,105,1,105 Downtown,,1,43,shp-105-01,1,1
2007010,105,4,105 Downtown,,1,1105,shp-105-02,1,1
2223090,105,1,105 Downtown,,1,43,shp-105-02,1,1
2123090,105,1,105 Fairhaven,,0,43,shp-105-53,1,1
1647010,105,4,105 Fairhaven,,0,1105,shp-105-53,1,1
1000070,105,2,105 Fairhaven,,0,23,shp-105-51,1,1
341020,105,3,105 Fairhaven,,0,13,shp-105-51,1,1
2353020,105,3,105 Fairhaven,,0,33,shp-105-51,1,1
1252010,105,4,105 Fairhaven,,0,1105,shp-105-53,1,1
1448010,105,4,105 Fairhaven,,0,1105,shp-105-53,1,1
2130090,105,1,105 Fairhaven,,0,43,shp-105-53,1,1
575010,105,4,105 Fairhaven,,0,1105,shp-105-53,1,1
2207070,105,2,105 Fairhaven,,0,43,shp-105-51,1,1
1466010,105,4,105 Fairhaven,,0,1105,shp-105-53,1,1
198020,105,3,105 Fairhaven,,0,23,shp-105-51,1,1
671090,105,1,105 Fairhaven,,0,43,shp-105-51,1,1
2198070,105,2,105 Fairhaven,,0,43,shp-105-51,1,1
1744090,105,1,105 Fairhaven,,0,23,shp-105-51,1,1
2132070,105,2,105 Fairhaven,,0,23,shp-105-51,1,1
361090,105,1,105 Fairhaven,,0,33,shp-105-51,1,1
2123020,105,3,105 Fairhaven,,0,43,shp-105-53,1,1
1168020,105,3,105 Fairhaven,,0,23,shp-105-51,1,1
1703020,105,3,105 Fairhaven,,0,13,shp-105-51,1,1
984070,105,2,105 Fairhaven,,0,43,shp-105-53,1,1
2138070,105,2,105 Fairhaven,,0,43,shp-105-53,1,1
2124020,105,3,105 Fairhaven,,0,13,shp-105-51,1,1
648070,105,2,105 Fairhaven,,0,13,shp-105-51,1,1
786070,105,2,105 Fairhaven,,0,13,shp-105-51,1,1
1168090,105,1,105 Fairhaven,,0,23,shp-105-51,1,1
404010,105,4,105 Fairhaven,,0,1105,shp-105-53,1,1
1369070,105,2,105 Fairhaven,,0,13,shp-105-51,1,1
353020,105,3,105 Fairhaven,,0,43,shp-105-53,1,1
1103010,105,4,105 Fairhaven,,0,1105,shp-105-53,1,1
2286090,105,1,105 Fairhaven,,0,33,shp-105-51,1,1
952010,105,4,105 Fairhaven,,0,1105,shp-105-53,1,1
1121010,105,4,105 Fairhaven,,0,1105,shp-105-53,1,1
361020,105,3,105 Fairhaven,,0,33,shp-105-51,1,1
104010,105,4,105 Fairhaven,,0,1105,shp-105-53,1,1
1422020,105,3,105 Fairhaven,,0,43,shp-105-53,1,1
1390070,105,2,105 Fairhaven,,0,33,shp-105-51,1,1
1703090,105,1,105 Fairhaven,,0,13,shp-105-51,1,1
671020,105,3,105 Fairhaven,,0,43,shp-105-51,1,1
620090,105,1,105 Fairhaven,,0,43,shp-105-51,1,1
341090,105,1,105 Fairhaven,,0,13,shp-105-51,1,1
353090,105,1,105 Fairhaven,,0,43,shp-105-53,1,1
198090,105,1,105 Fairhaven,,0,23,shp-105-51,1,1
249070,105,2,105 Fairhaven,,0,23,shp-105-51,1,1
2130020,105,3,105 Fairhaven,,0,43,shp-105-53,1,1
620020,105,3,105 Fairhaven,,0,43,shp-105-51,1,1
1744020,105,3,105 Fairhaven,,0,23,shp-105-51,1,1
2353090,105,1,105 Fairhaven,,0,33,shp-105-51,1,1
1422090,105,1,105 Fairhaven,,0,43,shp-105-53,1,1
2286020,105,3,105 Fairhaven,,0,33,shp-105-51,1,1
1204010,105,4,105 Fairhaven,,0,1105,shp-105-53,1,1
449010,105,4,105 Fairhaven,,0,1105,shp-105-53,1,1
2355010,105,4,105 Fairhaven,,0,1105,shp-105-53,1,1
1628070,105,2,105 Fairhaven,,0,43,shp-105-53,1,1
483070,105,2,105 Fairhaven,,0,43,shp-105-53,1,1
2124090,105,1,105 Fairhaven,,0,13,shp-105-51,1,1
679070,105,2,105 Fairhaven,,0,33,shp-105-51,1,1
2577020,105S,3,105S WWU,,1,1C,shp-105S-01,1,1
337020,105S,3,105S WWU,,1,1C,shp-105S-01,1,1
684020,105S,3,105S WWU,,1,1C,shp-105S-01,1,1
2572090,107,1,107 Downtown,,1,1107,shp-107-51,1,1
1301020,107,3,107 Downtown,,1,2107,shp-107-51,1,1
563020,107,3,107 Downtown,,1,2107,shp-107-51,1,1
563090,107,1,107 Downtown,,1,2107,shp-107-51,1,1
380070,107,2,107 Downtown,,1,1107,shp-107-51,1,1
280090,107,1,107 Downtown,,1,1107,shp-107-51,1,1
2257020,107,3,107 Downtown,,1,2107,shp-107-51,1,1
1717020,107,3,107 Downtown,,1,1107,shp-107-51,1,1
1301090,107,1,107 Downtown,,1,2107,shp-107-51,1,1
1389090,107,1,107 Downtown,,1,2107,shp-107-51,1,1
1728090,107,1,107 Downtown,,1,2107,shp-107-51,1,1
869090,107,1,107 Downtown,,1,1107,shp-107-51,1,1
2122070,107,2,107 Downtown,,1,1107,shp-107-51,1,1
1717090,107,1,107 Downtown,,1,1107,shp-107-51,1,1
1381070,107,2,107 Downtown,,1,1107,shp-107-51,1,1
869020,107,3,107 Downtown,,1,1107,shp-107-51,1,1
1314020,107,3,107 Downtown,,1,2107,shp-107-51,1,1
171090,107,1,107 Downtown,,1,1107,shp-107-51,1,1
1314090,107,1,107 Downtown,,1,2107,shp-107-51,1,1
1125070,107,2,107 Downtown,,1,1107,shp-107-51,1,1
2430070,107,2,107 Downtown,,1,1107,shp-107-51,1,1
733070,107,2,107 Downtown,,1,1107,shp-107-51,1,1
1400070,107,2,107 Downtown,,1,1107,shp-107-51,1,1
2572020,107,3,107 Downtown,,1,1107,shp-107-51,1,1
2257090,107,1,107 Downtown,,1,2107,shp-107-51,1,1
280020,107,3,107 Downtown,,1,1107,shp-107-51,1,1
107020,107,3,107 Downtown,,1,1107,shp-107-51,1,1
1728020,107,3,107 Downtown,,1,2107,shp-107-51,1,1
1389020,107,3,107 Downtown,,1,2107,shp-107-51,1,1
171020,107,3,107 Downtown,,1,1107,shp-107-51,1,1
2428070,107,2,107 Downtown,,1,1107,shp-107-51,1,1
558070,107,2,107 Downtown,,1,1107,shp-107-51,1,1
107090,107,1,107 Downtown,,1,1107,shp-107-51,1,1
1111070,107,2,107 Downtown,,1,1107,shp-107-51,1,1
281090,107,1,107 WWU/Samish,,0,2107,shp-107-01,1,1
2391020,107,3,107 WWU/Samish,,0,1107,shp-107-01,1,1
533090,107,1,107 WWU/Samish,,0,2107,shp-107-01,1,1
1237090,107,1,107 WWU/Samish,,0,1107,shp-107-01,1,1
533020,107,3,107 WWU/Samish,,0,2107,shp-107-01,1,1
1028070,107,2,107 WWU/Samish,,0,1107,shp-107-01,1,1
2604090,107,1,107 WWU/Samish,,0,2107,shp-107-01,1,1
2043090,107,1,107 WWU/Samish,,0,1107,shp-107-01,1,1
2273090,107,1,107 WWU/Samish,,0,1107,shp-107-01,1,1
865020,107,3,107 WWU/Samish,,0,2107,shp-107-01,1,1
2479020,107,3,107 WWU/Samish,,0,2107,shp-107-01,1,1
1237020,107,3,107 WWU/Samish,,0,1107,shp-107-01,1,1
1574070,107,2,107 WWU/Samish,,0,1107,shp-107-01,1,1
825070,107,2,107 WWU/Samish,,0,1107,shp-107-01,1,1
2479090,107,1,107 WWU/Samish,,0,2107,shp-107-01,1,1
1081070,107,2,107 WWU/Samish,,0,1107,shp-107-01,1,1
1397070,107,2,107 WWU/Samish,,0,1107,shp-107-01,1,1
1012070,107,2,107 WWU/Samish,,0,1107,shp-107-01,1,1
1091020,107,3,107 WWU/Samish,,0,1107,shp-107-01,1,1
223020,107,3,107 WWU/Samish,,0,2107,shp-107-01,1,1
2158070,107,2,107 WWU/Samish,,0,1107,shp-107-01,1,1
1813070,107,2,107 WWU/Samish,,0,1107,shp-107-01,1,1
23070,107,2,107 WWU/Samish,,0,1107,shp-107-01,1,1
2043020,107,3,107 WWU/Samish,,0,1107,shp-107-01,1,1
1091090,107,1,107 WWU/Samish,,0,1107,shp-107-01,1,1
2187090,107,1,107 WWU/Samish,,0,1107,shp-107-01,1,1
2604020,107,3,107 WWU/Samish,,0,2107,shp-107-01,1,1
223090,107,1,107 WWU/Samish,,0,2107,shp-107-01,1,1
2273020,107,3,107 WWU/Samish,,0,1107,shp-107-01,1,1
2115070,107,2,107 WWU/Samish,,0,1107,shp-107-01,1,1
281020,107,3,107 WWU/Samish,,0,2107,shp-107-01,1,1
865090,107,1,107 WWU/Samish,,0,2107,shp-107-01,1,1
2187020,107,3,107 WWU/Samish,,0,1107,shp-107-01,1,1
2391090,107,1,107 WWU/Samish,,0,1107,shp-107-01,1,1
1431090,108,1,108 Downtown,,1,1108,shp-108-51,1,1
1716020,108,3,108 Downtown,,1,1108,shp-108-51,1,1
2206090,108,1,108 Downtown,,1,1108,shp-108-51,1,1
673070,108,2,108 Downtown,,1,1196,shp-108-51,1,1
402020,108,3,108 Downtown,,1,1108,shp-108-51,1,1
126020,108,3,108 Downtown,,1,1108,shp-108-51,1,1
2392020,108,3,108 Downtown,,1,1108,shp-108-51,1,1
1740070,108,2,108 Downtown,,1,2196,shp-108-51,1,1
1272090,108,1,108 Downtown,,1,1108,shp-108-51,1,1
194090,108,1,108 Downtown,,1,1108,shp-108-51,1,1
1920020,108,3,108 Downtown,,1,1108,shp-108-51,1,1
1167090,108,1,108 Downtown,,1,1108,shp-108-51,1,1
1751090,108,1,108 Downtown,,1,1108,shp-108-51,1,1
737020,108,3,108 Downtown,,1,1108,shp-108-51,1,1
1272020,108,3,108 Downtown,,1,1108,shp-108-51,1,1
473020,108,3,108 Downtown,,1,1108,shp-108-51,1,1
1167020,108,3,108 Downtown,,1,1108,shp-108-51,1,1
1409020,108,3,108 Downtown,,1,1108,shp-108-51,1,1
1920090,108,1,108 Downtown,,1,1108,shp-108-51,1,1
870090,108,1,108 Downtown,,1,1108,shp-108-51,1,1
870020,108,3,108 Downtown,,1,1108,shp-108-51,1,1
330090,108,1,108 Downtown,,1,1108,shp-108-51,1,1
1409090,108,1,108 Downtown,,1,1108,shp-108-51,1,1
1051090,108,1,108 Downtown,,1,1108,shp-108-51,1,1
302070,108,2,108 Downtown,,1,2196,shp-108-51,1,1
1011020,108,3,108 Downtown,,1,1108,shp-108-51,1,1
34090,108,1,108 Downtown,,1,1108,shp-108-51,1,1
473090,108,1,108 Downtown,,1,1108,shp-108-51,1,1
1259070,108,2,108 Downtown,,1,2196,shp-108-51,1,1
2030070,108,2,108 Downtown,,1,1196,shp-108-51,1,1
844070,108,2,108 Downtown,,1,1196,shp-108-51,1,1
1431020,108,3,108 Downtown,,1,1108,shp-108-51,1,1
2626070,108,2,108 Downtown,,1,1196,shp-108-51,1,1
126090,108,1,108 Downtown,,1,1108,shp-108-51,1,1
1051020,108,3,108 Downtown,,1,1108,shp-108-51,1,1
964070,108,2,108 Downtown,,1,1196,shp-108-51,1,1
600020,108,3,108 Downtown,,1,1108,shp-108-51,1,1
34020,108,3,108 Downtown,,1,1108,shp-108-51,1,1
2392090,108,1,108 Downtown,,1,1108,shp-108-51,1,1
737090,108,1,108 Downtown,,1,1108,shp-108-51,1,1
1716090,108,1,108 Downtown,,1,1108,shp-108-51,1,1
1011090,108,1,108 Downtown,,1,1108,shp-108-51,1,1
2565070,108,2,108 Downtown,,1,2196,shp-108-51,1,1
600090,108,1,108 Downtown,,1,1108,shp-108-51,1,1
194020,108,3,108 Downtown,,1,1108,shp-108-51,1,1
1751020,108,3,108 Downtown,,1,1108,shp-108-51,1,1
402090,108,1,108 Downtown,,1,1108,shp-108-51,1,1
2206020,108,3,108 Downtown,,1,1108,shp-108-51,1,1
330020,108,3,108 Downtown,,1,1108,shp-108-51,1,1
728020,108,3,108 Downtown,,1,1108,shp-108-51,1,1
1476070,108,2,108 Downtown,,1,2196,shp-108-51,1,1
728090,108,1,108 Downtown,,1,1108,shp-108-51,1,1
742020,108,3,108 Samish/WWU,,0,1108,shp-108-01,1,1
2284020,108,3,108 Samish/WWU,,0,1108,shp-108-01,1,1
1392020,108,3,108 Samish/WWU,,0,1108,shp-108-01,1,1
2029020,108,3,108 Samish/WWU,,0,1108,shp-108-01,1,1
456090,108,1,108 Samish/WWU,,0,1108,shp-108-01,1,1
277090,108,1,108 Samish/WWU,,0,1108,shp-108-01,1,1
1674070,108,2,108 Samish/WWU,,0,1196,shp-108-01,1,1
653020,108,3,108 Samish/WWU,,0,1108,shp-108-01,1,1
1994070,108,2,108 Samish/WWU,,0,2196,shp-108-01,1,1
653090,108,1,108 Samish/WWU,,0,1108,shp-108-01,1,1
1392090,108,1,108 Samish/WWU,,0,1108,shp-108-01,1,1
1100020,108,3,108 Samish/WWU,,0,1108,shp-108-01,1,1
2284090,108,1,108 Samish/WWU,,0,1108,shp-108-01,1,1
1863070,108,2,108 Samish/WWU,,0,1196,shp-108-01,1,1
2019090,108,1,108 Samish/WWU,,0,1108,shp-108-01,1,1
389070,108,2,108 Samish/WWU,,0,2196,shp-108-01,1,1
2029090,108,1,108 Samish/WWU,,0,1108,shp-108-01,1,1
1689090,108,1,108 Samish/WWU,,0,1108,shp-108-01,1,1
42090,108,1,108 Samish/WWU,,0,1108,shp-108-01,1,1
456020,108,3,108 Samish/WWU,,0,1108,shp-108-01,1,1
1996090,108,1,108 Samish/WWU,,0,1108,shp-108-01,1,1
59090,108,1,108 Samish/WWU,,0,1108,shp-108-01,1,1
28090,108,1,108 Samish/WWU,,0,1108,shp-108-01,1,1
91070,108,2,108 Samish/WWU,,0,2196,shp-108-01,1,1
28020,108,3,108 Samish/WWU,,0,1108,shp-108-01,1,1
1893020,108,3,108 Samish/WWU,,0,1108,shp-108-01,1,1
277020,108,3,108 Samish/WWU,,0,1108,shp-108-01,1,1
812020,108,3,108 Samish/WWU,,0,1108,shp-108-01,1,1
1802090,108,1,108 Samish/WWU,,0,1108,shp-108-01,1,1
59020,108,3,108 Samish/WWU,,0,1108,shp-108-01,1,1
502020,108,3,108 Samish/WWU,,0,1108,shp-108-01,1,1
199070,108,2,108 Samish/WWU,,0,1196,shp-108-01,1,1
1375020,108,3,108 Samish/WWU,,0,1108,shp-108-01,1,1
701070,108,2,108 Samish/WWU,,0,1196,shp-108-01,1,1
1802020,108,3,108 Samish/WWU,,0,1108,shp-108-01,1,1
42020,108,3,108 Samish/WWU,,0,1108,shp-108-01,1,1
1686070,108,2,108 Samish/WWU,,0,1196,shp-108-01,1,1
502090,108,1,108 Samish/WWU,,0,1108,shp-108-01,1,1
1689020,108,3,108 Samish/WWU,,0,1108,shp-108-01,1,1
1100090,108,1,108 Samish/WWU,,0,1108,shp-108-01,1,1
1396090,108,1,108 Samish/WWU,,0,1108,shp-108-01,1,1
1375090,108,1,108 Samish/WWU,,0,1108,shp-108-01,1,1
2019020,108,3,108 Samish/WWU,,0,1108,shp-108-01,1,1
1996020,108,3,108 Samish/WWU,,0,1108,shp-108-01,1,1
812090,108,1,108 Samish/WWU,,0,1108,shp-108-01,1,1
742090,108,1,108 Samish/WWU,,0,1108,shp-108-01,1,1
1893090,108,1,108 Samish/WWU,,0,1108,shp-108-01,1,1
1580070,108,2,108 Samish/WWU,,0,2196,shp-108-01,1,1
2617070,108,2,108 Samish/WWU,,0,2196,shp-108-01,1,1
2421020,108,3,108 Samish/WWU,,0,1108,shp-108-01,1,1
1396020,108,3,108 Samish/WWU,,0,1108,shp-108-01,1,1
2421090,108,1,108 Samish/WWU,,0,1108,shp-108-01,1,1
1753090,14,1,14 Downtown via WWU,,1,214,shp-14-02,1,1
2214090,14,1,14 Downtown via WWU,,1,229,shp-14-01,1,1
152070,14,2,14 Downtown via WWU,,1,114,shp-14-02,1,1
1915010,14,4,14 Downtown via WWU,,1,214,shp-14-01,1,1
21070,14,2,14 Downtown via WWU,,1,214,shp-14-02,1,1
2290020,14,3,14 Downtown via WWU,,1,329,shp-14-02,1,1
3090,14,1,14 Downtown via WWU,,1,429,shp-14-02,1,1
1090010,14,4,14 Downtown via WWU,,1,214,shp-14-01,1,1
2290090,14,1,14 Downtown via WWU,,1,329,shp-14-02,1,1
783070,14,2,14 Downtown via WWU,,1,214,shp-14-02,1,1
2171020,14,3,14 Downtown via WWU,,1,429,shp-14-01,1,1
2531020,14,3,14 Downtown via WWU,,1,214,shp-14-02,1,1
71090,14,1,14 Downtown via WWU,,1,214,shp-14-02,1,1
1857090,14,1,14 Downtown via WWU,,1,129,shp-14-02,1,1
1711020,14,3,14 Downtown via WWU,,1,129,shp-14-02,1,1
378090,14,1,14 Downtown via WWU,,1,129,shp-14-02,1,1
61010,14,4,14 Downtown via WWU,,1,214,shp-14-01,1,1
2114070,14,2,14 Downtown via WWU,,1,129,shp-14-02,1,1
2171090,14,1,14 Downtown via WWU,,1,429,shp-14-01,1,1
2181090,14,1,14 Downtown via WWU,,1,114,shp-14-02,1,1
1685010,14,4,14 Downtown via WWU,,1,214,shp-14-01,1,1
318070,14,2,14 Downtown via WWU,,1,229,shp-14-02,1,1
1711090,14,1,14 Downtown via WWU,,1,129,shp-14-02,1,1
775010,14,4,14 Downtown via WWU,,1,114,shp-14-01,1,1
2305020,14,3,14 Downtown via WWU,,1,114,shp-14-02,1,1
1986020,14,3,14 Downtown via WWU,,1,214,shp-14-02,1,1
471070,14,2,14 Downtown via WWU,,1,214,shp-14-02,1,1
2531090,14,1,14 Downtown via WWU,,1,214,shp-14-02,1,1
4010,14,4,14 Downtown via WWU,,1,214,shp-14-01,1,1
1725070,14,2,14 Downtown via WWU,,1,229,shp-14-02,1,1
1687070,14,2,14 Downtown via WWU,,1,229,shp-14-02,1,1
1278070,14,2,14 Downtown via WWU,,1,129,shp-14-02,1,1
176020,14,3,14 Downtown via WWU,,1,329,shp-14-02,1,1
2336070,14,2,14 Downtown via WWU,,1,429,shp-14-01,1,1
295020,14,3,14 Downtown via WWU,,1,329,shp-14-02,1,1
343020,14,3,14 Downtown via WWU,,1,114,shp-14-02,1,1
657070,14,2,14 Downtown via WWU,,1,229,shp-14-02,1,1
2017090,14,1,14 Downtown via WWU,,1,329,shp-14-02,1,1
396020,14,3,14 Downtown via WWU,,1,129,shp-14-02,1,1
221070,14,2,14 Downtown via WWU,,1,129,shp-14-02,1,1
378020,14,3,14 Downtown via WWU,,1,129,shp-14-02,1,1
741090,14,1,14 Downtown via WWU,,1,229,shp-14-01,1,1
740010,14,4,14 Downtown via WWU,,1,214,shp-14-01,1,1
2518090,14,1,14 Downtown via WWU,,1,214,shp-14-02,1,1
1196070,14,2,14 Downtown via WWU,,1,329,shp-14-01,1,1
1211090,14,1,14 Downtown via WWU,,1,429,shp-14-01,1,1
2017020,14,3,14 Downtown via WWU,,1,329,shp-14-02,1,1
1065010,14,4,14 Downtown via WWU,,1,114,shp-14-01,1,1
176090,14,1,14 Downtown via WWU,,1,329,shp-14-02,1,1
1724070,14,2,14 Downtown via WWU,,1,429,shp-14-01,1,1
2518020,14,3,14 Downtown via WWU,,1,214,shp-14-02,1,1
2394090,14,1,14 Downtown via WWU,,1,114,shp-14-02,1,1
1607070,14,2,14 Downtown via WWU,,1,329,shp-14-01,1,1
239090,14,1,14 Downtown via WWU,,1,114,shp-14-02,1,1
1662020,14,3,14 Downtown via WWU,,1,129,shp-14-02,1,1
239020,14,3,14 Downtown via WWU,,1,114,shp-14-02,1,1
1623010,14,4,14 Downtown via WWU,,1,114,shp-14-01,1,1
1986090,14,1,14 Downtown via WWU,,1,214,shp-14-02,1,1
942010,14,4,14 Downtown via WWU,,1,214,shp-14-01,1,1
396090,14,1,14 Downtown via WWU,,1,129,shp-14-02,1,1
931070,14,2,14 Downtown via WWU,,1,129,shp-14-02,1,1
692070,14,2,14 Downtown via WWU,,1,114,shp-14-02,1,1
1788020,14,3,14 Downtown via WWU,,1,214,shp-14-02,1,1
1662090,14,1,14 Downtown via WWU,,1,129,shp-14-02,1,1
1783070,14,2,14 Downtown via WWU,,1,329,shp-14-02,1,1
2544090,14,1,14 Downtown via WWU,,1,329,shp-14-02,1,1
741020,14,3,14 Downtown via WWU,,1,229,shp-14-01,1,1
1788090,14,1,14 Downtown via WWU,,1,214,shp-14-02,1,1
1753020,14,3,14 Downtown via WWU,,1,214,shp-14-02,1,1
2214020,14,3,14 Downtown via WWU,,1,229,shp-14-01,1,1
307010,14,4,14 Downtown via WWU,,1,114,shp-14-01,1,1
2305090,14,1,14 Downtown via WWU,,1,114,shp-14-02,1,1
2181020,14,3,14 Downtown via WWU,,1,114,shp-14-02,1,1
1211020,14,3,14 Downtown via WWU,,1,429,shp-14-01,1,1
1827070,14,2,14 Downtown via WWU,,1,229,shp-14-02,1,1
601010,14,4,14 Downtown via WWU,,1,114,shp-14-01,1,1
1336070,14,2,14 Downtown via WWU,,1,114,shp-14-02,1,1
343090,14,1,14 Downtown via WWU,,1,114,shp-14-02,1,1
1165070,14,2,14 Downtown via WWU,,1,214,shp-14-02,1,1
489020,14,3,14 Downtown via WWU,,1,114,shp-14-02,1,1
1624010,14,4,14 Downtown via WWU,,1,114,shp-14-01,1,1
617070,14,2,14 Downtown via WWU,,1,114,shp-14-02,1,1
295090,14,1,14 Downtown via WWU,,1,329,shp-14-02,1,1
489090,14,1,14 Downtown via WWU,,1,114,shp-14-02,1,1
1216010,14,4,14 Downtown via WWU,,1,114,shp-14-01,1,1
746090,14,1,14 Downtown via WWU,,1,229,shp-14-02,1,1
464070,14,2,14 Downtown via WWU,,1,429,shp-14-02,1,1
2544020,14,3,14 Downtown via WWU,,1,329,shp-14-02,1,1
2319070,14,2,14 Downtown via WWU,,1,114,shp-14-02,1,1
1857020,14,3,14 Downtown via WWU,,1,129,shp-14-02,1,1
1752070,14,2,14 Downtown via WWU,,1,214,shp-14-02,1,1
3020,14,3,14 Downtown via WWU,,1,429,shp-14-02,1,1
71020,14,3,14 Downtown via WWU,,1,214,shp-14-02,1,1
2394020,14,3,14 Downtown via WWU,,1,114,shp-14-02,1,1
746020,14,3,14 Downtown via WWU,,1,229,shp-14-02,1,1
243090,14,1,14 Fairhaven via WWU,,0,429,shp-14-52,1,1
2074020,14,3,14 Fairhaven via WWU,,0,229,shp-14-51,1,1
165090,14,1,14 Fairhaven via WWU,,0,214,shp-14-52,1,1
2568090,14,1,14 Fairhaven via WWU,,0,114,shp-14-52,1,1
607090,14,1,14 Fairhaven via WWU,,0,214,shp-14-52,1,1
1852090,14,1,14 Fairhaven via WWU,,0,129,shp-14-52,1,1
1925010,14,4,14 Fairhaven via WWU,,0,214,shp-14-51,1,1
322010,14,4,14 Fairhaven via WWU,,0,114,shp-14-51,1,1
2491020,14,3,14 Fairhaven via WWU,,0,429,shp-14-51,1,1
618090,14,1,14 Fairhaven via WWU,,0,114,shp-14-52,1,1
947090,14,1,14 Fairhaven via WWU,,0,229,shp-14-51,1,1
1926070,14,2,14 Fairhaven via WWU,,0,214,shp-14-52,1,1
596090,14,1,14 Fairhaven via WWU,,0,229,shp-14-52,1,1
1621010,14,4,14 Fairhaven via WWU,,0,214,shp-14-51,1,1
2468010,14,4,14 Fairhaven via WWU,,0,214,shp-14-51,1,1
103070,14,2,14 Fairhaven via WWU,,0,429,shp-14-52,1,1
1376010,14,4,14 Fairhaven via WWU,,0,114,shp-14-51,1,1
2568020,14,3,14 Fairhaven via WWU,,0,114,shp-14-52,1,1
1519020,14,3,14 Fairhaven via WWU,,0,329,shp-14-52,1,1
1978020,14,3,14 Fairhaven via WWU,,0,214,shp-14-52,1,1
739020,14,3,14 Fairhaven via WWU,,0,329,shp-14-52,1,1
2486070,14,2,14 Fairhaven via WWU,,0,129,shp-14-52,1,1
982090,14,1,14 Fairhaven via WWU,,0,114,shp-14-52,1,1
1519090,14,1,14 Fairhaven via WWU,,0,329,shp-14-52,1,1
383020,14,3,14 Fairhaven via WWU,,0,329,shp-14-52,1,1
1457020,14,3,14 Fairhaven via WWU,,0,129,shp-14-52,1,1
243020,14,3,14 Fairhaven via WWU,,0,429,shp-14-52,1,1
1644010,14,4,14 Fairhaven via WWU,,0,114,shp-14-51,1,1
982020,14,3,14 Fairhaven via WWU,,0,114,shp-14-52,1,1
1871090,14,1,14 Fairhaven via WWU,,0,114,shp-14-52,1,1
1852020,14,3,14 Fairhaven via WWU,,0,129,shp-14-52,1,1
2435070,14,2,14 Fairhaven via WWU,,0,129,shp-14-52,1,1
1457090,14,1,14 Fairhaven via WWU,,0,129,shp-14-52,1,1
2630010,14,4,14 Fairhaven via WWU,,0,114,shp-14-51,1,1
222070,14,2,14 Fairhaven via WWU,,0,214,shp-14-52,1,1
1034020,14,3,14 Fairhaven via WWU,,0,114,shp-14-52,1,1
1855070,14,2,14 Fairhaven via WWU,,0,129,shp-14-52,1,1
947020,14,3,14 Fairhaven via WWU,,0,229,shp-14-51,1,1
2605020,14,3,14 Fairhaven via WWU,,0,214,shp-14-52,1,1
347070,14,2,14 Fairhaven via WWU,,0,229,shp-14-52,1,1
1820010,14,4,14 Fairhaven via WWU,,0,214,shp-14-51,1,1
1904020,14,3,14 Fairhaven via WWU,,0,329,shp-14-52,1,1
1127070,14,2,14 Fairhaven via WWU,,0,114,shp-14-52,1,1
1799070,14,2,14 Fairhaven via WWU,,0,214,shp-14-52,1,1
2370070,14,2,14 Fairhaven via WWU,,0,114,shp-14-52,1,1
1021020,14,3,14 Fairhaven via WWU,,0,129,shp-14-52,1,1
383090,14,1,14 Fairhaven via WWU,,0,329,shp-14-52,1,1
748010,14,4,14 Fairhaven via WWU,,0,214,shp-14-51,1,1
69070,14,2,14 Fairhaven via WWU,,0,229,shp-14-52,1,1
266070,14,2,14 Fairhaven via WWU,,0,214,shp-14-52,1,1
1200020,14,3,14 Fairhaven via WWU,,0,429,shp-14-51,1,1
682010,14,4,14 Fairhaven via WWU,,0,114,shp-14-51,1,1
35070,14,2,14 Fairhaven via WWU,,0,129,shp-14-52,1,1
1913020,14,3,14 Fairhaven via WWU,,0,329,shp-14-52,1,1
1631070,14,2,14 Fairhaven via WWU,,0,229,shp-14-52,1,1
618020,14,3,14 Fairhaven via WWU,,0,114,shp-14-52,1,1
739090,14,1,14 Fairhaven via WWU,,0,329,shp-14-52,1,1
160070,14,2,14 Fairhaven via WWU,,0,229,shp-14-52,1,1
1676070,14,2,14 Fairhaven via WWU,,0,329,shp-14-52,1,1
2074090,14,1,14 Fairhaven via WWU,,0,229,shp-14-51,1,1
2373010,14,4,14 Fairhaven via WWU,,0,114,shp-14-51,1,1
2491090,14,1,14 Fairhaven via WWU,,0,429,shp-14-51,1,1
1939020,14,3,14 Fairhaven via WWU,,0,129,shp-14-52,1,1
1871020,14,3,14 Fairhaven via WWU,,0,114,shp-14-52,1,1
1679010,14,4,14 Fairhaven via WWU,,0,214,shp-14-51,1,1
1939090,14,1,14 Fairhaven via WWU,,0,129,shp-14-52,1,1
596020,14,3,14 Fairhaven via WWU,,0,229,shp-14-52,1,1
2605090,14,1,14 Fairhaven via WWU,,0,214,shp-14-52,1,1
2095020,14,3,14 Fairhaven via WWU,,0,114,shp-14-52,1,1
1410010,14,4,14 Fairhaven via WWU,,0,114,shp-14-51,1,1
907020,14,3,14 Fairhaven via WWU,,0,214,shp-14-52,1,1
2301020,14,3,14 Fairhaven via WWU,,0,214,shp-14-52,1,1
1258070,14,2,14 Fairhaven via WWU,,0,429,shp-14-51,1,1
2559070,14,2,14 Fairhaven via WWU,,0,329,shp-14-51,1,1
2254070,14,2,14 Fairhaven via WWU,,0,329,shp-14-51,1,1
905070,14,2,14 Fairhaven via WWU,,0,114,shp-14-52,1,1
723090,14,1,14 Fairhaven via WWU,,0,129,shp-14-52,1,1
165020,14,3,14 Fairhaven via WWU,,0,214,shp-14-52,1,1
907090,14,1,14 Fairhaven via WWU,,0,214,shp-14-52,1,1
358070,14,2,14 Fairhaven via WWU,,0,114,shp-14-52,1,1
941070,14,2,14 Fairhaven via WWU,,0,214,shp-14-52,1,1
1021090,14,1,14 Fairhaven via WWU,,0,129,shp-14-52,1,1
1978090,14,1,14 Fairhaven via WWU,,0,214,shp-14-52,1,1
1824070,14,2,14 Fairhaven via WWU,,0,114,shp-14-52,1,1
1034090,14,1,14 Fairhaven via WWU,,0,114,shp-14-52,1,1
2095090,14,1,14 Fairhaven via WWU,,0,114,shp-14-52,1,1
607020,14,3,14 Fairhaven via WWU,,0,214,shp-14-52,1,1
1904090,14,1,14 Fairhaven via WWU,,0,329,shp-14-52,1,1
254010,14,4,14 Fairhaven via WWU,,0,214,shp-14-51,1,1
2301090,14,1,14 Fairhaven via WWU,,0,214,shp-14-52,1,1
1913090,14,1,14 Fairhaven via WWU,,0,329,shp-14-52,1,1
723020,14,3,14 Fairhaven via WWU,,0,129,shp-14-52,1,1
2383070,14,2,14 Fairhaven via WWU,,0,229,shp-14-52,1,1
1200090,14,1,14 Fairhaven via WWU,,0,429,shp-14-51,1,1
340070,14,2,14 Fairhaven via WWU,,0,429,shp-14-51,1,1
1260020,14S,3,14S WWU,,1,1A,shp-14S-02,1,1
1134020,14S,3,14S WWU,,0,1A,shp-14S-51,1,1
2325020,14S,3,14S WWU,,0,1A,shp-14S-51,1,1
1152020,14S,3,14S WWU,,1,1A,shp-14S-02,1,1
1655020,14S,3,14S WWU,,0,1A,shp-14S-51,1,1
123020,14S,3,14S WWU,,0,1A,shp-14S-51,1,1
1492020,14S,3,14S WWU,,0,1A,shp-14S-51,1,1
1284020,14S,3,14S WWU,,1,1A,shp-14S-02,1,1
860020,15,3,15 Cordata/WCC,,1,329,shp-15-01,1,1
1882070,15,2,15 Cordata/WCC,,1,129,shp-15-01,1,1
2602090,15,1,15 Cordata/WCC,,1,214,shp-15-01,1,1
1900020,15,3,15 Cordata/WCC,,1,129,shp-15-01,1,1
1841090,15,1,15 Cordata/WCC,,1,114,shp-15-01,1,1
320090,15,1,15 Cordata/WCC,,1,214,shp-15-01,1,1
2601090,15,1,15 Cordata/WCC,,1,329,shp-15-01,1,1
1979090,15,1,15 Cordata/WCC,,1,214,shp-15-01,1,1
1900090,15,1,15 Cordata/WCC,,1,129,shp-15-01,1,1
286070,15,2,15 Cordata/WCC,,1,114,shp-15-01,1,1
1119020,15,3,15 Cordata/WCC,,1,214,shp-15-01,1,1
1927090,15,1,15 Cordata/WCC,,1,114,shp-15-01,1,1
2119010,15,4,15 Cordata/WCC,,1,214,shp-15-01,1,1
1458020,15,3,15 Cordata/WCC,,1,329,shp-15-01,1,1
2597020,15,3,15 Cordata/WCC,,1,229,shp-15-01,1,1
102070,15,2,15 Cordata/WCC,,1,129,shp-15-01,1,1
743010,15,4,15 Cordata/WCC,,1,114,shp-15-01,1,1
320020,15,3,15 Cordata/WCC,,1,214,shp-15-01,1,1
1617090,15,1,15 Cordata/WCC,,1,229,shp-15-01,1,1
2088010,15,4,15 Cordata/WCC,,1,114,shp-15-01,1,1
2118090,15,1,15 Cordata/WCC,,1,229,shp-15-01,1,1
1817020,15,3,15 Cordata/WCC,,1,114,shp-15-01,1,1
2464020,15,3,15 Cordata/WCC,,1,329,shp-15-01,1,1
298020,15,3,15 Cordata/WCC,,1,129,shp-15-01,1,1
1209090,15,1,15 Cordata/WCC,,1,129,shp-15-01,1,1
642020,15,3,15 Cordata/WCC,,1,429,shp-15-01,1,1
1953090,15,1,15 Cordata/WCC,,1,214,shp-15-01,1,1
1841020,15,3,15 Cordata/WCC,,1,114,shp-15-01,1,1
1107070,15,2,15 Cordata/WCC,,1,114,shp-15-01,1,1
2569070,15,2,15 Cordata/WCC,,1,129,shp-15-01,1,1
1074090,15,1,15 Cordata/WCC,,1,214,shp-15-01,1,1
830090,15,1,15 Cordata/WCC,,1,114,shp-15-01,1,1
2570020,15,3,15 Cordata/WCC,,1,129,shp-15-01,1,1
804070,15,2,15 Cordata/WCC,,1,214,shp-15-01,1,1
47010,15,4,15 Cordata/WCC,,1,114,shp-15-01,1,1
2587090,15,1,15 Cordata/WCC,,1,429,shp-15-01,1,1
1922070,15,2,15 Cordata/WCC,,1,114,shp-15-01,1,1
1953020,15,3,15 Cordata/WCC,,1,214,shp-15-01,1,1
663020,15,3,15 Cordata/WCC,,1,129,shp-15-01,1,1
1549070,15,2,15 Cordata/WCC,,1,114,shp-15-01,1,1
2272070,15,2,15 Cordata/WCC,,1,229,shp-15-01,1,1
1458090,15,1,15 Cordata/WCC,,1,329,shp-15-01,1,1
1264070,15,2,15 Cordata/WCC,,1,229,shp-15-01,1,1
1760010,15,4,15 Cordata/WCC,,1,114,shp-15-01,1,1
2575010,15,4,15 Cordata/WCC,,1,214,shp-15-01,1,1
969070,15,2,15 Cordata/WCC,,1,229,shp-15-01,1,1
1119090,15,1,15 Cordata/WCC,,1,214,shp-15-01,1,1
706070,15,2,15 Cordata/WCC,,1,229,shp-15-01,1,1
2580010,15,4,15 Cordata/WCC,,1,214,shp-15-01,1,1
2597090,15,1,15 Cordata/WCC,,1,229,shp-15-01,1,1
2419070,15,2,15 Cordata/WCC,,1,429,shp-15-01,1,1
663090,15,1,15 Cordata/WCC,,1,129,shp-15-01,1,1
2362010,15,4,15 Cordata/WCC,,1,114,shp-15-01,1,1
695070,15,2,15 Cordata/WCC,,1,129,shp-15-01,1,1
2570090,15,1,15 Cordata/WCC,,1,129,shp-15-01,1,1
962070,15,2,15 Cordata/WCC,,1,429,shp-15-01,1,1
2072070,15,2,15 Cordata/WCC,,1,329,shp-15-01,1,1
2522070,15,2,15 Cordata/WCC,,1,214,shp-15-01,1,1
1723070,15,2,15 Cordata/WCC,,1,329,shp-15-01,1,1
2602020,15,3,15 Cordata/WCC,,1,214,shp-15-01,1,1
860090,15,1,15 Cordata/WCC,,1,329,shp-15-01,1,1
1766070,15,2,15 Cordata/WCC,,1,114,shp-15-01,1,1
1074020,15,3,15 Cordata/WCC,,1,214,shp-15-01,1,1
1817090,15,1,15 Cordata/WCC,,1,114,shp-15-01,1,1
1617020,15,3,15 Cordata/WCC,,1,229,shp-15-01,1,1
1518020,15,3,15 Cordata/WCC,,1,329,shp-15-01,1,1
257010,15,4,15 Cordata/WCC,,1,214,shp-15-01,1,1
1818070,15,2,15 Cordata/WCC,,1,329,shp-15-01,1,1
89070,15,2,15 Cordata/WCC,,1,129,shp-15-01,1,1
298090,15,1,15 Cordata/WCC,,1,129,shp-15-01,1,1
1402090,15,1,15 Cordata/WCC,,1,114,shp-15-01,1,1
2583070,15,2,15 Cordata/WCC,,1,214,shp-15-01,1,1
1236020,15,3,15 Cordata/WCC,,1,114,shp-15-01,1,1
436070,15,2,15 Cordata/WCC,,1,214,shp-15-01,1,1
427090,15,1,15 Cordata/WCC,,1,329,shp-15-01,1,1
2601020,15,3,15 Cordata/WCC,,1,329,shp-15-01,1,1
830020,15,3,15 Cordata/WCC,,1,114,shp-15-01,1,1
1979020,15,3,15 Cordata/WCC,,1,214,shp-15-01,1,1
2118020,15,3,15 Cordata/WCC,,1,229,shp-15-01,1,1
1518090,15,1,15 Cordata/WCC,,1,329,shp-15-01,1,1
1209020,15,3,15 Cordata/WCC,,1,129,shp-15-01,1,1
983010,15,4,15 Cordata/WCC,,1,114,shp-15-01,1,1
1927020,15,3,15 Cordata/WCC,,1,114,shp-15-01,1,1
2014010,15,4,15 Cordata/WCC,,1,214,shp-15-01,1,1
2587020,15,3,15 Cordata/WCC,,1,429,shp-15-01,1,1
1180010,15,4,15 Cordata/WCC,,1,214,shp-15-01,1,1
863070,15,2,15 Cordata/WCC,,1,229,shp-15-01,1,1
427020,15,3,15 Cordata/WCC,,1,329,shp-15-01,1,1
642090,15,1,15 Cordata/WCC,,1,429,shp-15-01,1,1
2464090,15,1,15 Cordata/WCC,,1,329,shp-15-01,1,1
1236090,15,1,15 Cordata/WCC,,1,114,shp-15-01,1,1
2451070,15,2,15 Cordata/WCC,,1,214,shp-15-01,1,1
1402020,15,3,15 Cordata/WCC,,1,114,shp-15-01,1,1
226090,15,1,15 Downtown,,0,329,shp-15-51,1,1
2563010,15,4,15 Downtown,,0,114,shp-15-51,1,1
1545020,15,3,15 Downtown,,0,129,shp-15-51,1,1
1951020,15,3,15 Downtown,,0,329,shp-15-51,1,1
2638020,15,3,15 Downtown,,0,214,shp-15-51,1,1
1249010,15,4,15 Downtown,,0,114,shp-15-51,1,1
2326010,15,4,15 Downtown,,0,114,shp-15-51,1,1
68090,15,1,15 Downtown,,0,214,shp-15-51,1,1
1343090,15,1,15 Downtown,,0,229,shp-15-51,1,1
873070,15,2,15 Downtown,,0,129,shp-15-51,1,1
2079020,15,3,15 Downtown,,0,329,shp-15-51,1,1
83020,15,3,15 Downtown,,0,114,shp-15-51,1,1
1825020,15,3,15 Downtown,,0,129,shp-15-51,1,1
939020,15,3,15 Downtown,,0,114,shp-15-51,1,1
1391020,15,3,15 Downtown,,0,329,shp-15-51,1,1
1032070,15,2,15 Downtown,,0,229,shp-15-51,1,1
1948020,15,3,15 Downtown,,0,329,shp-15-51,1,1
481020,15,3,15 Downtown,,0,214,shp-15-51,1,1
128090,15,1,15 Downtown,,0,114,shp-15-51,1,1
2378090,15,1,15 Downtown,,0,429,shp-15-51,1,1
1505090,15,1,15 Downtown,,0,329,shp-15-51,1,1
2378020,15,3,15 Downtown,,0,429,shp-15-51,1,1
2020070,15,2,15 Downtown,,0,114,shp-15-51,1,1
1131090,15,1,15 Downtown,,0,129,shp-15-51,1,1
1545090,15,1,15 Downtown,,0,129,shp-15-51,1,1
680020,15,3,15 Downtown,,0,129,shp-15-51,1,1
1186070,15,2,15 Downtown,,0,229,shp-15-51,1,1
680090,15,1,15 Downtown,,0,129,shp-15-51,1,1
2050070,15,2,15 Downtown,,0,129,shp-15-51,1,1
853070,15,2,15 Downtown,,0,129,shp-15-51,1,1
1123020,15,3,15 Downtown,,0,114,shp-15-51,1,1
1526090,15,1,15 Downtown,,0,214,shp-15-51,1,1
2079090,15,1,15 Downtown,,0,329,shp-15-51,1,1
481090,15,1,15 Downtown,,0,214,shp-15-51,1,1
1467070,15,2,15 Downtown,,0,429,shp-15-51,1,1
43010,15,4,15 Downtown,,0,114,shp-15-51,1,1
83090,15,1,15 Downtown,,0,114,shp-15-51,1,1
939090,15,1,15 Downtown,,0,114,shp-15-51,1,1
660070,15,2,15 Downtown,,0,214,shp-15-51,1,1
1212010,15,4,15 Downtown,,0,114,shp-15-51,1,1
649070,15,2,15 Downtown,,0,229,shp-15-51,1,1
1319070,15,2,15 Downtown,,0,114,shp-15-51,1,1
1627090,15,1,15 Downtown,,0,129,shp-15-51,1,1
2600070,15,2,15 Downtown,,0,229,shp-15-51,1,1
2471070,15,2,15 Downtown,,0,229,shp-15-51,1,1
2433010,15,4,15 Downtown,,0,214,shp-15-51,1,1
2536070,15,2,15 Downtown,,0,114,shp-15-51,1,1
646020,15,3,15 Downtown,,0,229,shp-15-51,1,1
1039020,15,3,15 Downtown,,0,114,shp-15-51,1,1
1692070,15,2,15 Downtown,,0,129,shp-15-51,1,1
808070,15,2,15 Downtown,,0,329,shp-15-51,1,1
1825090,15,1,15 Downtown,,0,129,shp-15-51,1,1
283070,15,2,15 Downtown,,0,114,shp-15-51,1,1
610020,15,3,15 Downtown,,0,214,shp-15-51,1,1
226020,15,3,15 Downtown,,0,329,shp-15-51,1,1
1075070,15,2,15 Downtown,,0,214,shp-15-51,1,1
1951090,15,1,15 Downtown,,0,329,shp-15-51,1,1
1526020,15,3,15 Downtown,,0,214,shp-15-51,1,1
1123090,15,1,15 Downtown,,0,114,shp-15-51,1,1
2638090,15,1,15 Downtown,,0,214,shp-15-51,1,1
1948090,15,1,15 Downtown,,0,329,shp-15-51,1,1
1874020,15,3,15 Downtown,,0,129,shp-15-51,1,1
774010,15,4,15 Downtown,,0,214,shp-15-51,1,1
68020,15,3,15 Downtown,,0,214,shp-15-51,1,1
1572010,15,4,15 Downtown,,0,214,shp-15-51,1,1
2335070,15,2,15 Downtown,,0,429,shp-15-51,1,1
1155070,15,2,15 Downtown,,0,214,shp-15-51,1,1
1039090,15,1,15 Downtown,,0,114,shp-15-51,1,1
1343020,15,3,15 Downtown,,0,229,shp-15-51,1,1
1327020,15,3,15 Downtown,,0,114,shp-15-51,1,1
2369070,15,2,15 Downtown,,0,329,shp-15-51,1,1
813090,15,1,15 Downtown,,0,429,shp-15-51,1,1
128020,15,3,15 Downtown,,0,114,shp-15-51,1,1
2484070,15,2,15 Downtown,,0,114,shp-15-51,1,1
1947010,15,4,15 Downtown,,0,214,shp-15-51,1,1
1250010,15,4,15 Downtown,,0,114,shp-15-51,1,1
147070,15,2,15 Downtown,,0,214,shp-15-51,1,1
1874090,15,1,15 Downtown,,0,129,shp-15-51,1,1
387070,15,2,15 Downtown,,0,214,shp-15-51,1,1
1490070,15,2,15 Downtown,,0,129,shp-15-51,1,1
1627020,15,3,15 Downtown,,0,129,shp-15-51,1,1
1327090,15,1,15 Downtown,,0,114,shp-15-51,1,1
813020,15,3,15 Downtown,,0,429,shp-15-51,1,1
646090,15,1,15 Downtown,,0,229,shp-15-51,1,1
1391090,15,1,15 Downtown,,0,329,shp-15-51,1,1
1046010,15,4,15 Downtown,,0,214,shp-15-51,1,1
504010,15,4,15 Downtown,,0,214,shp-15-51,1,1
610090,15,1,15 Downtown,,0,214,shp-15-51,1,1
1505020,15,3,15 Downtown,,0,329,shp-15-51,1,1
1131020,15,3,15 Downtown,,0,129,shp-15-51,1,1
944010,18,4,18 Cordata/WCC,,1,218,shp-18-01,1,1
1116090,18,1,18 Cordata/WCC,,1,118,shp-18-01,1,1
1654070,18,2,18 Cordata/WCC,,1,218,shp-18-01,1,1
1116020,18,3,18 Cordata/WCC,,1,118,shp-18-01,1,1
2357090,18,1,18 Cordata/WCC,,1,218,shp-18-01,1,1
2357020,18,3,18 Cordata/WCC,,1,218,shp-18-01,1,1
2439010,18,4,18 Cordata/WCC,,1,218,shp-18-01,1,1
300070,18,2,18 Cordata/WCC,,1,218,shp-18-01,1,1
74070,18,2,18 Cordata/WCC,,1,218,shp-18-01,1,1
895020,18,3,18 Cordata/WCC,,1,218,shp-18-01,1,1
418090,18,1,18 Cordata/WCC,,1,218,shp-18-01,1,1
895090,18,1,18 Cordata/WCC,,1,218,shp-18-01,1,1
1546020,18,3,18 Cordata/WCC,,1,218,shp-18-01,1,1
651070,18,2,18 Cordata/WCC,,1,118,shp-18-01,1,1
913090,18,1,18 Cordata/WCC,,1,218,shp-18-01,1,1
1020070,18,2,18 Cordata/WCC,,1,218,shp-18-01,1,1
929090,18,1,18 Cordata/WCC,,1,118,shp-18-01,1,1
139010,18,4,18 Cordata/WCC,,1,218,shp-18-01,1,1
418020,18,3,18 Cordata/WCC,,1,218,shp-18-01,1,1
803070,18,2,18 Cordata/WCC,,1,218,shp-18-01,1,1
2317010,18,4,18 Cordata/WCC,,1,118,shp-18-01,1,1
1867070,18,2,18 Cordata/WCC,,1,118,shp-18-01,1,1
1025070,18,2,18 Cordata/WCC,,1,218,shp-18-01,1,1
321090,18,1,18 Cordata/WCC,,1,118,shp-18-01,1,1
802010,18,4,18 Cordata/WCC,,1,118,shp-18-01,1,1
929020,18,3,18 Cordata/WCC,,1,118,shp-18-01,1,1
1536090,18,1,18 Cordata/WCC,,1,118,shp-18-01,1,1
1536020,18,3,18 Cordata/WCC,,1,118,shp-18-01,1,1
2065070,18,2,18 Cordata/WCC,,1,118,shp-18-01,1,1
2217020,18,3,18 Cordata/WCC,,1,118,shp-18-01,1,1
2217090,18,1,18 Cordata/WCC,,1,118,shp-18-01,1,1
694020,18,3,18 Cordata/WCC,,1,118,shp-18-01,1,1
567010,18,4,18 Cordata/WCC,,1,118,shp-18-01,1,1
661070,18,2,18 Cordata/WCC,,1,118,shp-18-01,1,1
1765090,18,1,18 Cordata/WCC,,1,218,shp-18-01,1,1
694090,18,1,18 Cordata/WCC,,1,118,shp-18-01,1,1
1721010,18,4,18 Cordata/WCC,,1,218,shp-18-01,1,1
1681020,18,3,18 Cordata/WCC,,1,218,shp-18-01,1,1
900010,18,4,18 Cordata/WCC,,1,118,shp-18-01,1,1
1681090,18,1,18 Cordata/WCC,,1,218,shp-18-01,1,1
1765020,18,3,18 Cordata/WCC,,1,218,shp-18-01,1,1
913020,18,3,18 Cordata/WCC,,1,218,shp-18-01,1,1
1618070,18,2,18 Cordata/WCC,,1,118,shp-18-01,1,1
1850010,18,4,18 Cordata/WCC,,1,118,shp-18-01,1,1
1743010,18,4,18 Cordata/WCC,,1,218,shp-18-01,1,1
1784010,18,4,18 Cordata/WCC,,1,218,shp-18-01,1,1
1546090,18,1,18 Cordata/WCC,,1,218,shp-18-01,1,1
321020,18,3,18 Cordata/WCC,,1,118,shp-18-01,1,1
1767070,18,2,18 Cordata/WCC,,1,118,shp-18-01,1,1
2539070,18,2,18 Hospital,,0,218,shp-18-51,1,1
2008090,18,1,18 Hospital,,0,218,shp-18-51,1,1
2155010,18,4,18 Hospital,,0,118,shp-18-51,1,1
1339010,18,4,18 Hospital,,0,218,shp-18-51,1,1
399020,18,3,18 Hospital,,0,218,shp-18-51,1,1
1796090,18,1,18 Hospital,,0,218,shp-18-51,1,1
2513010,18,4,18 Hospital,,0,218,shp-18-51,1,1
2535090,18,1,18 Hospital,,0,218,shp-18-51,1,1
2005070,18,2,18 Hospital,,0,218,shp-18-51,1,1
2278010,18,4,18 Hospital,,0,218,shp-18-51,1,1
637010,18,4,18 Hospital,,0,218,shp-18-51,1,1
336010,18,4,18 Hospital,,0,118,shp-18-51,1,1
593090,18,1,18 Hospital,,0,118,shp-18-51,1,1
2637070,18,2,18 Hospital,,0,218,shp-18-51,1,1
1385010,18,4,18 Hospital,,0,118,shp-18-51,1,1
1142070,18,2,18 Hospital,,0,218,shp-18-51,1,1
1547090,18,1,18 Hospital,,0,218,shp-18-51,1,1
1796020,18,3,18 Hospital,,0,218,shp-18-51,1,1
2089010,18,4,18 Hospital,,0,218,shp-18-51,1,1
593020,18,3,18 Hospital,,0,118,shp-18-51,1,1
33020,18,3,18 Hospital,,0,118,shp-18-51,1,1
1861020,18,3,18 Hospital,,0,218,shp-18-51,1,1
496070,18,2,18 Hospital,,0,118,shp-18-51,1,1
2067090,18,1,18 Hospital,,0,218,shp-18-51,1,1
800070,18,2,18 Hospital,,0,218,shp-18-51,1,1
439070,18,2,18 Hospital,,0,218,shp-18-51,1,1
1547020,18,3,18 Hospital,,0,218,shp-18-51,1,1
2497010,18,4,18 Hospital,,0,118,shp-18-51,1,1
1918020,18,3,18 Hospital,,0,118,shp-18-51,1,1
2067020,18,3,18 Hospital,,0,218,shp-18-51,1,1
832090,18,1,18 Hospital,,0,118,shp-18-51,1,1
2323070,18,2,18 Hospital,,0,118,shp-18-51,1,1
1451010,18,4,18 Hospital,,0,218,shp-18-51,1,1
2443020,18,3,18 Hospital,,0,118,shp-18-51,1,1
2157020,18,3,18 Hospital,,0,118,shp-18-51,1,1
480010,18,4,18 Hospital,,0,118,shp-18-51,1,1
2535020,18,3,18 Hospital,,0,218,shp-18-51,1,1
832020,18,3,18 Hospital,,0,118,shp-18-51,1,1
2282070,18,2,18 Hospital,,0,118,shp-18-51,1,1
33090,18,1,18 Hospital,,0,118,shp-18-51,1,1
1918090,18,1,18 Hospital,,0,118,shp-18-51,1,1
628070,18,2,18 Hospital,,0,118,shp-18-51,1,1
2527070,18,2,18 Hospital,,0,118,shp-18-51,1,1
1861090,18,1,18 Hospital,,0,218,shp-18-51,1,1
2157090,18,1,18 Hospital,,0,118,shp-18-51,1,1
2008020,18,3,18 Hospital,,0,218,shp-18-51,1,1
2443090,18,1,18 Hospital,,0,118,shp-18-51,1,1
399090,18,1,18 Hospital,,0,218,shp-18-51,1,1
229070,18,2,18 Hospital,,0,118,shp-18-51,1,1
1332020,190,3,190 Downtown,,1,1190,shp-190-07,1,1
933010,190,4,190 Downtown,,1,1190,shp-190-07,1,1
1741070,190,2,190 Downtown,,1,1190,shp-190-07,1,1
2090,190,1,190 Downtown,,1,1190,shp-190-06,1,1
2547090,190,1,190 Downtown,,1,1190,shp-190-07,1,1
1441070,190,2,190 Downtown,,1,1190,shp-190-06,1,1
1876010,190,4,190 Downtown,,1,1190,shp-190-07,1,1
1641010,190,4,190 Downtown,,1,2190,shp-190-07,1,1
779010,190,4,190 Downtown,,1,2190,shp-190-07,1,1
1218020,190,3,190 Downtown,,1,1190,shp-190-07,1,1
2192090,190,1,190 Downtown,,1,1190,shp-190-07,1,1
632070,190,2,190 Downtown,,1,1190,shp-190-07,1,1
2455020,190,3,190 Downtown,,1,1190,shp-190-07,1,1
5070,190,2,190 Downtown,,1,1190,shp-190-07,1,1
994090,190,1,190 Downtown,,1,1190,shp-190-07,1,1
754020,190,3,190 Downtown,,1,1190,shp-190-07,1,1
2251090,190,1,190 Downtown,,1,2190,shp-190-07,1,1
755010,190,4,190 Downtown,,1,1190,shp-190-07,1,1
345070,190,2,190 Downtown,,1,1190,shp-190-07,1,1
148070,190,2,190 Downtown,,1,1196,shp-190-07,1,1
479090,190,1,190 Downtown,,1,1190,shp-190-07,1,1
1923010,190,4,190 Downtown,,1,1190,shp-190-07,1,1
1702090,190,1,190 Downtown,,1,2190,shp-190-07,1,1
2416070,190,2,190 Downtown,,1,2196,shp-190-07,1,1
889070,190,2,190 Downtown,,1,2196,shp-190-07,1,1
1594090,190,1,190 Downtown,,1,1190,shp-190-07,1,1
1702020,190,3,190 Downtown,,1,2190,shp-190-07,1,1
1368090,190,1,190 Downtown,,1,1190,shp-190-07,1,1
2251020,190,3,190 Downtown,,1,2190,shp-190-07,1,1
664090,190,1,190 Downtown,,1,2190,shp-190-07,1,1
1368020,190,3,190 Downtown,,1,1190,shp-190-07,1,1
1473020,190,3,190 Downtown,,1,2190,shp-190-07,1,1
231070,190,2,190 Downtown,,1,1196,shp-190-07,1,1
2020,190,3,190 Downtown,,1,1190,shp-190-06,1,1
2295020,190,3,190 Downtown,,1,1190,shp-190-07,1,1
1657010,190,4,190 Downtown,,1,2190,shp-190-07,1,1
754090,190,1,190 Downtown,,1,1190,shp-190-07,1,1
1350070,190,2,190 Downtown,,1,2196,shp-190-07,1,1
994020,190,3,190 Downtown,,1,1190,shp-190-07,1,1
958070,190,2,190 Downtown,,1,1196,shp-190-07,1,1
1613020,190,3,190 Downtown,,1,1190,shp-190-07,1,1
1332090,190,1,190 Downtown,,1,1190,shp-190-07,1,1
50010,190,4,190 Downtown,,1,2190,shp-190-07,1,1
1473090,190,1,190 Downtown,,1,2190,shp-190-07,1,1
479020,190,3,190 Downtown,,1,1190,shp-190-07,1,1
1499010,190,4,190 Downtown,,1,2190,shp-190-07,1,1
973070,190,2,190 Downtown,,1,2196,shp-190-07,1,1
1072010,190,4,190 Downtown,,1,2190,shp-190-07,1,1
2532010,190,4,190 Downtown,,1,1190,shp-190-07,1,1
1506070,190,2,190 Downtown,,1,1190,shp-190-07,1,1
255070,190,2,190 Downtown,,1,1190,shp-190-07,1,1
1960090,190,1,190 Downtown,,1,1190,shp-190-07,1,1
111010,190,4,190 Downtown,,1,1190,shp-190-07,1,1
2192020,190,3,190 Downtown,,1,1190,shp-190-07,1,1
1380010,190,4,190 Downtown,,1,2190,shp-190-06,1,1
1318070,190,2,190 Downtown,,1,1190,shp-190-07,1,1
2485090,190,1,190 Downtown,,1,1190,shp-190-07,1,1
248020,190,3,190 Downtown,,1,1190,shp-190-07,1,1
1811070,190,2,190 Downtown,,1,1190,shp-190-07,1,1
2031070,190,2,190 Downtown,,1,1190,shp-190-07,1,1
310010,190,4,190 Downtown,,1,2190,shp-190-07,1,1
664020,190,3,190 Downtown,,1,2190,shp-190-07,1,1
1360010,190,4,190 Downtown,,1,1190,shp-190-07,1,1
1884010,190,4,190 Downtown,,1,1190,shp-190-07,1,1
882010,190,4,190 Downtown,,1,2190,shp-190-07,1,1
2495070,190,2,190 Downtown,,1,1196,shp-190-07,1,1
2295090,190,1,190 Downtown,,1,1190,shp-190-07,1,1
1231070,190,2,190 Downtown,,1,1190,shp-190-07,1,1
937010,190,4,190 Downtown,,1,2190,shp-190-07,1,1
1960020,190,3,190 Downtown,,1,1190,shp-190-07,1,1
1613090,190,1,190 Downtown,,1,1190,shp-190-07,1,1
2062010,190,4,190 Downtown,,1,1190,shp-190-07,1,1
581010,190,4,190 Downtown,,1,1190,shp-190-07,1,1
1218090,190,1,190 Downtown,,1,1190,shp-190-07,1,1
1594020,190,3,190 Downtown,,1,1190,shp-190-07,1,1
323070,190,2,190 Downtown,,1,2196,shp-190-07,1,1
1836010,190,4,190 Downtown,,1,2190,shp-190-07,1,1
517010,190,4,190 Downtown,,1,1190,shp-190-07,1,1
2485020,190,3,190 Downtown,,1,1190,shp-190-07,1,1
248090,190,1,190 Downtown,,1,1190,shp-190-07,1,1
497010,190,4,190 Downtown,,1,2190,shp-190-07,1,1
2547020,190,3,190 Downtown,,1,1190,shp-190-07,1,1
93010,190,4,190 Downtown,,1,2190,shp-190-07,1,1
2632090,190,1,190 Downtown,,1,1190,shp-190-07,1,1
2455090,190,1,190 Downtown,,1,1190,shp-190-07,1,1
893010,190,4,190 Downtown,,1,1190,shp-190-07,1,1
2632020,190,3,190 Downtown,,1,1190,shp-190-07,1,1
1746070,190,2,190 Lincoln St,,0,1190,shp-190-53,1,1
1472090,190,1,190 Lincoln St,,0,1190,shp-190-53,1,1
495020,190,3,190 Lincoln St,,0,2190,shp-190-53,1,1
1988070,190,2,190 Lincoln St,,0,2196,shp-190-53,1,1
1558090,190,1,190 Lincoln St,,0,1190,shp-190-53,1,1
2299010,190,4,190 Lincoln St,,0,2190,shp-190-53,1,1
1388070,190,2,190 Lincoln St,,0,1196,shp-190-53,1,1
192070,190,2,190 Lincoln St,,0,1196,shp-190-53,1,1
184070,190,2,190 Lincoln St,,0,1190,shp-190-53,1,1
1014070,190,2,190 Lincoln St,,0,2196,shp-190-53,1,1
1351020,190,3,190 Lincoln St,,0,1190,shp-190-53,1,1
1098070,190,2,190 Lincoln St,,0,1190,shp-190-53,1,1
458070,190,2,190 Lincoln St,,0,2196,shp-190-53,1,1
794070,190,2,190 Lincoln St,,0,1190,shp-190-53,1,1
495090,190,1,190 Lincoln St,,0,2190,shp-190-53,1,1
1571010,190,4,190 Lincoln St,,0,1190,shp-190-53,1,1
1137020,190,3,190 Lincoln St,,0,1190,shp-190-53,1,1
313020,190,3,190 Lincoln St,,0,1190,shp-190-53,1,1
1080070,190,2,190 Lincoln St,,0,1196,shp-190-53,1,1
1976010,190,4,190 Lincoln St,,0,2190,shp-190-53,1,1
1208010,190,4,190 Lincoln St,,0,2190,shp-190-53,1,1
542010,190,4,190 Lincoln St,,0,1190,shp-190-53,1,1
1137090,190,1,190 Lincoln St,,0,1190,shp-190-53,1,1
2386090,190,1,190 Lincoln St,,0,1190,shp-190-53,1,1
1455020,190,3,190 Lincoln St,,0,1190,shp-190-53,1,1
490070,190,2,190 Lincoln St,,0,1196,shp-190-53,1,1
433070,190,2,190 Lincoln St,,0,2196,shp-190-53,1,1
1848020,190,3,190 Lincoln St,,0,1190,shp-190-53,1,1
643010,190,4,190 Lincoln St,,0,1190,shp-190-53,1,1
861020,190,3,190 Lincoln St,,0,1190,shp-190-53,1,1
1959070,190,2,190 Lincoln St,,0,1190,shp-190-53,1,1
412010,190,4,190 Lincoln St,,0,2190,shp-190-53,1,1
313090,190,1,190 Lincoln St,,0,1190,shp-190-53,1,1
1851020,190,3,190 Lincoln St,,0,2190,shp-190-53,1,1
494010,190,4,190 Lincoln St,,0,1190,shp-190-53,1,1
472020,190,3,190 Lincoln St,,0,1190,shp-190-53,1,1
292010,190,4,190 Lincoln St,,0,1190,shp-190-53,1,1
1987090,190,1,190 Lincoln St,,0,2190,shp-190-53,1,1
1848090,190,1,190 Lincoln St,,0,1190,shp-190-53,1,1
1455090,190,1,190 Lincoln St,,0,1190,shp-190-53,1,1
2333090,190,1,190 Lincoln St,,0,1190,shp-190-53,1,1
578010,190,4,190 Lincoln St,,0,1190,shp-190-53,1,1
1045010,190,4,190 Lincoln St,,0,2190,shp-190-53,1,1
1612090,190,1,190 Lincoln St,,0,2190,shp-190-53,1,1
105090,190,1,190 Lincoln St,,0,1190,shp-190-53,1,1
1108020,190,3,190 Lincoln St,,0,1190,shp-190-53,1,1
167020,190,3,190 Lincoln St,,0,1190,shp-190-53,1,1
1351090,190,1,190 Lincoln St,,0,1190,shp-190-53,1,1
992070,190,2,190 Lincoln St,,0,1190,shp-190-53,1,1
2386020,190,3,190 Lincoln St,,0,1190,shp-190-53,1,1
2016070,190,2,190 Lincoln St,,0,2196,shp-190-53,1,1
294070,190,2,190 Lincoln St,,0,1190,shp-190-53,1,1
1851090,190,1,190 Lincoln St,,0,2190,shp-190-53,1,1
537010,190,4,190 Lincoln St,,0,2190,shp-190-53,1,1
1558020,190,3,190 Lincoln St,,0,1190,shp-190-53,1,1
2537020,190,3,190 Lincoln St,,0,2190,shp-190-53,1,1
137010,190,4,190 Lincoln St,,0,1190,shp-190-53,1,1
167090,190,1,190 Lincoln St,,0,1190,shp-190-53,1,1
1040020,190,3,190 Lincoln St,,0,1190,shp-190-53,1,1
382070,190,2,190 Lincoln St,,0,1190,shp-190-53,1,1
355070,190,2,190 Lincoln St,,0,1190,shp-190-53,1,1
727010,190,4,190 Lincoln St,,0,1190,shp-190-53,1,1
697010,190,4,190 Lincoln St,,0,2190,shp-190-53,1,1
726010,190,4,190 Lincoln St,,0,1190,shp-190-53,1,1
861090,190,1,190 Lincoln St,,0,1190,shp-190-53,1,1
105020,190,3,190 Lincoln St,,0,1190,shp-190-53,1,1
987010,190,4,190 Lincoln St,,0,2190,shp-190-53,1,1
1477010,190,4,190 Lincoln St,,0,1190,shp-190-53,1,1
2333020,190,3,190 Lincoln St,,0,1190,shp-190-53,1,1
2523070,190,2,190 Lincoln St,,0,1196,shp-190-53,1,1
1612020,190,3,190 Lincoln St,,0,2190,shp-190-53,1,1
1987020,190,3,190 Lincoln St,,0,2190,shp-190-53,1,1
1875070,190,2,190 Lincoln St,,0,1190,shp-190-53,1,1
522010,190,4,190 Lincoln St,,0,2190,shp-190-53,1,1
2537090,190,1,190 Lincoln St,,0,2190,shp-190-53,1,1
1568090,190,1,190 Lincoln St,,0,1190,shp-190-53,1,1
1472020,190,3,190 Lincoln St,,0,1190,shp-190-53,1,1
1361010,190,4,190 Lincoln St,,0,1190,shp-190-53,1,1
472090,190,1,190 Lincoln St,,0,1190,shp-190-53,1,1
1362010,190,4,190 Lincoln St,,0,2190,shp-190-53,1,1
161010,190,4,190 Lincoln St,,0,2190,shp-190-53,1,1
261010,190,4,190 Lincoln St,,0,1190,shp-190-53,1,1
1108090,190,1,190 Lincoln St,,0,1190,shp-190-53,1,1
1040090,190,1,190 Lincoln St,,0,1190,shp-190-53,1,1
1568020,190,3,190 Lincoln St,,0,1190,shp-190-53,1,1
927010,190,4,190 Lincoln St,,0,2190,shp-190-53,1,1
2607020,190S,3,190S Downtown,,0,2A,shp-190S-07,1,1
1995020,190S,3,190S Downtown,,0,2A,shp-190S-07,1,1
2621020,190S,3,190S Downtown,,0,2A,shp-190S-07,1,1
1538020,190S,3,190S Downtown,,0,2A,shp-190S-07,1,1
236020,190S,3,190S Downtown,,0,2A,shp-190S-07,1,1
1997020,190S,3,190S Lincoln St,,1,2B,shp-190S-04,1,1
936020,190S,3,190S Lincoln St,,1,2A,shp-190S-04,1,1
1722020,190S,3,190S Lincoln St,,1,2D,shp-190S-04,1,1
1525020,190S,3,190S Lincoln St,,1,2C,shp-190S-04,1,1
2144020,190S,3,190S Lincoln St,,1,2C,shp-190S-04,1,1
2376020,190S,3,190S Lincoln St,,1,2D,shp-190S-04,1,1
1101020,190S,3,190S Lincoln St,,1,2A,shp-190S-04,1,1
185020,190S,3,190S Lincoln St,,1,2D,shp-190S-04,1,1
656020,190S,3,190S Lincoln St,,1,2B,shp-190S-03,1,1
264020,190S,3,190S Lincoln St,,1,2D,shp-190S-04,1,1
1214020,190S,3,190S Lincoln St,,1,2B,shp-190S-03,1,1
908020,190S,3,190S Lincoln St,,1,2C,shp-190S-04,1,1
210020,190S,3,190S Lincoln St,,1,2C,shp-190S-04,1,1
1648020,190S,3,190S Lincoln St,,1,2D,shp-190S-04,1,1
2285020,190S,3,190S Lincoln St,,1,2C,shp-190S-04,1,1
2133020,190S,3,190S Lincoln St,,1,2C,shp-190S-04,1,1
716020,190S,3,190S Lincoln St,,1,2B,shp-190S-04,1,1
2204020,190S,3,190S Lincoln St,,1,2A,shp-190S-04,1,1
2302020,190S,3,190S Lincoln St,,1,2D,shp-190S-04,1,1
1942020,190S,3,190S Lincoln St,,1,2B,shp-190S-03,1,1
714020,190S,3,190S Lincoln St,,1,2D,shp-190S-04,1,1
2006020,190S,3,190S Lincoln St,,1,2B,shp-190S-04,1,1
1449020,190S,3,190S Lincoln St,,1,2A,shp-190S-04,1,1
2543020,190S,3,190S Lincoln St,,1,2B,shp-190S-03,1,1
1670020,190S,3,190S Lincoln St,,1,2C,shp-190S-04,1,1
1541020,190S,3,190S Lincoln St,,1,2A,shp-190S-04,1,1
2266020,190S,3,190S Lincoln St,,1,2D,shp-190S-04,1,1
1313020,190S,3,190S Lincoln St,,1,2C,shp-190S-04,1,1
51020,190S,3,190S Lincoln St,,1,2B,shp-190S-04,1,1
1330020,190S,3,190S Lincoln St,,1,2D,shp-190S-04,1,1
2304020,190S,3,190S Lincoln St,,1,2B,shp-190S-03,1,1
2042020,190S,3,190S Lincoln St,,1,2C,shp-190S-04,1,1
276020,190S,3,190S Lincoln St,,1,2C,shp-190S-04,1,1
2477020,190S,3,190S Lincoln St,,1,2D,shp-190S-04,1,1
85020,190S,3,190S WWU,,0,1C,shp-190S-54,1,1
839020,190S,3,190S WWU,,1,1190S,shp-190S-05,1,1
2283020,190S,3,190S WWU,,0,2190S,shp-190S-51,1,1
2209020,190S,3,190S WWU,,0,1B,shp-190S-53,1,1
246020,190S,3,190S WWU,,0,1B,shp-190S-51,1,1
1192020,190S,3,190S WWU,,0,1B,shp-190S-51,1,1
1762020,190S,3,190S WWU,,0,1B,shp-190S-53,1,1
1610020,190S,3,190S WWU,,1,3190S,shp-190S-02,1,1
452020,190S,3,190S WWU,,0,1C,shp-190S-54,1,1
166020,190S,3,190S WWU,,0,1D,shp-190S-51,1,1
2164020,190S,3,190S WWU,,1,1D,shp-190S-05,1,1
1672020,190S,3,190S WWU,,0,1B,shp-190S-51,1,1
1031020,190S,3,190S WWU,,1,1D,shp-190S-05,1,1
56020,190S,3,190S WWU,,0,1B,shp-190S-53,1,1
951020,190S,3,190S WWU,,1,1D,shp-190S-05,1,1
763020,190S,3,190S WWU,,0,1D,shp-190S-53,1,1
1443020,190S,3,190S WWU,,1,1D,shp-190S-05,1,1
1605090,196,1,196 Downtown,,1,1107,shp-196-51,1,1
115070,196,2,196 Downtown,,1,2196,shp-196-51,1,1
1036090,196,1,196 Downtown,,1,2107,shp-196-51,1,1
1371090,196,1,196 Downtown,,1,1107,shp-196-51,1,1
435070,196,2,196 Downtown,,1,1196,shp-196-51,1,1
1671090,196,1,196 Downtown,,1,2107,shp-196-51,1,1
1985020,196,3,196 Downtown,,1,2107,shp-196-51,1,1
1985090,196,1,196 Downtown,,1,2107,shp-196-51,1,1
1371020,196,3,196 Downtown,,1,1107,shp-196-51,1,1
1605020,196,3,196 Downtown,,1,1107,shp-196-51,1,1
1036020,196,3,196 Downtown,,1,2107,shp-196-51,1,1
2052020,196,3,196 Downtown,,1,1107,shp-196-51,1,1
2228090,196,1,196 Downtown,,1,2107,shp-196-51,1,1
2228020,196,3,196 Downtown,,1,2107,shp-196-51,1,1
1859020,196,3,196 Downtown,,1,2107,shp-196-51,1,1
2340020,196,3,196 Downtown,,1,2107,shp-196-51,1,1
545070,196,2,196 Downtown,,1,2196,shp-196-51,1,1
401020,196,3,196 Downtown,,1,1107,shp-196-51,1,1
2106090,196,1,196 Downtown,,1,1107,shp-196-51,1,1
1815070,196,2,196 Downtown,,1,1196,shp-196-51,1,1
2561070,196,2,196 Downtown,,1,2196,shp-196-51,1,1
541070,196,2,196 Downtown,,1,2196,shp-196-51,1,1
2300020,196,3,196 Downtown,,1,1107,shp-196-51,1,1
843070,196,2,196 Downtown,,1,1196,shp-196-51,1,1
2340090,196,1,196 Downtown,,1,2107,shp-196-51,1,1
1859090,196,1,196 Downtown,,1,2107,shp-196-51,1,1
2300090,196,1,196 Downtown,,1,1107,shp-196-51,1,1
317070,196,2,196 Downtown,,1,2196,shp-196-51,1,1
1671020,196,3,196 Downtown,,1,2107,shp-196-51,1,1
2052090,196,1,196 Downtown,,1,1107,shp-196-51,1,1
2106020,196,3,196 Downtown,,1,1107,shp-196-51,1,1
1736070,196,2,196 Downtown,,1,1196,shp-196-51,1,1
401090,196,1,196 Downtown,,1,1107,shp-196-51,1,1
525070,196,2,196 Downtown,,1,1196,shp-196-51,1,1
2549090,196,1,196 WWU/Lincoln,,0,2107,shp-196-01,1,1
1787090,196,1,196 WWU/Lincoln,,0,2107,shp-196-01,1,1
2060070,196,2,196 WWU/Lincoln,,0,2196,shp-196-01,1,1
967070,196,2,196 WWU/Lincoln,,0,1196,shp-196-01,1,1
1159090,196,1,196 WWU/Lincoln,,0,2107,shp-196-01,1,1
1439070,196,2,196 WWU/Lincoln,,0,2196,shp-196-01,1,1
72020,196,3,196 WWU/Lincoln,,0,1107,shp-196-01,1,1
1787020,196,3,196 WWU/Lincoln,,0,2107,shp-196-01,1,1
1938070,196,2,196 WWU/Lincoln,,0,1196,shp-196-01,1,1
1320020,196,3,196 WWU/Lincoln,,0,2107,shp-196-01,1,1
715070,196,2,196 WWU/Lincoln,,0,1196,shp-196-01,1,1
38020,196,3,196 WWU/Lincoln,,0,2107,shp-196-01,1,1
1814020,196,3,196 WWU/Lincoln,,0,1107,shp-196-01,1,1
950020,196,3,196 WWU/Lincoln,,0,1107,shp-196-01,1,1
917020,196,3,196 WWU/Lincoln,,0,1107,shp-196-01,1,1
38090,196,1,196 WWU/Lincoln,,0,2107,shp-196-01,1,1
1462070,196,2,196 WWU/Lincoln,,0,1196,shp-196-01,1,1
1429090,196,1,196 WWU/Lincoln,,0,2107,shp-196-01,1,1
1159020,196,3,196 WWU/Lincoln,,0,2107,shp-196-01,1,1
948070,196,2,196 WWU/Lincoln,,0,2196,shp-196-01,1,1
72090,196,1,196 WWU/Lincoln,,0,1107,shp-196-01,1,1
547070,196,2,196 WWU/Lincoln,,0,1196,shp-196-01,1,1
538020,196,3,196 WWU/Lincoln,,0,1107,shp-196-01,1,1
917090,196,1,196 WWU/Lincoln,,0,1107,shp-196-01,1,1
2549020,196,3,196 WWU/Lincoln,,0,2107,shp-196-01,1,1
1429020,196,3,196 WWU/Lincoln,,0,2107,shp-196-01,1,1
538090,196,1,196 WWU/Lincoln,,0,1107,shp-196-01,1,1
2110020,196,3,196 WWU/Lincoln,,0,1107,shp-196-01,1,1
950090,196,1,196 WWU/Lincoln,,0,1107,shp-196-01,1,1
2070070,196,2,196 WWU/Lincoln,,0,2196,shp-196-01,1,1
1814090,196,1,196 WWU/Lincoln,,0,1107,shp-196-01,1,1
2110090,196,1,196 WWU/Lincoln,,0,1107,shp-196-01,1,1
809070,196,2,196 WWU/Lincoln,,0,2196,shp-196-01,1,1
1320090,196,1,196 WWU/Lincoln,,0,2107,shp-196-01,1,1
169090,197,1,197 Downtown,,1,2107,shp-197-51,1,1
376020,197,3,197 Downtown,,1,1107,shp-197-51,1,1
1839070,197,2,197 Downtown,,1,1196,shp-197-51,1,1
31070,197,2,197 Downtown,,1,1196,shp-197-51,1,1
764020,197,3,197 Downtown,,1,1107,shp-197-51,1,1
1161020,197,3,197 Downtown,,1,1107,shp-197-51,1,1
2240020,197,3,197 Downtown,,1,2107,shp-197-51,1,1
1849020,197,3,197 Downtown,,1,2107,shp-197-51,1,1
2240090,197,1,197 Downtown,,1,2107,shp-197-51,1,1
2339090,197,1,197 Downtown,,1,1107,shp-197-51,1,1
647020,197,3,197 Downtown,,1,2107,shp-197-51,1,1
1073070,197,2,197 Downtown,,1,129,shp-197-51,1,1
169020,197,3,197 Downtown,,1,2107,shp-197-51,1,1
1509070,197,2,197 Downtown,,1,2196,shp-197-51,1,1
1161090,197,1,197 Downtown,,1,1107,shp-197-51,1,1
1924070,197,2,197 Downtown,,1,2196,shp-197-51,1,1
2044070,197,2,197 Downtown,,1,2196,shp-197-51,1,1
2405020,197,3,197 Downtown,,1,2107,shp-197-51,1,1
2405090,197,1,197 Downtown,,1,2107,shp-197-51,1,1
1603070,197,2,197 Downtown,,1,1196,shp-197-51,1,1
765020,197,3,197 Downtown,,1,2107,shp-197-51,1,1
2339020,197,3,197 Downtown,,1,1107,shp-197-51,1,1
1288090,197,1,197 Downtown,,1,1107,shp-197-51,1,1
1255070,197,2,197 Downtown,,1,1196,shp-197-51,1,1
1849090,197,1,197 Downtown,,1,2107,shp-197-51,1,1
979070,197,2,197 Downtown,,1,2196,shp-197-51,1,1
647090,197,1,197 Downtown,,1,2107,shp-197-51,1,1
376090,197,1,197 Downtown,,1,1107,shp-197-51,1,1
1288020,197,3,197 Downtown,,1,1107,shp-197-51,1,1
2247070,197,2,197 Downtown,,1,2196,shp-197-51,1,1
765090,197,1,197 Downtown,,1,2107,shp-197-51,1,1
1054090,197,1,197 Downtown,,1,1107,shp-197-51,1,1
1949070,197,2,197 Downtown,,1,1196,shp-197-51,1,1
1054020,197,3,197 Downtown,,1,1107,shp-197-51,1,1
764090,197,1,197 Downtown,,1,1107,shp-197-51,1,1
132090,197,1,197 Lincoln/WWU,,0,2107,shp-197-01,1,1
319070,197,2,197 Lincoln/WWU,,0,129,shp-197-01,1,1
592020,197,3,197 Lincoln/WWU,,0,1107,shp-197-01,1,1
625090,197,1,197 Lincoln/WWU,,0,1107,shp-197-01,1,1
1135090,197,1,197 Lincoln/WWU,,0,2107,shp-197-01,1,1
592090,197,1,197 Lincoln/WWU,,0,1107,shp-197-01,1,1
1135020,197,3,197 Lincoln/WWU,,0,2107,shp-197-01,1,1
132020,197,3,197 Lincoln/WWU,,0,2107,shp-197-01,1,1
2402070,197,2,197 Lincoln/WWU,,0,1196,shp-197-01,1,1
2647020,197,3,197 Lincoln/WWU,,0,1107,shp-197-01,1,1
11090,197,1,197 Lincoln/WWU,,0,1107,shp-197-01,1,1
135090,197,1,197 Lincoln/WWU,,0,2107,shp-197-01,1,1
1557020,197,3,197 Lincoln/WWU,,0,2107,shp-197-01,1,1
151090,197,1,197 Lincoln/WWU,,0,1107,shp-197-01,1,1
2613070,197,2,197 Lincoln/WWU,,0,2196,shp-197-01,1,1
11020,197,3,197 Lincoln/WWU,,0,1107,shp-197-01,1,1
2457020,197,3,197 Lincoln/WWU,,0,1107,shp-197-01,1,1
46090,197,1,197 Lincoln/WWU,,0,2107,shp-197-01,1,1
1557090,197,1,197 Lincoln/WWU,,0,2107,shp-197-01,1,1
121070,197,2,197 Lincoln/WWU,,0,2196,shp-197-01,1,1
1774070,197,2,197 Lincoln/WWU,,0,2196,shp-197-01,1,1
135020,197,3,197 Lincoln/WWU,,0,2107,shp-197-01,1,1
46020,197,3,197 Lincoln/WWU,,0,2107,shp-197-01,1,1
2457090,197,1,197 Lincoln/WWU,,0,1107,shp-197-01,1,1
151020,197,3,197 Lincoln/WWU,,0,1107,shp-197-01,1,1
2647090,197,1,197 Lincoln/WWU,,0,1107,shp-197-01,1,1
2078070,197,2,197 Lincoln/WWU,,0,1196,shp-197-01,1,1
2633070,197,2,197 Lincoln/WWU,,0,1196,shp-197-01,1,1
1068090,197,1,197 Lincoln/WWU,,0,2107,shp-197-01,1,1
1697070,197,2,197 Lincoln/WWU,,0,2196,shp-197-01,1,1
2573070,197,2,197 Lincoln/WWU,,0,1196,shp-197-01,1,1
116070,197,2,197 Lincoln/WWU,,0,2196,shp-197-01,1,1
1068020,197,3,197 Lincoln/WWU,,0,2107,shp-197-01,1,1
625020,197,3,197 Lincoln/WWU,,0,1107,shp-197-01,1,1
44070,197,2,197 Lincoln/WWU,,0,1196,shp-197-01,1,1
1292090,232,1,232 Cordata/WCC,,1,4232,shp-232-01,1,1
796020,232,3,232 Cordata/WCC,,1,2232,shp-232-01,1,1
2172070,232,2,232 Cordata/WCC,,1,1232,shp-232-01,1,1
1294070,232,2,232 Cordata/WCC,,1,4232,shp-232-01,1,1
2307070,232,2,232 Cordata/WCC,,1,2232,shp-232-01,1,1
1419070,232,2,232 Cordata/WCC,,1,2232,shp-232-01,1,1
2431070,232,2,232 Cordata/WCC,,1,3232,shp-232-01,1,1
1246090,232,1,232 Cordata/WCC,,1,3232,shp-232-01,1,1
1088020,232,3,232 Cordata/WCC,,1,2232,shp-232-01,1,1
2582010,232,4,232 Cordata/WCC,,1,1232,shp-232-01,1,1
282010,232,4,232 Cordata/WCC,,1,2232,shp-232-01,1,1
324090,232,1,232 Cordata/WCC,,1,1232,shp-232-01,1,1
2437090,232,1,232 Cordata/WCC,,1,1232,shp-232-01,1,1
1540010,232,4,232 Cordata/WCC,,1,1232,shp-232-01,1,1
1015010,232,4,232 Cordata/WCC,,1,2232,shp-232-01,1,1
2446090,232,1,232 Cordata/WCC,,1,3232,shp-232-01,1,1
894090,232,1,232 Cordata/WCC,,1,1232,shp-232-01,1,1
633090,232,1,232 Cordata/WCC,,1,3232,shp-232-01,1,1
2000090,232,1,232 Cordata/WCC,,1,3232,shp-232-01,1,1
1877070,232,2,232 Cordata/WCC,,1,1232,shp-232-01,1,1
324020,232,3,232 Cordata/WCC,,1,1232,shp-232-01,1,1
2540090,232,1,232 Cordata/WCC,,1,5232,shp-232-01,1,1
157020,232,3,232 Cordata/WCC,,1,4232,shp-232-01,1,1
707020,232,3,232 Cordata/WCC,,1,4232,shp-232-01,1,1
790010,232,4,232 Cordata/WCC,,1,1232,shp-232-01,1,1
1793070,232,2,232 Cordata/WCC,,1,3232,shp-232-01,1,1
894020,232,3,232 Cordata/WCC,,1,1232,shp-232-01,1,1
1757020,232,3,232 Cordata/WCC,,1,2232,shp-232-01,1,1
915010,232,4,232 Cordata/WCC,,1,2232,shp-232-01,1,1
1305090,232,1,232 Cordata/WCC,,1,2232,shp-232-01,1,1
175090,232,1,232 Cordata/WCC,,1,3232,shp-232-01,1,1
946090,232,1,232 Cordata/WCC,,1,1232,shp-232-01,1,1
540070,232,2,232 Cordata/WCC,,1,1232,shp-232-01,1,1
2409020,232,3,232 Cordata/WCC,,1,3232,shp-232-01,1,1
405070,232,2,232 Cordata/WCC,,1,4232,shp-232-01,1,1
2035090,232,1,232 Cordata/WCC,,1,5232,shp-232-01,1,1
1210020,232,3,232 Cordata/WCC,,1,2232,shp-232-01,1,1
2173010,232,4,232 Cordata/WCC,,1,2232,shp-232-01,1,1
2446020,232,3,232 Cordata/WCC,,1,3232,shp-232-01,1,1
284090,232,1,232 Cordata/WCC,,1,2232,shp-232-01,1,1
486010,232,4,232 Cordata/WCC,,1,1232,shp-232-01,1,1
1532020,232,3,232 Cordata/WCC,,1,3232,shp-232-01,1,1
1246020,232,3,232 Cordata/WCC,,1,3232,shp-232-01,1,1
1601090,232,1,232 Cordata/WCC,,1,5232,shp-232-01,1,1
598010,232,4,232 Cordata/WCC,,1,1232,shp-232-01,1,1
1082090,232,1,232 Cordata/WCC,,1,1232,shp-232-01,1,1
782090,232,1,232 Cordata/WCC,,1,1232,shp-232-01,1,1
1210090,232,1,232 Cordata/WCC,,1,2232,shp-232-01,1,1
1866070,232,2,232 Cordata/WCC,,1,4232,shp-232-01,1,1
1305020,232,3,232 Cordata/WCC,,1,2232,shp-232-01,1,1
1601020,232,3,232 Cordata/WCC,,1,5232,shp-232-01,1,1
1532090,232,1,232 Cordata/WCC,,1,3232,shp-232-01,1,1
2409090,232,1,232 Cordata/WCC,,1,3232,shp-232-01,1,1
196070,232,2,232 Cordata/WCC,,1,4232,shp-232-01,1,1
1489070,232,2,232 Cordata/WCC,,1,2232,shp-232-01,1,1
187020,232,3,232 Cordata/WCC,,1,3232,shp-232-01,1,1
730090,232,1,232 Cordata/WCC,,1,4232,shp-232-01,1,1
1172020,232,3,232 Cordata/WCC,,1,3232,shp-232-01,1,1
796090,232,1,232 Cordata/WCC,,1,2232,shp-232-01,1,1
1964020,232,3,232 Cordata/WCC,,1,3232,shp-232-01,1,1
1708070,232,2,232 Cordata/WCC,,1,3232,shp-232-01,1,1
1881090,232,1,232 Cordata/WCC,,1,3232,shp-232-01,1,1
2185070,232,2,232 Cordata/WCC,,1,4232,shp-232-01,1,1
2107020,232,3,232 Cordata/WCC,,1,1232,shp-232-01,1,1
1395090,232,1,232 Cordata/WCC,,1,4232,shp-232-01,1,1
1234070,232,2,232 Cordata/WCC,,1,4232,shp-232-01,1,1
1163070,232,2,232 Cordata/WCC,,1,2232,shp-232-01,1,1
1775020,232,3,232 Cordata/WCC,,1,1232,shp-232-01,1,1
1292020,232,3,232 Cordata/WCC,,1,4232,shp-232-01,1,1
349090,232,1,232 Cordata/WCC,,1,4232,shp-232-01,1,1
1775090,232,1,232 Cordata/WCC,,1,1232,shp-232-01,1,1
403010,232,4,232 Cordata/WCC,,1,2232,shp-232-01,1,1
707090,232,1,232 Cordata/WCC,,1,4232,shp-232-01,1,1
635010,232,4,232 Cordata/WCC,,1,2232,shp-232-01,1,1
633020,232,3,232 Cordata/WCC,,1,3232,shp-232-01,1,1
916090,232,1,232 Cordata/WCC,,1,5232,shp-232-01,1,1
2099010,232,4,232 Cordata/WCC,,1,2232,shp-232-01,1,1
730020,232,3,232 Cordata/WCC,,1,4232,shp-232-01,1,1
1322070,232,2,232 Cordata/WCC,,1,2232,shp-232-01,1,1
1024010,232,4,232 Cordata/WCC,,1,2232,shp-232-01,1,1
2574020,232,3,232 Cordata/WCC,,1,3232,shp-232-01,1,1
2379070,232,2,232 Cordata/WCC,,1,2232,shp-232-01,1,1
1395020,232,3,232 Cordata/WCC,,1,4232,shp-232-01,1,1
356070,232,2,232 Cordata/WCC,,1,1232,shp-232-01,1,1
2035020,232,3,232 Cordata/WCC,,1,5232,shp-232-01,1,1
619020,232,3,232 Cordata/WCC,,1,4232,shp-232-01,1,1
2086010,232,4,232 Cordata/WCC,,1,1232,shp-232-01,1,1
269020,232,3,232 Cordata/WCC,,1,2232,shp-232-01,1,1
1862010,232,4,232 Cordata/WCC,,1,1232,shp-232-01,1,1
349020,232,3,232 Cordata/WCC,,1,4232,shp-232-01,1,1
1303090,232,1,232 Cordata/WCC,,1,1232,shp-232-01,1,1
1844010,232,4,232 Cordata/WCC,,1,2232,shp-232-01,1,1
946020,232,3,232 Cordata/WCC,,1,1232,shp-232-01,1,1
2000020,232,3,232 Cordata/WCC,,1,3232,shp-232-01,1,1
1757090,232,1,232 Cordata/WCC,,1,2232,shp-232-01,1,1
2415020,232,3,232 Cordata/WCC,,1,1232,shp-232-01,1,1
1071020,232,3,232 Cordata/WCC,,1,2232,shp-232-01,1,1
2635070,232,2,232 Cordata/WCC,,1,3232,shp-232-01,1,1
2344070,232,2,232 Cordata/WCC,,1,1232,shp-232-01,1,1
1059070,232,2,232 Cordata/WCC,,1,4232,shp-232-01,1,1
157090,232,1,232 Cordata/WCC,,1,4232,shp-232-01,1,1
2021010,232,4,232 Cordata/WCC,,1,1232,shp-232-01,1,1
1082020,232,3,232 Cordata/WCC,,1,1232,shp-232-01,1,1
1990090,232,1,232 Cordata/WCC,,1,1232,shp-232-01,1,1
1268070,232,2,232 Cordata/WCC,,1,3232,shp-232-01,1,1
916020,232,3,232 Cordata/WCC,,1,5232,shp-232-01,1,1
2281010,232,4,232 Cordata/WCC,,1,1232,shp-232-01,1,1
1898070,232,2,232 Cordata/WCC,,1,2232,shp-232-01,1,1
2496070,232,2,232 Cordata/WCC,,1,2232,shp-232-01,1,1
2219070,232,2,232 Cordata/WCC,,1,4232,shp-232-01,1,1
2437020,232,3,232 Cordata/WCC,,1,1232,shp-232-01,1,1
1921070,232,2,232 Cordata/WCC,,1,3232,shp-232-01,1,1
269090,232,1,232 Cordata/WCC,,1,2232,shp-232-01,1,1
2306090,232,1,232 Cordata/WCC,,1,5232,shp-232-01,1,1
187090,232,1,232 Cordata/WCC,,1,3232,shp-232-01,1,1
1206070,232,2,232 Cordata/WCC,,1,4232,shp-232-01,1,1
2540020,232,3,232 Cordata/WCC,,1,5232,shp-232-01,1,1
2022070,232,2,232 Cordata/WCC,,1,4232,shp-232-01,1,1
1453070,232,2,232 Cordata/WCC,,1,4232,shp-232-01,1,1
2574090,232,1,232 Cordata/WCC,,1,3232,shp-232-01,1,1
782020,232,3,232 Cordata/WCC,,1,1232,shp-232-01,1,1
2445070,232,2,232 Cordata/WCC,,1,1232,shp-232-01,1,1
985020,232,3,232 Cordata/WCC,,1,1232,shp-232-01,1,1
262020,232,3,232 Cordata/WCC,,1,1232,shp-232-01,1,1
2028070,232,2,232 Cordata/WCC,,1,1232,shp-232-01,1,1
306090,232,1,232 Cordata/WCC,,1,4232,shp-232-01,1,1
2046070,232,2,232 Cordata/WCC,,1,4232,shp-232-01,1,1
262090,232,1,232 Cordata/WCC,,1,1232,shp-232-01,1,1
279070,232,2,232 Cordata/WCC,,1,3232,shp-232-01,1,1
499090,232,1,232 Cordata/WCC,,1,3232,shp-232-01,1,1
2059070,232,2,232 Cordata/WCC,,1,3232,shp-232-01,1,1
1205010,232,4,232 Cordata/WCC,,1,2232,shp-232-01,1,1
1847010,232,4,232 Cordata/WCC,,1,1232,shp-232-01,1,1
428090,232,1,232 Cordata/WCC,,1,1232,shp-232-01,1,1
175020,232,3,232 Cordata/WCC,,1,3232,shp-232-01,1,1
1187070,232,2,232 Cordata/WCC,,1,4232,shp-232-01,1,1
1539090,232,1,232 Cordata/WCC,,1,2232,shp-232-01,1,1
1990020,232,3,232 Cordata/WCC,,1,1232,shp-232-01,1,1
75070,232,2,232 Cordata/WCC,,1,4232,shp-232-01,1,1
2404070,232,2,232 Cordata/WCC,,1,2232,shp-232-01,1,1
2076070,232,2,232 Cordata/WCC,,1,1232,shp-232-01,1,1
2306020,232,3,232 Cordata/WCC,,1,5232,shp-232-01,1,1
1303020,232,3,232 Cordata/WCC,,1,1232,shp-232-01,1,1
1088090,232,1,232 Cordata/WCC,,1,2232,shp-232-01,1,1
2411090,232,1,232 Cordata/WCC,,1,4232,shp-232-01,1,1
1964090,232,1,232 Cordata/WCC,,1,3232,shp-232-01,1,1
499020,232,3,232 Cordata/WCC,,1,3232,shp-232-01,1,1
443020,232,3,232 Cordata/WCC,,1,2232,shp-232-01,1,1
1310010,232,4,232 Cordata/WCC,,1,2232,shp-232-01,1,1
1936010,232,4,232 Cordata/WCC,,1,2232,shp-232-01,1,1
1157070,232,2,232 Cordata/WCC,,1,2232,shp-232-01,1,1
284020,232,3,232 Cordata/WCC,,1,2232,shp-232-01,1,1
1881020,232,3,232 Cordata/WCC,,1,3232,shp-232-01,1,1
306020,232,3,232 Cordata/WCC,,1,4232,shp-232-01,1,1
2107090,232,1,232 Cordata/WCC,,1,1232,shp-232-01,1,1
1539020,232,3,232 Cordata/WCC,,1,2232,shp-232-01,1,1
1470070,232,2,232 Cordata/WCC,,1,2232,shp-232-01,1,1
1563020,232,3,232 Cordata/WCC,,1,1232,shp-232-01,1,1
1563090,232,1,232 Cordata/WCC,,1,1232,shp-232-01,1,1
1117070,232,2,232 Cordata/WCC,,1,3232,shp-232-01,1,1
1638070,232,2,232 Cordata/WCC,,1,2232,shp-232-01,1,1
1891070,232,2,232 Cordata/WCC,,1,1232,shp-232-01,1,1
2411020,232,3,232 Cordata/WCC,,1,4232,shp-232-01,1,1
2350010,232,4,232 Cordata/WCC,,1,1232,shp-232-01,1,1
880070,232,2,232 Cordata/WCC,,1,2232,shp-232-01,1,1
1172090,232,1,232 Cordata/WCC,,1,3232,shp-232-01,1,1
428020,232,3,232 Cordata/WCC,,1,1232,shp-232-01,1,1
619090,232,1,232 Cordata/WCC,,1,4232,shp-232-01,1,1
443090,232,1,232 Cordata/WCC,,1,2232,shp-232-01,1,1
985090,232,1,232 Cordata/WCC,,1,1232,shp-232-01,1,1
1071090,232,1,232 Cordata/WCC,,1,2232,shp-232-01,1,1
1732010,232,4,232 Cordata/WCC,,1,1232,shp-232-01,1,1
94070,232,2,232 Cordata/WCC,,1,4232,shp-232-01,1,1
2415090,232,1,232 Cordata/WCC,,1,1232,shp-232-01,1,1
1050090,232,1,232 Downtown,,0,5331,shp-232-51,1,1
1279010,232,4,232 Downtown,,0,2331,shp-232-51,1,1
1868090,232,1,232 Downtown,,0,4331,shp-232-51,1,1
2493090,232,1,232 Downtown,,0,2331,shp-232-51,1,1
1188010,232,4,232 Downtown,,0,1331,shp-232-51,1,1
315090,232,1,232 Downtown,,0,2331,shp-232-51,1,1
817090,232,1,232 Downtown,,0,4331,shp-232-51,1,1
899090,232,1,232 Downtown,,0,2331,shp-232-51,1,1
1609010,232,4,232 Downtown,,0,2331,shp-232-51,1,1
699020,232,3,232 Downtown,,0,3331,shp-232-51,1,1
79020,232,3,232 Downtown,,0,1331,shp-232-51,1,1
699090,232,1,232 Downtown,,0,3331,shp-232-51,1,1
1591090,232,1,232 Downtown,,0,4331,shp-232-51,1,1
457070,232,2,232 Downtown,,0,1331,shp-232-51,1,1
182010,232,4,232 Downtown,,0,1331,shp-232-51,1,1
386070,232,2,232 Downtown,,0,2331,shp-232-51,1,1
162020,232,3,232 Downtown,,0,1331,shp-232-51,1,1
1738010,232,4,232 Downtown,,0,1331,shp-232-51,1,1
53070,232,2,232 Downtown,,0,1331,shp-232-51,1,1
630090,232,1,232 Downtown,,0,4331,shp-232-51,1,1
1566070,232,2,232 Downtown,,0,3331,shp-232-51,1,1
82090,232,1,232 Downtown,,0,4331,shp-232-51,1,1
1713010,232,4,232 Downtown,,0,2331,shp-232-51,1,1
162090,232,1,232 Downtown,,0,1331,shp-232-51,1,1
2033090,232,1,232 Downtown,,0,2331,shp-232-51,1,1
1077070,232,2,232 Downtown,,0,1331,shp-232-51,1,1
1007070,232,2,232 Downtown,,0,2331,shp-232-51,1,1
1649070,232,2,232 Downtown,,0,4331,shp-232-51,1,1
1872090,232,1,232 Downtown,,0,5331,shp-232-51,1,1
407070,232,2,232 Downtown,,0,2331,shp-232-51,1,1
1428090,232,1,232 Downtown,,0,4331,shp-232-51,1,1
1176020,232,3,232 Downtown,,0,3331,shp-232-51,1,1
76070,232,2,232 Downtown,,0,2331,shp-232-51,1,1
2448070,232,2,232 Downtown,,0,2331,shp-232-51,1,1
2225010,232,4,232 Downtown,,0,2331,shp-232-51,1,1
2493020,232,3,232 Downtown,,0,2331,shp-232-51,1,1
2321070,232,2,232 Downtown,,0,1331,shp-232-51,1,1
1221070,232,2,232 Downtown,,0,4331,shp-232-51,1,1
1050020,232,3,232 Downtown,,0,5331,shp-232-51,1,1
2444010,232,4,232 Downtown,,0,2331,shp-232-51,1,1
1807070,232,2,232 Downtown,,0,2331,shp-232-51,1,1
2521020,232,3,232 Downtown,,0,2331,shp-232-51,1,1
2256020,232,3,232 Downtown,,0,3331,shp-232-51,1,1
1128010,232,4,232 Downtown,,0,1331,shp-232-51,1,1
272070,232,2,232 Downtown,,0,4331,shp-232-51,1,1
101020,232,3,232 Downtown,,0,1331,shp-232-51,1,1
2176090,232,1,232 Downtown,,0,1331,shp-232-51,1,1
133020,232,3,232 Downtown,,0,1331,shp-232-51,1,1
1698020,232,3,232 Downtown,,0,3331,shp-232-51,1,1
1502090,232,1,232 Downtown,,0,3331,shp-232-51,1,1
1194090,232,1,232 Downtown,,0,2331,shp-232-51,1,1
881090,232,1,232 Downtown,,0,2331,shp-232-51,1,1
624090,232,1,232 Downtown,,0,3331,shp-232-51,1,1
2064070,232,2,232 Downtown,,0,1331,shp-232-51,1,1
314020,232,3,232 Downtown,,0,4331,shp-232-51,1,1
1432010,232,4,232 Downtown,,0,1331,shp-232-51,1,1
101090,232,1,232 Downtown,,0,1331,shp-232-51,1,1
624020,232,3,232 Downtown,,0,3331,shp-232-51,1,1
1651070,232,2,232 Downtown,,0,4331,shp-232-51,1,1
1917090,232,1,232 Downtown,,0,1331,shp-232-51,1,1
1690090,232,1,232 Downtown,,0,2331,shp-232-51,1,1
1176090,232,1,232 Downtown,,0,3331,shp-232-51,1,1
691090,232,1,232 Downtown,,0,2331,shp-232-51,1,1
244010,232,4,232 Downtown,,0,2331,shp-232-51,1,1
1872020,232,3,232 Downtown,,0,5331,shp-232-51,1,1
1902090,232,1,232 Downtown,,0,5331,shp-232-51,1,1
2263090,232,1,232 Downtown,,0,5331,shp-232-51,1,1
1285020,232,3,232 Downtown,,0,2331,shp-232-51,1,1
1406090,232,1,232 Downtown,,0,2331,shp-232-51,1,1
1816090,232,1,232 Downtown,,0,4331,shp-232-51,1,1
1345010,232,4,232 Downtown,,0,1331,shp-232-51,1,1
2519020,232,3,232 Downtown,,0,4331,shp-232-51,1,1
1973020,232,3,232 Downtown,,0,3331,shp-232-51,1,1
1406020,232,3,232 Downtown,,0,2331,shp-232-51,1,1
2136010,232,4,232 Downtown,,0,1331,shp-232-51,1,1
2426090,232,1,232 Downtown,,0,1331,shp-232-51,1,1
560010,232,4,232 Downtown,,0,2331,shp-232-51,1,1
144070,232,2,232 Downtown,,0,3331,shp-232-51,1,1
2100090,232,1,232 Downtown,,0,1331,shp-232-51,1,1
2297090,232,1,232 Downtown,,0,4331,shp-232-51,1,1
2367010,232,4,232 Downtown,,0,2331,shp-232-51,1,1
2380010,232,4,232 Downtown,,0,2331,shp-232-51,1,1
1999070,232,2,232 Downtown,,0,4331,shp-232-51,1,1
84070,232,2,232 Downtown,,0,4331,shp-232-51,1,1
2051010,232,4,232 Downtown,,0,1331,shp-232-51,1,1
2469010,232,4,232 Downtown,,0,1331,shp-232-51,1,1
922070,232,2,232 Downtown,,0,2331,shp-232-51,1,1
79090,232,1,232 Downtown,,0,1331,shp-232-51,1,1
1194020,232,3,232 Downtown,,0,2331,shp-232-51,1,1
278070,232,2,232 Downtown,,0,2331,shp-232-51,1,1
145010,232,4,232 Downtown,,0,1331,shp-232-51,1,1
2081070,232,2,232 Downtown,,0,2331,shp-232-51,1,1
1941070,232,2,232 Downtown,,0,4331,shp-232-51,1,1
1902020,232,3,232 Downtown,,0,5331,shp-232-51,1,1
1353070,232,2,232 Downtown,,0,4331,shp-232-51,1,1
1868020,232,3,232 Downtown,,0,4331,shp-232-51,1,1
1838020,232,3,232 Downtown,,0,3331,shp-232-51,1,1
441010,232,4,232 Downtown,,0,2331,shp-232-51,1,1
1372020,232,3,232 Downtown,,0,1331,shp-232-51,1,1
1646020,232,3,232 Downtown,,0,3331,shp-232-51,1,1
133090,232,1,232 Downtown,,0,1331,shp-232-51,1,1
535090,232,1,232 Downtown,,0,3331,shp-232-51,1,1
2094090,232,1,232 Downtown,,0,1331,shp-232-51,1,1
379020,232,3,232 Downtown,,0,4331,shp-232-51,1,1
1625090,232,1,232 Downtown,,0,5331,shp-232-51,1,1
1132070,232,2,232 Downtown,,0,2331,shp-232-51,1,1
1471070,232,2,232 Downtown,,0,1331,shp-232-51,1,1
1625020,232,3,232 Downtown,,0,5331,shp-232-51,1,1
2256090,232,1,232 Downtown,,0,3331,shp-232-51,1,1
630020,232,3,232 Downtown,,0,4331,shp-232-51,1,1
1622070,232,2,232 Downtown,,0,3331,shp-232-51,1,1
822070,232,2,232 Downtown,,0,3331,shp-232-51,1,1
1265070,232,2,232 Downtown,,0,1331,shp-232-51,1,1
265070,232,2,232 Downtown,,0,2331,shp-232-51,1,1
586070,232,2,232 Downtown,,0,4331,shp-232-51,1,1
2100020,232,3,232 Downtown,,0,1331,shp-232-51,1,1
2297020,232,3,232 Downtown,,0,4331,shp-232-51,1,1
817020,232,3,232 Downtown,,0,4331,shp-232-51,1,1
350020,232,3,232 Downtown,,0,3331,shp-232-51,1,1
1646090,232,1,232 Downtown,,0,3331,shp-232-51,1,1
82020,232,3,232 Downtown,,0,4331,shp-232-51,1,1
314090,232,1,232 Downtown,,0,4331,shp-232-51,1,1
2094020,232,3,232 Downtown,,0,1331,shp-232-51,1,1
1321070,232,2,232 Downtown,,0,4331,shp-232-51,1,1
2263020,232,3,232 Downtown,,0,5331,shp-232-51,1,1
899020,232,3,232 Downtown,,0,2331,shp-232-51,1,1
2211010,232,4,232 Downtown,,0,2331,shp-232-51,1,1
1829090,232,1,232 Downtown,,0,1331,shp-232-51,1,1
2426020,232,3,232 Downtown,,0,1331,shp-232-51,1,1
1030020,232,3,232 Downtown,,0,4331,shp-232-51,1,1
379090,232,1,232 Downtown,,0,4331,shp-232-51,1,1
1973090,232,1,232 Downtown,,0,3331,shp-232-51,1,1
1816020,232,3,232 Downtown,,0,4331,shp-232-51,1,1
140020,232,3,232 Downtown,,0,4331,shp-232-51,1,1
315020,232,3,232 Downtown,,0,2331,shp-232-51,1,1
87070,232,2,232 Downtown,,0,3331,shp-232-51,1,1
217090,232,1,232 Downtown,,0,3331,shp-232-51,1,1
1372090,232,1,232 Downtown,,0,1331,shp-232-51,1,1
81070,232,2,232 Downtown,,0,4331,shp-232-51,1,1
2551070,232,2,232 Downtown,,0,2331,shp-232-51,1,1
1023070,232,2,232 Downtown,,0,3331,shp-232-51,1,1
1037070,232,2,232 Downtown,,0,1331,shp-232-51,1,1
1838090,232,1,232 Downtown,,0,3331,shp-232-51,1,1
203070,232,2,232 Downtown,,0,2331,shp-232-51,1,1
2176020,232,3,232 Downtown,,0,1331,shp-232-51,1,1
350090,232,1,232 Downtown,,0,3331,shp-232-51,1,1
2643070,232,2,232 Downtown,,0,3331,shp-232-51,1,1
1718070,232,2,232 Downtown,,0,3331,shp-232-51,1,1
881020,232,3,232 Downtown,,0,2331,shp-232-51,1,1
1917020,232,3,232 Downtown,,0,1331,shp-232-51,1,1
2521090,232,1,232 Downtown,,0,2331,shp-232-51,1,1
1219010,232,4,232 Downtown,,0,2331,shp-232-51,1,1
1030090,232,1,232 Downtown,,0,4331,shp-232-51,1,1
1878070,232,2,232 Downtown,,0,1331,shp-232-51,1,1
1690020,232,3,232 Downtown,,0,2331,shp-232-51,1,1
1591020,232,3,232 Downtown,,0,4331,shp-232-51,1,1
1428020,232,3,232 Downtown,,0,4331,shp-232-51,1,1
1698090,232,1,232 Downtown,,0,3331,shp-232-51,1,1
1285090,232,1,232 Downtown,,0,2331,shp-232-51,1,1
1829020,232,3,232 Downtown,,0,1331,shp-232-51,1,1
2515020,232,3,232 Downtown,,0,4331,shp-232-51,1,1
217020,232,3,232 Downtown,,0,3331,shp-232-51,1,1
627010,232,4,232 Downtown,,0,1331,shp-232-51,1,1
2519090,232,1,232 Downtown,,0,4331,shp-232-51,1,1
2515090,232,1,232 Downtown,,0,4331,shp-232-51,1,1
535020,232,3,232 Downtown,,0,3331,shp-232-51,1,1
2010070,232,2,232 Downtown,,0,4331,shp-232-51,1,1
1734070,232,2,232 Downtown,,0,1331,shp-232-51,1,1
1502020,232,3,232 Downtown,,0,3331,shp-232-51,1,1
1512010,232,4,232 Downtown,,0,1331,shp-232-51,1,1
691020,232,3,232 Downtown,,0,2331,shp-232-51,1,1
140090,232,1,232 Downtown,,0,4331,shp-232-51,1,1
2033020,232,3,232 Downtown,,0,2331,shp-232-51,1,1
1286070,24,2,24 Cordata/WCC,,1,114,shp-24-01,1,1
960010,24,4,24 Cordata/WCC,,1,114,shp-24-01,1,1
2541020,24,3,24 Cordata/WCC,,1,114,shp-24-01,1,1
2345090,24,1,24 Cordata/WCC,,1,114,shp-24-01,1,1
2234020,24,3,24 Cordata/WCC,,1,214,shp-24-01,1,1
821010,24,4,24 Cordata/WCC,,1,214,shp-24-01,1,1
1636010,24,4,24 Cordata/WCC,,1,114,shp-24-01,1,1
753020,24,3,24 Cordata/WCC,,1,214,shp-24-01,1,1
711070,24,2,24 Cordata/WCC,,1,214,shp-24-01,1,1
1616070,24,2,24 Cordata/WCC,,1,429,shp-24-01,1,1
1749070,24,2,24 Cordata/WCC,,1,214,shp-24-01,1,1
125010,24,4,24 Cordata/WCC,,1,214,shp-24-01,1,1
124020,24,3,24 Cordata/WCC,,1,214,shp-24-01,1,1
124090,24,1,24 Cordata/WCC,,1,214,shp-24-01,1,1
2234090,24,1,24 Cordata/WCC,,1,214,shp-24-01,1,1
1667090,24,1,24 Cordata/WCC,,1,229,shp-24-01,1,1
363010,24,4,24 Cordata/WCC,,1,214,shp-24-01,1,1
626070,24,2,24 Cordata/WCC,,1,214,shp-24-01,1,1
1150020,24,3,24 Cordata/WCC,,1,114,shp-24-01,1,1
2452010,24,4,24 Cordata/WCC,,1,214,shp-24-01,1,1
1645070,24,2,24 Cordata/WCC,,1,114,shp-24-01,1,1
1240020,24,3,24 Cordata/WCC,,1,229,shp-24-01,1,1
1733070,24,2,24 Cordata/WCC,,1,329,shp-24-01,1,1
2541090,24,1,24 Cordata/WCC,,1,114,shp-24-01,1,1
1667020,24,3,24 Cordata/WCC,,1,229,shp-24-01,1,1
1615010,24,4,24 Cordata/WCC,,1,114,shp-24-01,1,1
1837090,24,1,24 Cordata/WCC,,1,214,shp-24-01,1,1
406010,24,4,24 Cordata/WCC,,1,214,shp-24-01,1,1
1819020,24,3,24 Cordata/WCC,,1,429,shp-24-01,1,1
1052020,24,3,24 Cordata/WCC,,1,114,shp-24-01,1,1
1227010,24,4,24 Cordata/WCC,,1,114,shp-24-01,1,1
2627070,24,2,24 Cordata/WCC,,1,214,shp-24-01,1,1
1909020,24,3,24 Cordata/WCC,,1,214,shp-24-01,1,1
766020,24,3,24 Cordata/WCC,,1,114,shp-24-01,1,1
1038070,24,2,24 Cordata/WCC,,1,114,shp-24-01,1,1
827070,24,2,24 Cordata/WCC,,1,114,shp-24-01,1,1
1582070,24,2,24 Cordata/WCC,,1,214,shp-24-01,1,1
1595010,24,4,24 Cordata/WCC,,1,114,shp-24-01,1,1
1909090,24,1,24 Cordata/WCC,,1,214,shp-24-01,1,1
90070,24,2,24 Cordata/WCC,,1,214,shp-24-01,1,1
766090,24,1,24 Cordata/WCC,,1,114,shp-24-01,1,1
17010,24,4,24 Cordata/WCC,,1,214,shp-24-01,1,1
2393070,24,2,24 Cordata/WCC,,1,114,shp-24-01,1,1
2463020,24,3,24 Cordata/WCC,,1,429,shp-24-01,1,1
1691020,24,3,24 Cordata/WCC,,1,214,shp-24-01,1,1
1837020,24,3,24 Cordata/WCC,,1,214,shp-24-01,1,1
753090,24,1,24 Cordata/WCC,,1,214,shp-24-01,1,1
1691090,24,1,24 Cordata/WCC,,1,214,shp-24-01,1,1
1215020,24,3,24 Cordata/WCC,,1,114,shp-24-01,1,1
1150090,24,1,24 Cordata/WCC,,1,114,shp-24-01,1,1
1819090,24,1,24 Cordata/WCC,,1,429,shp-24-01,1,1
109070,24,2,24 Cordata/WCC,,1,329,shp-24-01,1,1
108070,24,2,24 Cordata/WCC,,1,429,shp-24-01,1,1
2345020,24,3,24 Cordata/WCC,,1,114,shp-24-01,1,1
1215090,24,1,24 Cordata/WCC,,1,114,shp-24-01,1,1
1444010,24,4,24 Cordata/WCC,,1,114,shp-24-01,1,1
2463090,24,1,24 Cordata/WCC,,1,429,shp-24-01,1,1
1240090,24,1,24 Cordata/WCC,,1,229,shp-24-01,1,1
1052090,24,1,24 Cordata/WCC,,1,114,shp-24-01,1,1
2502010,24,4,24 Tremont,,0,114,shp-24-51,1,1
1092010,24,4,24 Tremont,,0,214,shp-24-51,1,1
521020,24,3,24 Tremont,,0,214,shp-24-51,1,1
2592020,24,3,24 Tremont,,0,429,shp-24-51,1,1
384010,24,4,24 Tremont,,0,114,shp-24-51,1,1
2143090,24,1,24 Tremont,,0,114,shp-24-51,1,1
1742020,24,3,24 Tremont,,0,229,shp-24-51,1,1
2175070,24,2,24 Tremont,,0,114,shp-24-51,1,1
1118070,24,2,24 Tremont,,0,214,shp-24-51,1,1
1737020,24,3,24 Tremont,,0,114,shp-24-51,1,1
2073020,24,3,24 Tremont,,0,429,shp-24-51,1,1
1943070,24,2,24 Tremont,,0,429,shp-24-51,1,1
2073090,24,1,24 Tremont,,0,429,shp-24-51,1,1
1675090,24,1,24 Tremont,,0,214,shp-24-51,1,1
463070,24,2,24 Tremont,,0,329,shp-24-51,1,1
1139070,24,2,24 Tremont,,0,214,shp-24-51,1,1
1377090,24,1,24 Tremont,,0,229,shp-24-51,1,1
16010,24,4,24 Tremont,,0,114,shp-24-51,1,1
134020,24,3,24 Tremont,,0,214,shp-24-51,1,1
2586010,24,4,24 Tremont,,0,214,shp-24-51,1,1
1770070,24,2,24 Tremont,,0,114,shp-24-51,1,1
1044090,24,1,24 Tremont,,0,114,shp-24-51,1,1
2143020,24,3,24 Tremont,,0,114,shp-24-51,1,1
1522020,24,3,24 Tremont,,0,214,shp-24-51,1,1
644070,24,2,24 Tremont,,0,214,shp-24-51,1,1
1377020,24,3,24 Tremont,,0,229,shp-24-51,1,1
562090,24,1,24 Tremont,,0,214,shp-24-51,1,1
1261010,24,4,24 Tremont,,0,214,shp-24-51,1,1
1044020,24,3,24 Tremont,,0,114,shp-24-51,1,1
2221090,24,1,24 Tremont,,0,214,shp-24-51,1,1
1737090,24,1,24 Tremont,,0,114,shp-24-51,1,1
2381070,24,2,24 Tremont,,0,329,shp-24-51,1,1
749070,24,2,24 Tremont,,0,214,shp-24-51,1,1
1534020,24,3,24 Tremont,,0,114,shp-24-51,1,1
1297070,24,2,24 Tremont,,0,214,shp-24-51,1,1
562020,24,3,24 Tremont,,0,214,shp-24-51,1,1
712010,24,4,24 Tremont,,0,114,shp-24-51,1,1
1508010,24,4,24 Tremont,,0,214,shp-24-51,1,1
134090,24,1,24 Tremont,,0,214,shp-24-51,1,1
2221020,24,3,24 Tremont,,0,214,shp-24-51,1,1
1531090,24,1,24 Tremont,,0,114,shp-24-51,1,1
1495070,24,2,24 Tremont,,0,429,shp-24-51,1,1
1945010,24,4,24 Tremont,,0,114,shp-24-51,1,1
1560010,24,4,24 Tremont,,0,214,shp-24-51,1,1
1531020,24,3,24 Tremont,,0,114,shp-24-51,1,1
1379070,24,2,24 Tremont,,0,214,shp-24-51,1,1
875090,24,1,24 Tremont,,0,114,shp-24-51,1,1
501070,24,2,24 Tremont,,0,114,shp-24-51,1,1
2112010,24,4,24 Tremont,,0,214,shp-24-51,1,1
1747070,24,2,24 Tremont,,0,114,shp-24-51,1,1
521090,24,1,24 Tremont,,0,214,shp-24-51,1,1
1522090,24,1,24 Tremont,,0,214,shp-24-51,1,1
1675020,24,3,24 Tremont,,0,214,shp-24-51,1,1
1534090,24,1,24 Tremont,,0,114,shp-24-51,1,1
1665070,24,2,24 Tremont,,0,114,shp-24-51,1,1
875020,24,3,24 Tremont,,0,114,shp-24-51,1,1
2592090,24,1,24 Tremont,,0,429,shp-24-51,1,1
1742090,24,1,24 Tremont,,0,229,shp-24-51,1,1
527010,24,4,24 Tremont,,0,114,shp-24-51,1,1
218070,26,2,26 Cordata/WCC,,1,226,shp-26-01,1,1
1693020,26,3,26 Cordata/WCC,,1,126,shp-26-01,1,1
309090,26,1,26 Cordata/WCC,,1,126,shp-26-01,1,1
245090,26,1,26 Cordata/WCC,,1,226,shp-26-01,1,1
876070,26,2,26 Cordata/WCC,,1,126,shp-26-01,1,1
432010,26,4,26 Cordata/WCC,,1,226,shp-26-01,1,1
372090,26,1,26 Cordata/WCC,,1,226,shp-26-01,1,1
966010,26,4,26 Cordata/WCC,,1,226,shp-26-01,1,1
431090,26,1,26 Cordata/WCC,,1,126,shp-26-01,1,1
2368020,26,3,26 Cordata/WCC,,1,226,shp-26-01,1,1
2012010,26,4,26 Cordata/WCC,,1,126,shp-26-01,1,1
2368090,26,1,26 Cordata/WCC,,1,226,shp-26-01,1,1
565020,26,3,26 Cordata/WCC,,1,126,shp-26-02,1,1
565090,26,1,26 Cordata/WCC,,1,126,shp-26-02,1,1
1220020,26,3,26 Cordata/WCC,,1,126,shp-26-01,1,1
431020,26,3,26 Cordata/WCC,,1,126,shp-26-01,1,1
2365070,26,2,26 Cordata/WCC,,1,126,shp-26-01,1,1
1758010,26,4,26 Cordata/WCC,,1,226,shp-26-01,1,1
245020,26,3,26 Cordata/WCC,,1,226,shp-26-01,1,1
1328020,26,3,26 Cordata/WCC,,1,126,shp-26-01,1,1
1148070,26,2,26 Cordata/WCC,,1,126,shp-26-01,1,1
1659070,26,2,26 Cordata/WCC,,1,126,shp-26-01,1,1
113020,26,3,26 Cordata/WCC,,1,226,shp-26-01,1,1
1393010,26,4,26 Cordata/WCC,,1,126,shp-26-01,1,1
1060020,26,3,26 Cordata/WCC,,1,4232,shp-26-01,1,1
544020,26,3,26 Cordata/WCC,,1,126,shp-26-01,1,1
556010,26,4,26 Cordata/WCC,,1,126,shp-26-01,1,1
2040070,26,2,26 Cordata/WCC,,1,126,shp-26-01,1,1
1412020,26,3,26 Cordata/WCC,,1,226,shp-26-01,1,1
1706090,26,1,26 Cordata/WCC,,1,126,shp-26-01,1,1
1693090,26,1,26 Cordata/WCC,,1,126,shp-26-01,1,1
2472070,26,2,26 Cordata/WCC,,1,226,shp-26-01,1,1
868010,26,4,26 Cordata/WCC,,1,126,shp-26-01,1,1
650070,26,2,26 Cordata/WCC,,1,226,shp-26-01,1,1
1706020,26,3,26 Cordata/WCC,,1,126,shp-26-01,1,1
1412090,26,1,26 Cordata/WCC,,1,226,shp-26-01,1,1
309020,26,3,26 Cordata/WCC,,1,126,shp-26-01,1,1
1175010,26,4,26 Cordata/WCC,,1,126,shp-26-01,1,1
909070,26,2,26 Cordata/WCC,,1,226,shp-26-01,1,1
641090,26,1,26 Cordata/WCC,,1,226,shp-26-01,1,1
113090,26,1,26 Cordata/WCC,,1,226,shp-26-01,1,1
2524070,26,2,26 Cordata/WCC,,1,126,shp-26-01,1,1
544090,26,1,26 Cordata/WCC,,1,126,shp-26-01,1,1
372020,26,3,26 Cordata/WCC,,1,226,shp-26-01,1,1
978070,26,2,26 Cordata/WCC,,1,226,shp-26-01,1,1
1569010,26,4,26 Cordata/WCC,,1,226,shp-26-01,1,1
703010,26,4,26 Cordata/WCC,,1,226,shp-26-01,1,1
641020,26,3,26 Cordata/WCC,,1,226,shp-26-01,1,1
1328090,26,1,26 Cordata/WCC,,1,126,shp-26-01,1,1
197010,26,4,26 Cordata/WCC,,1,126,shp-26-01,1,1
771070,26,2,26 Cordata/WCC,,1,226,shp-26-01,1,1
1220090,26,1,26 Cordata/WCC,,1,126,shp-26-01,1,1
1060090,26,1,26 Cordata/WCC,,1,4232,shp-26-01,1,1
785070,26,2,26 Lynden,,0,226,shp-26-51,1,1
1177090,26,1,26 Lynden,,0,126,shp-26-52,1,1
1017020,26,3,26 Lynden,,0,126,shp-26-52,1,1
814070,26,2,26 Lynden,,0,226,shp-26-52,1,1
784010,26,4,26 Lynden,,0,226,shp-26-52,1,1
2548090,26,1,26 Lynden,,0,226,shp-26-52,1,1
2215020,26,3,26 Lynden,,0,126,shp-26-52,1,1
1632070,26,2,26 Lynden,,0,126,shp-26-52,1,1
1805090,26,1,26 Lynden,,0,126,shp-26-52,1,1
1678010,26,4,26 Lynden,,0,126,shp-26-52,1,1
1382020,26,3,26 Lynden,,0,226,shp-26-52,1,1
841010,26,4,26 Lynden,,0,226,shp-26-52,1,1
887090,26,1,26 Lynden,,0,126,shp-26-52,1,1
392070,26,2,26 Lynden,,0,126,shp-26-52,1,1
667010,26,4,26 Lynden,,0,226,shp-26-52,1,1
801070,26,2,26 Lynden,,0,126,shp-26-52,1,1
420020,26,3,26 Lynden,,0,226,shp-26-52,1,1
1805020,26,3,26 Lynden,,0,126,shp-26-52,1,1
887020,26,3,26 Lynden,,0,126,shp-26-52,1,1
1282070,26,2,26 Lynden,,0,126,shp-26-52,1,1
1198010,26,4,26 Lynden,,0,226,shp-26-52,1,1
859070,26,2,26 Lynden,,0,226,shp-26-52,1,1
914070,26,2,26 Lynden,,0,126,shp-26-52,1,1
2384090,26,1,26 Lynden,,0,126,shp-26-52,1,1
2170070,26,2,26 Lynden,,0,226,shp-26-52,1,1
2548020,26,3,26 Lynden,,0,226,shp-26-52,1,1
1658020,26,3,26 Lynden,,0,226,shp-26-52,1,1
2215090,26,1,26 Lynden,,0,126,shp-26-52,1,1
1658090,26,1,26 Lynden,,0,226,shp-26-52,1,1
1906010,26,4,26 Lynden,,0,126,shp-26-52,1,1
263070,26,2,26 Lynden,,0,226,shp-26-52,1,1
1415010,26,4,26 Lynden,,0,126,shp-26-52,1,1
172090,26,1,26 Lynden,,0,226,shp-26-52,1,1
2128010,26,4,26 Lynden,,0,126,shp-26-52,1,1
2648020,26,3,26 Lynden,,0,126,shp-26-52,1,1
2648090,26,1,26 Lynden,,0,126,shp-26-52,1,1
100020,26,3,26 Lynden,,0,4232,shp-26-51,1,1
1382090,26,1,26 Lynden,,0,226,shp-26-52,1,1
73070,26,2,26 Lynden,,0,126,shp-26-52,1,1
420090,26,1,26 Lynden,,0,226,shp-26-52,1,1
2432020,26,3,26 Lynden,,0,126,shp-26-52,1,1
884010,26,4,26 Lynden,,0,126,shp-26-52,1,1
98020,26,3,26 Lynden,,0,226,shp-26-52,1,1
100090,26,1,26 Lynden,,0,4232,shp-26-51,1,1
1017090,26,1,26 Lynden,,0,126,shp-26-52,1,1
1267070,26,2,26 Lynden,,0,226,shp-26-52,1,1
2384020,26,3,26 Lynden,,0,126,shp-26-52,1,1
2432090,26,1,26 Lynden,,0,126,shp-26-52,1,1
172020,26,3,26 Lynden,,0,226,shp-26-52,1,1
713010,26,4,26 Lynden,,0,126,shp-26-52,1,1
1177020,26,3,26 Lynden,,0,126,shp-26-52,1,1
98090,26,1,26 Lynden,,0,226,shp-26-52,1,1
1879010,26,4,26 Lynden,,0,226,shp-26-52,1,1
461070,27,2,27 Cordata/WCC,,1,23,shp-27-01,1,1
1914010,27,4,27 Cordata/WCC,,1,127,shp-27-01,1,1
826070,27,2,27 Cordata/WCC,,1,43,shp-27-01,1,1
224090,27,1,27 Cordata/WCC,,1,33,shp-27-01,1,1
2312020,27,3,27 Cordata/WCC,,1,33,shp-27-01,1,1
2047090,27,1,27 Cordata/WCC,,1,33,shp-27-01,1,1
623010,27,4,27 Cordata/WCC,,1,127,shp-27-01,1,1
1097020,27,3,27 Cordata/WCC,,1,43,shp-27-01,1,1
1413090,27,1,27 Cordata/WCC,,1,23,shp-27-01,1,1
1097090,27,1,27 Cordata/WCC,,1,43,shp-27-01,1,1
2103010,27,4,27 Cordata/WCC,,1,127,shp-27-01,1,1
268010,27,4,27 Cordata/WCC,,1,127,shp-27-01,1,1
2650020,27,3,27 Cordata/WCC,,1,23,shp-27-01,1,1
2620020,27,3,27 Cordata/WCC,,1,13,shp-27-01,1,1
666070,27,2,27 Cordata/WCC,,1,33,shp-27-01,1,1
2238010,27,4,27 Cordata/WCC,,1,127,shp-27-01,1,1
2546070,27,2,27 Cordata/WCC,,1,33,shp-27-01,1,1
374010,27,4,27 Cordata/WCC,,1,127,shp-27-01,1,1
1323020,27,3,27 Cordata/WCC,,1,23,shp-27-01,1,1
1972020,27,3,27 Cordata/WCC,,1,13,shp-27-01,1,1
2650090,27,1,27 Cordata/WCC,,1,23,shp-27-01,1,1
1488020,27,3,27 Cordata/WCC,,1,33,shp-27-01,1,1
1387020,27,3,27 Cordata/WCC,,1,43,shp-27-01,1,1
1323090,27,1,27 Cordata/WCC,,1,23,shp-27-01,1,1
1494070,27,2,27 Cordata/WCC,,1,43,shp-27-01,1,1
117090,27,1,27 Cordata/WCC,,1,43,shp-27-01,1,1
2620090,27,1,27 Cordata/WCC,,1,13,shp-27-01,1,1
2246090,27,1,27 Cordata/WCC,,1,13,shp-27-01,1,1
1488090,27,1,27 Cordata/WCC,,1,33,shp-27-01,1,1
2047020,27,3,27 Cordata/WCC,,1,33,shp-27-01,1,1
2639070,27,2,27 Cordata/WCC,,1,13,shp-27-01,1,1
1338070,27,2,27 Cordata/WCC,,1,23,shp-27-01,1,1
393020,27,3,27 Cordata/WCC,,1,13,shp-27-01,1,1
1203070,27,2,27 Cordata/WCC,,1,33,shp-27-01,1,1
1383070,27,2,27 Cordata/WCC,,1,13,shp-27-01,1,1
393090,27,1,27 Cordata/WCC,,1,13,shp-27-01,1,1
1387090,27,1,27 Cordata/WCC,,1,43,shp-27-01,1,1
224020,27,3,27 Cordata/WCC,,1,33,shp-27-01,1,1
1972090,27,1,27 Cordata/WCC,,1,13,shp-27-01,1,1
845090,27,1,27 Cordata/WCC,,1,33,shp-27-01,1,1
654070,27,2,27 Cordata/WCC,,1,43,shp-27-01,1,1
1331070,27,2,27 Cordata/WCC,,1,23,shp-27-01,1,1
845020,27,3,27 Cordata/WCC,,1,33,shp-27-01,1,1
1880010,27,4,27 Cordata/WCC,,1,127,shp-27-01,1,1
685010,27,4,27 Cordata/WCC,,1,127,shp-27-01,1,1
2312090,27,1,27 Cordata/WCC,,1,33,shp-27-01,1,1
1413020,27,3,27 Cordata/WCC,,1,23,shp-27-01,1,1
2246020,27,3,27 Cordata/WCC,,1,13,shp-27-01,1,1
117020,27,3,27 Cordata/WCC,,1,43,shp-27-01,1,1
959090,27,1,27 Ferndale,,0,23,shp-27-51,1,1
1864020,27,3,27 Ferndale,,0,13,shp-27-51,1,1
1005020,27,3,27 Ferndale,,0,33,shp-27-51,1,1
959020,27,3,27 Ferndale,,0,23,shp-27-51,1,1
1828070,27,2,27 Ferndale,,0,13,shp-27-51,1,1
756010,27,4,27 Ferndale,,0,127,shp-27-51,1,1
18070,27,2,27 Ferndale,,0,43,shp-27-51,1,1
815020,27,3,27 Ferndale,,0,13,shp-27-51,1,1
2629090,27,1,27 Ferndale,,0,33,shp-27-51,1,1
965090,27,1,27 Ferndale,,0,33,shp-27-51,1,1
2629020,27,3,27 Ferndale,,0,33,shp-27-51,1,1
1543070,27,2,27 Ferndale,,0,33,shp-27-51,1,1
725010,27,4,27 Ferndale,,0,127,shp-27-51,1,1
331020,27,3,27 Ferndale,,0,43,shp-27-51,1,1
2310020,27,3,27 Ferndale,,0,33,shp-27-51,1,1
334070,27,2,27 Ferndale,,0,43,shp-27-51,1,1
2320020,27,3,27 Ferndale,,0,13,shp-27-51,1,1
1993070,27,2,27 Ferndale,,0,13,shp-27-51,1,1
421070,27,2,27 Ferndale,,0,43,shp-27-51,1,1
2310090,27,1,27 Ferndale,,0,33,shp-27-51,1,1
2320090,27,1,27 Ferndale,,0,13,shp-27-51,1,1
1669090,27,1,27 Ferndale,,0,23,shp-27-51,1,1
584090,27,1,27 Ferndale,,0,43,shp-27-51,1,1
351010,27,4,27 Ferndale,,0,127,shp-27-51,1,1
1864090,27,1,27 Ferndale,,0,13,shp-27-51,1,1
1800070,27,2,27 Ferndale,,0,23,shp-27-51,1,1
1456010,27,4,27 Ferndale,,0,127,shp-27-51,1,1
259090,27,1,27 Ferndale,,0,43,shp-27-51,1,1
1337070,27,2,27 Ferndale,,0,33,shp-27-51,1,1
1967070,27,2,27 Ferndale,,0,23,shp-27-51,1,1
1916090,27,1,27 Ferndale,,0,33,shp-27-51,1,1
584020,27,3,27 Ferndale,,0,43,shp-27-51,1,1
815090,27,1,27 Ferndale,,0,13,shp-27-51,1,1
2056090,27,1,27 Ferndale,,0,13,shp-27-51,1,1
1553010,27,4,27 Ferndale,,0,127,shp-27-51,1,1
806010,27,4,27 Ferndale,,0,127,shp-27-51,1,1
219010,27,4,27 Ferndale,,0,127,shp-27-51,1,1
2056020,27,3,27 Ferndale,,0,13,shp-27-51,1,1
259020,27,3,27 Ferndale,,0,43,shp-27-51,1,1
2649010,27,4,27 Ferndale,,0,127,shp-27-51,1,1
331090,27,1,27 Ferndale,,0,43,shp-27-51,1,1
207070,27,2,27 Ferndale,,0,23,shp-27-51,1,1
1669020,27,3,27 Ferndale,,0,23,shp-27-51,1,1
1521020,27,3,27 Ferndale,,0,23,shp-27-51,1,1
1521090,27,1,27 Ferndale,,0,23,shp-27-51,1,1
1727070,27,2,27 Ferndale,,0,33,shp-27-51,1,1
965020,27,3,27 Ferndale,,0,33,shp-27-51,1,1
1005090,27,1,27 Ferndale,,0,33,shp-27-51,1,1
1916020,27,3,27 Ferndale,,0,33,shp-27-51,1,1
780020,29,3,29 Cordata/WCC,,1,329,shp-29-01,1,1
1002090,29,1,29 Cordata/WCC,,1,129,shp-29-01,1,1
780090,29,1,29 Cordata/WCC,,1,329,shp-29-01,1,1
1238090,29,1,29 Cordata/WCC,,1,329,shp-29-01,1,1
2142020,29,3,29 Cordata/WCC,,1,129,shp-29-01,1,1
1790090,29,1,29 Cordata/WCC,,1,129,shp-29-01,1,1
143020,29,3,29 Cordata/WCC,,1,129,shp-29-01,1,1
2142090,29,1,29 Cordata/WCC,,1,129,shp-29-01,1,1
1041070,29,2,29 Cordata/WCC,,1,229,shp-29-01,1,1
1790020,29,3,29 Cordata/WCC,,1,129,shp-29-01,1,1
2274010,29,4,29 Cordata/WCC,,1,226,shp-29-01,1,1
2417010,29,4,29 Cordata/WCC,,1,126,shp-29-01,1,1
2243010,29,4,29 Cordata/WCC,,1,226,shp-29-01,1,1
2334070,29,2,29 Cordata/WCC,,1,129,shp-29-01,1,1
67090,29,1,29 Cordata/WCC,,1,329,shp-29-01,1,1
67020,29,3,29 Cordata/WCC,,1,329,shp-29-01,1,1
453070,29,2,29 Cordata/WCC,,1,229,shp-29-01,1,1
1238020,29,3,29 Cordata/WCC,,1,329,shp-29-01,1,1
2606070,29,2,29 Cordata/WCC,,1,129,shp-29-01,1,1
1806090,29,1,29 Cordata/WCC,,1,329,shp-29-01,1,1
1810010,29,4,29 Cordata/WCC,,1,126,shp-29-01,1,1
2501010,29,4,29 Cordata/WCC,,1,126,shp-29-01,1,1
1002020,29,3,29 Cordata/WCC,,1,129,shp-29-01,1,1
989070,29,2,29 Cordata/WCC,,1,129,shp-29-01,1,1
926010,29,4,29 Cordata/WCC,,1,226,shp-29-01,1,1
2375070,29,2,29 Cordata/WCC,,1,229,shp-29-01,1,1
587010,29,4,29 Cordata/WCC,,1,126,shp-29-01,1,1
777070,29,2,29 Cordata/WCC,,1,229,shp-29-01,1,1
1982020,29,3,29 Cordata/WCC,,1,129,shp-29-01,1,1
2084090,29,1,29 Cordata/WCC,,1,329,shp-29-01,1,1
57090,29,1,29 Cordata/WCC,,1,329,shp-29-01,1,1
1403070,29,2,29 Cordata/WCC,,1,129,shp-29-01,1,1
57020,29,3,29 Cordata/WCC,,1,329,shp-29-01,1,1
339010,29,4,29 Cordata/WCC,,1,126,shp-29-01,1,1
2387070,29,2,29 Cordata/WCC,,1,229,shp-29-01,1,1
1982090,29,1,29 Cordata/WCC,,1,129,shp-29-01,1,1
1048010,29,4,29 Cordata/WCC,,1,226,shp-29-01,1,1
683010,29,4,29 Cordata/WCC,,1,226,shp-29-01,1,1
1806020,29,3,29 Cordata/WCC,,1,329,shp-29-01,1,1
2595010,29,4,29 Cordata/WCC,,1,226,shp-29-01,1,1
2084020,29,3,29 Cordata/WCC,,1,329,shp-29-01,1,1
2585070,29,2,29 Cordata/WCC,,1,129,shp-29-01,1,1
143090,29,1,29 Cordata/WCC,,1,129,shp-29-01,1,1
2011010,29,4,29 Kline,,0,226,shp-29-51,1,1
1856090,29,1,29 Kline,,0,329,shp-29-51,1,1
2071090,29,1,29 Kline,,0,329,shp-29-51,1,1
1937010,29,4,29 Kline,,0,126,shp-29-51,1,1
233070,29,2,29 Kline,,0,229,shp-29-51,1,1
2140020,29,3,29 Kline,,0,329,shp-29-51,1,1
2399090,29,1,29 Kline,,0,129,shp-29-51,1,1
2129020,29,3,29 Kline,,0,129,shp-29-51,1,1
2503010,29,4,29 Kline,,0,226,shp-29-51,1,1
1277090,29,1,29 Kline,,0,129,shp-29-51,1,1
2129090,29,1,29 Kline,,0,129,shp-29-51,1,1
437020,29,3,29 Kline,,0,329,shp-29-51,1,1
2287070,29,2,29 Kline,,0,129,shp-29-51,1,1
1907090,29,1,29 Kline,,0,129,shp-29-51,1,1
1421090,29,1,29 Kline,,0,329,shp-29-51,1,1
1440090,29,1,29 Kline,,0,129,shp-29-51,1,1
1440020,29,3,29 Kline,,0,129,shp-29-51,1,1
129070,29,2,29 Kline,,0,229,shp-29-51,1,1
437090,29,1,29 Kline,,0,329,shp-29-51,1,1
837070,29,2,29 Kline,,0,229,shp-29-51,1,1
910010,29,4,29 Kline,,0,226,shp-29-51,1,1
1421020,29,3,29 Kline,,0,329,shp-29-51,1,1
367070,29,2,29 Kline,,0,129,shp-29-51,1,1
2151010,29,4,29 Kline,,0,226,shp-29-51,1,1
1173010,29,4,29 Kline,,0,126,shp-29-51,1,1
450010,29,4,29 Kline,,0,126,shp-29-51,1,1
6070,29,2,29 Kline,,0,129,shp-29-51,1,1
2331010,29,4,29 Kline,,0,226,shp-29-51,1,1
614010,29,4,29 Kline,,0,126,shp-29-51,1,1
2332070,29,2,29 Kline,,0,129,shp-29-51,1,1
2071020,29,3,29 Kline,,0,329,shp-29-51,1,1
1856020,29,3,29 Kline,,0,329,shp-29-51,1,1
2190010,29,4,29 Kline,,0,126,shp-29-51,1,1
2140090,29,1,29 Kline,,0,329,shp-29-51,1,1
1277020,29,3,29 Kline,,0,129,shp-29-51,1,1
2399020,29,3,29 Kline,,0,129,shp-29-51,1,1
2218020,29,3,29 Kline,,0,329,shp-29-51,1,1
301070,29,2,29 Kline,,0,129,shp-29-51,1,1
1907020,29,3,29 Kline,,0,129,shp-29-51,1,1
971010,29,4,29 Kline,,0,226,shp-29-51,1,1
1931070,29,2,29 Kline,,0,229,shp-29-51,1,1
2218090,29,1,29 Kline,,0,329,shp-29-51,1,1
1185070,29,2,29 Kline,,0,229,shp-29-51,1,1
1640010,3,4,3 Airport / Cordata,,1,13,shp-3-01,1,1
1367090,3,1,3 Airport / Cordata,,1,43,shp-3-01,1,1
1394010,3,4,3 Airport / Cordata,,1,13,shp-3-01,1,1
580020,3,3,3 Airport / Cordata,,1,13,shp-3-01,1,1
530020,3,3,3 Airport / Cordata,,1,13,shp-3-01,1,1
141020,3,3,3 Airport / Cordata,,1,23,shp-3-01,1,1
451090,3,1,3 Airport / Cordata,,1,33,shp-3-01,1,1
1981090,3,1,3 Airport / Cordata,,1,33,shp-3-01,1,1
2475090,3,1,3 Airport / Cordata,,1,23,shp-3-01,1,1
2427010,3,4,3 Airport / Cordata,,1,23,shp-3-01,1,1
580090,3,1,3 Airport / Cordata,,1,13,shp-3-01,1,1
2023020,3,3,3 Airport / Cordata,,1,23,shp-3-01,1,1
451020,3,3,3 Airport / Cordata,,1,33,shp-3-01,1,1
1475010,3,4,3 Airport / Cordata,,1,23,shp-3-01,1,1
530090,3,1,3 Airport / Cordata,,1,13,shp-3-01,1,1
2475020,3,3,3 Airport / Cordata,,1,23,shp-3-01,1,1
1981020,3,3,3 Airport / Cordata,,1,33,shp-3-01,1,1
1652070,3,2,3 Airport / Cordata,,1,13,shp-3-01,1,1
1335070,3,2,3 Airport / Cordata,,1,43,shp-3-01,1,1
928070,3,2,3 Airport / Cordata,,1,43,shp-3-01,1,1
1076010,3,4,3 Airport / Cordata,,1,23,shp-3-01,1,1
1334090,3,1,3 Airport / Cordata,,1,33,shp-3-01,1,1
1656010,3,4,3 Airport / Cordata,,1,13,shp-3-01,1,1
1435090,3,1,3 Airport / Cordata,,1,33,shp-3-01,1,1
2555010,3,4,3 Airport / Cordata,,1,13,shp-3-01,1,1
2529090,3,1,3 Airport / Cordata,,1,13,shp-3-01,1,1
1367020,3,3,3 Airport / Cordata,,1,43,shp-3-01,1,1
370090,3,1,3 Airport / Cordata,,1,43,shp-3-01,1,1
2026010,3,4,3 Airport / Cordata,,1,23,shp-3-01,1,1
1120070,3,2,3 Airport / Cordata,,1,33,shp-3-01,1,1
1315070,3,2,3 Airport / Cordata,,1,43,shp-3-01,1,1
2023090,3,1,3 Airport / Cordata,,1,23,shp-3-01,1,1
1754070,3,2,3 Airport / Cordata,,1,23,shp-3-01,1,1
2529020,3,3,3 Airport / Cordata,,1,13,shp-3-01,1,1
2061070,3,2,3 Airport / Cordata,,1,13,shp-3-01,1,1
299010,3,4,3 Airport / Cordata,,1,23,shp-3-01,1,1
291070,3,2,3 Airport / Cordata,,1,23,shp-3-01,1,1
920090,3,1,3 Airport / Cordata,,1,43,shp-3-01,1,1
370020,3,3,3 Airport / Cordata,,1,43,shp-3-01,1,1
141090,3,1,3 Airport / Cordata,,1,23,shp-3-01,1,1
732070,3,2,3 Airport / Cordata,,1,33,shp-3-01,1,1
1435020,3,3,3 Airport / Cordata,,1,33,shp-3-01,1,1
1056010,3,4,3 Airport / Cordata,,1,13,shp-3-01,1,1
1427070,3,2,3 Airport / Cordata,,1,33,shp-3-01,1,1
250070,3,2,3 Airport / Cordata,,1,13,shp-3-01,1,1
920020,3,3,3 Airport / Cordata,,1,43,shp-3-01,1,1
1334020,3,3,3 Airport / Cordata,,1,33,shp-3-01,1,1
2096020,3,3,3 Airport/Downtown,,0,23,shp-3-51,1,1
2504070,3,2,3 Airport/Downtown,,0,43,shp-3-51,1,1
1340020,3,3,3 Airport/Downtown,,0,33,shp-3-51,1,1
150090,3,1,3 Airport/Downtown,,0,23,shp-3-51,1,1
2245010,3,4,3 Airport/Downtown,,0,13,shp-3-51,1,1
1013010,3,4,3 Airport/Downtown,,0,23,shp-3-51,1,1
1340090,3,1,3 Airport/Downtown,,0,33,shp-3-51,1,1
234070,3,2,3 Airport/Downtown,,0,23,shp-3-51,1,1
2096090,3,1,3 Airport/Downtown,,0,23,shp-3-51,1,1
686020,3,3,3 Airport/Downtown,,0,33,shp-3-51,1,1
2533070,3,2,3 Airport/Downtown,,0,23,shp-3-51,1,1
2004070,3,2,3 Airport/Downtown,,0,23,shp-3-51,1,1
1485090,3,1,3 Airport/Downtown,,0,13,shp-3-51,1,1
816010,3,4,3 Airport/Downtown,,0,23,shp-3-51,1,1
1537010,3,4,3 Airport/Downtown,,0,23,shp-3-51,1,1
2265010,3,4,3 Airport/Downtown,,0,23,shp-3-51,1,1
150020,3,3,3 Airport/Downtown,,0,23,shp-3-51,1,1
2197020,3,3,3 Airport/Downtown,,0,33,shp-3-51,1,1
2116070,3,2,3 Airport/Downtown,,0,13,shp-3-51,1,1
2500020,3,3,3 Airport/Downtown,,0,13,shp-3-51,1,1
2197090,3,1,3 Airport/Downtown,,0,33,shp-3-51,1,1
1894070,3,2,3 Airport/Downtown,,0,43,shp-3-51,1,1
659020,3,3,3 Airport/Downtown,,0,23,shp-3-51,1,1
173090,3,1,3 Airport/Downtown,,0,43,shp-3-51,1,1
2165090,3,1,3 Airport/Downtown,,0,43,shp-3-51,1,1
1544090,3,1,3 Airport/Downtown,,0,43,shp-3-51,1,1
1105070,3,2,3 Airport/Downtown,,0,13,shp-3-51,1,1
686090,3,1,3 Airport/Downtown,,0,33,shp-3-51,1,1
736020,3,3,3 Airport/Downtown,,0,13,shp-3-51,1,1
1544020,3,3,3 Airport/Downtown,,0,43,shp-3-51,1,1
2255010,3,4,3 Airport/Downtown,,0,13,shp-3-51,1,1
2500090,3,1,3 Airport/Downtown,,0,13,shp-3-51,1,1
1003010,3,4,3 Airport/Downtown,,0,13,shp-3-51,1,1
2610070,3,2,3 Airport/Downtown,,0,43,shp-3-51,1,1
1424020,3,3,3 Airport/Downtown,,0,23,shp-3-51,1,1
896010,3,4,3 Airport/Downtown,,0,23,shp-3-51,1,1
1424090,3,1,3 Airport/Downtown,,0,23,shp-3-51,1,1
1966010,3,4,3 Airport/Downtown,,0,13,shp-3-51,1,1
736090,3,1,3 Airport/Downtown,,0,13,shp-3-51,1,1
2165020,3,3,3 Airport/Downtown,,0,43,shp-3-51,1,1
659090,3,1,3 Airport/Downtown,,0,23,shp-3-51,1,1
970010,3,4,3 Airport/Downtown,,0,13,shp-3-51,1,1
173020,3,3,3 Airport/Downtown,,0,43,shp-3-51,1,1
553070,3,2,3 Airport/Downtown,,0,33,shp-3-51,1,1
1786070,3,2,3 Airport/Downtown,,0,13,shp-3-51,1,1
986070,3,2,3 Airport/Downtown,,0,33,shp-3-51,1,1
1485020,3,3,3 Airport/Downtown,,0,13,shp-3-51,1,1
2625010,331,4,331 Cordata/WCC,,1,1331,shp-331-01,1,1
1222090,331,1,331 Cordata/WCC,,1,5331,shp-331-01,1,1
2068010,331,4,331 Cordata/WCC,,1,2331,shp-331-01,1,1
1771020,331,3,331 Cordata/WCC,,1,3331,shp-331-01,1,1
1430090,331,1,331 Cordata/WCC,,1,2331,shp-331-01,1,1
1087090,331,1,331 Cordata/WCC,,1,5331,shp-331-01,1,1
819020,331,3,331 Cordata/WCC,,1,2331,shp-331-01,1,1
2453090,331,1,331 Cordata/WCC,,1,1331,shp-331-01,1,1
2248070,331,2,331 Cordata/WCC,,1,2331,shp-331-01,1,1
1635020,331,3,331 Cordata/WCC,,1,2331,shp-331-01,1,1
561070,331,2,331 Cordata/WCC,,1,4331,shp-331-01,1,1
1633090,331,1,331 Cordata/WCC,,1,2331,shp-331-01,1,1
419010,331,4,331 Cordata/WCC,,1,1331,shp-331-01,1,1
1356090,331,1,331 Cordata/WCC,,1,3331,shp-331-01,1,1
1274070,331,2,331 Cordata/WCC,,1,1331,shp-331-01,1,1
1660090,331,1,331 Cordata/WCC,,1,4331,shp-331-01,1,1
1961020,331,3,331 Cordata/WCC,,1,2331,shp-331-01,1,1
2481070,331,2,331 Cordata/WCC,,1,4331,shp-331-01,1,1
1299020,331,3,331 Cordata/WCC,,1,1331,shp-331-01,1,1
2137090,331,1,331 Cordata/WCC,,1,4331,shp-331-01,1,1
1606020,331,3,331 Cordata/WCC,,1,4331,shp-331-01,1,1
2213070,331,2,331 Cordata/WCC,,1,1331,shp-331-01,1,1
819090,331,1,331 Cordata/WCC,,1,2331,shp-331-01,1,1
1593020,331,3,331 Cordata/WCC,,1,3331,shp-331-01,1,1
1275020,331,3,331 Cordata/WCC,,1,3331,shp-331-01,1,1
136020,331,3,331 Cordata/WCC,,1,4331,shp-331-01,1,1
2453020,331,3,331 Cordata/WCC,,1,1331,shp-331-01,1,1
1483070,331,2,331 Cordata/WCC,,1,4331,shp-331-01,1,1
568090,331,1,331 Cordata/WCC,,1,3331,shp-331-01,1,1
1593090,331,1,331 Cordata/WCC,,1,3331,shp-331-01,1,1
118070,331,2,331 Cordata/WCC,,1,3331,shp-331-01,1,1
945070,331,2,331 Cordata/WCC,,1,2331,shp-331-01,1,1
2229090,331,1,331 Cordata/WCC,,1,2331,shp-331-01,1,1
1768020,331,3,331 Cordata/WCC,,1,2331,shp-331-01,1,1
577020,331,3,331 Cordata/WCC,,1,1331,shp-331-01,1,1
1699070,331,2,331 Cordata/WCC,,1,1331,shp-331-01,1,1
2458090,331,1,331 Cordata/WCC,,1,3331,shp-331-01,1,1
1700020,331,3,331 Cordata/WCC,,1,5331,shp-331-01,1,1
1606090,331,1,331 Cordata/WCC,,1,4331,shp-331-01,1,1
2363090,331,1,331 Cordata/WCC,,1,1331,shp-331-01,1,1
1832010,331,4,331 Cordata/WCC,,1,2331,shp-331-01,1,1
208090,331,1,331 Cordata/WCC,,1,4331,shp-331-01,1,1
773020,331,3,331 Cordata/WCC,,1,4331,shp-331-01,1,1
308010,331,4,331 Cordata/WCC,,1,1331,shp-331-01,1,1
120070,331,2,331 Cordata/WCC,,1,4331,shp-331-01,1,1
15020,331,3,331 Cordata/WCC,,1,4331,shp-331-01,1,1
2148020,331,3,331 Cordata/WCC,,1,4331,shp-331-01,1,1
66090,331,1,331 Cordata/WCC,,1,3331,shp-331-01,1,1
1934090,331,1,331 Cordata/WCC,,1,3331,shp-331-01,1,1
745070,331,2,331 Cordata/WCC,,1,3331,shp-331-01,1,1
2545070,331,2,331 Cordata/WCC,,1,2331,shp-331-01,1,1
305070,331,2,331 Cordata/WCC,,1,1331,shp-331-01,1,1
1707010,331,4,331 Cordata/WCC,,1,2331,shp-331-01,1,1
1354090,331,1,331 Cordata/WCC,,1,1331,shp-331-01,1,1
1745070,331,2,331 Cordata/WCC,,1,3331,shp-331-01,1,1
1911020,331,3,331 Cordata/WCC,,1,4331,shp-331-01,1,1
136090,331,1,331 Cordata/WCC,,1,4331,shp-331-01,1,1
2616020,331,3,331 Cordata/WCC,,1,4331,shp-331-01,1,1
570070,331,2,331 Cordata/WCC,,1,2331,shp-331-01,1,1
1184070,331,2,331 Cordata/WCC,,1,3331,shp-331-01,1,1
1769090,331,1,331 Cordata/WCC,,1,3331,shp-331-01,1,1
1006020,331,3,331 Cordata/WCC,,1,3331,shp-331-01,1,1
2041070,331,2,331 Cordata/WCC,,1,4331,shp-331-01,1,1
2584090,331,1,331 Cordata/WCC,,1,1331,shp-331-01,1,1
274020,331,3,331 Cordata/WCC,,1,4331,shp-331-01,1,1
1633020,331,3,331 Cordata/WCC,,1,2331,shp-331-01,1,1
232090,331,1,331 Cordata/WCC,,1,3331,shp-331-01,1,1
576020,331,3,331 Cordata/WCC,,1,4331,shp-331-01,1,1
2229020,331,3,331 Cordata/WCC,,1,2331,shp-331-01,1,1
1245020,331,3,331 Cordata/WCC,,1,1331,shp-331-01,1,1
1895090,331,1,331 Cordata/WCC,,1,1331,shp-331-01,1,1
2013010,331,4,331 Cordata/WCC,,1,2331,shp-331-01,1,1
1715070,331,2,331 Cordata/WCC,,1,4331,shp-331-01,1,1
1768090,331,1,331 Cordata/WCC,,1,2331,shp-331-01,1,1
1561090,331,1,331 Cordata/WCC,,1,5331,shp-331-01,1,1
1133090,331,1,331 Cordata/WCC,,1,3331,shp-331-01,1,1
256020,331,3,331 Cordata/WCC,,1,4331,shp-331-01,1,1
954070,331,2,331 Cordata/WCC,,1,2331,shp-331-01,1,1
1299090,331,1,331 Cordata/WCC,,1,1331,shp-331-01,1,1
1561020,331,3,331 Cordata/WCC,,1,5331,shp-331-01,1,1
512010,331,4,331 Cordata/WCC,,1,1331,shp-331-01,1,1
208020,331,3,331 Cordata/WCC,,1,4331,shp-331-01,1,1
2616090,331,1,331 Cordata/WCC,,1,4331,shp-331-01,1,1
1275090,331,1,331 Cordata/WCC,,1,3331,shp-331-01,1,1
1513090,331,1,331 Cordata/WCC,,1,4331,shp-331-01,1,1
1256070,331,2,331 Cordata/WCC,,1,2331,shp-331-01,1,1
1771090,331,1,331 Cordata/WCC,,1,3331,shp-331-01,1,1
717020,331,3,331 Cordata/WCC,,1,2331,shp-331-01,1,1
1133020,331,3,331 Cordata/WCC,,1,3331,shp-331-01,1,1
2191070,331,2,331 Cordata/WCC,,1,4331,shp-331-01,1,1
773090,331,1,331 Cordata/WCC,,1,4331,shp-331-01,1,1
2622020,331,3,331 Cordata/WCC,,1,3331,shp-331-01,1,1
32090,331,1,331 Cordata/WCC,,1,1331,shp-331-01,1,1
15090,331,1,331 Cordata/WCC,,1,4331,shp-331-01,1,1
576090,331,1,331 Cordata/WCC,,1,4331,shp-331-01,1,1
2363020,331,3,331 Cordata/WCC,,1,1331,shp-331-01,1,1
1513020,331,3,331 Cordata/WCC,,1,4331,shp-331-01,1,1
2137020,331,3,331 Cordata/WCC,,1,4331,shp-331-01,1,1
2553010,331,4,331 Cordata/WCC,,1,2331,shp-331-01,1,1
1869020,331,3,331 Cordata/WCC,,1,2331,shp-331-01,1,1
2584020,331,3,331 Cordata/WCC,,1,1331,shp-331-01,1,1
66020,331,3,331 Cordata/WCC,,1,3331,shp-331-01,1,1
32020,331,3,331 Cordata/WCC,,1,1331,shp-331-01,1,1
359020,331,3,331 Cordata/WCC,,1,1331,shp-331-01,1,1
220070,331,2,331 Cordata/WCC,,1,1331,shp-331-01,1,1
359090,331,1,331 Cordata/WCC,,1,1331,shp-331-01,1,1
1347070,331,2,331 Cordata/WCC,,1,1331,shp-331-01,1,1
296010,331,4,331 Cordata/WCC,,1,1331,shp-331-01,1,1
2622090,331,1,331 Cordata/WCC,,1,3331,shp-331-01,1,1
998010,331,4,331 Cordata/WCC,,1,1331,shp-331-01,1,1
1660020,331,3,331 Cordata/WCC,,1,4331,shp-331-01,1,1
2422010,331,4,331 Cordata/WCC,,1,1331,shp-331-01,1,1
1598070,331,2,331 Cordata/WCC,,1,2331,shp-331-01,1,1
577090,331,1,331 Cordata/WCC,,1,1331,shp-331-01,1,1
1869090,331,1,331 Cordata/WCC,,1,2331,shp-331-01,1,1
791070,331,2,331 Cordata/WCC,,1,3331,shp-331-01,1,1
232020,331,3,331 Cordata/WCC,,1,3331,shp-331-01,1,1
274090,331,1,331 Cordata/WCC,,1,4331,shp-331-01,1,1
2153070,331,2,331 Cordata/WCC,,1,3331,shp-331-01,1,1
1911090,331,1,331 Cordata/WCC,,1,4331,shp-331-01,1,1
1895020,331,3,331 Cordata/WCC,,1,1331,shp-331-01,1,1
1769020,331,3,331 Cordata/WCC,,1,3331,shp-331-01,1,1
1354020,331,3,331 Cordata/WCC,,1,1331,shp-331-01,1,1
1087020,331,3,331 Cordata/WCC,,1,5331,shp-331-01,1,1
1946070,331,2,331 Cordata/WCC,,1,2331,shp-331-01,1,1
1700090,331,1,331 Cordata/WCC,,1,5331,shp-331-01,1,1
1873010,331,4,331 Cordata/WCC,,1,2331,shp-331-01,1,1
717090,331,1,331 Cordata/WCC,,1,2331,shp-331-01,1,1
348010,331,4,331 Cordata/WCC,,1,2331,shp-331-01,1,1
1222020,331,3,331 Cordata/WCC,,1,5331,shp-331-01,1,1
1781070,331,2,331 Cordata/WCC,,1,3331,shp-331-01,1,1
256090,331,1,331 Cordata/WCC,,1,4331,shp-331-01,1,1
1364010,331,4,331 Cordata/WCC,,1,1331,shp-331-01,1,1
2330010,331,4,331 Cordata/WCC,,1,1331,shp-331-01,1,1
1356020,331,3,331 Cordata/WCC,,1,3331,shp-331-01,1,1
445070,331,2,331 Cordata/WCC,,1,2331,shp-331-01,1,1
381070,331,2,331 Cordata/WCC,,1,2331,shp-331-01,1,1
1791070,331,2,331 Cordata/WCC,,1,2331,shp-331-01,1,1
155020,331,3,331 Cordata/WCC,,1,1331,shp-331-01,1,1
1262070,331,2,331 Cordata/WCC,,1,1331,shp-331-01,1,1
568020,331,3,331 Cordata/WCC,,1,3331,shp-331-01,1,1
2395010,331,4,331 Cordata/WCC,,1,2331,shp-331-01,1,1
1245090,331,1,331 Cordata/WCC,,1,1331,shp-331-01,1,1
1712070,331,2,331 Cordata/WCC,,1,3331,shp-331-01,1,1
1430020,331,3,331 Cordata/WCC,,1,2331,shp-331-01,1,1
2148090,331,1,331 Cordata/WCC,,1,4331,shp-331-01,1,1
2066010,331,4,331 Cordata/WCC,,1,1331,shp-331-01,1,1
96070,331,2,331 Cordata/WCC,,1,1331,shp-331-01,1,1
1306070,331,2,331 Cordata/WCC,,1,4331,shp-331-01,1,1
848010,331,4,331 Cordata/WCC,,1,2331,shp-331-01,1,1
325070,331,2,331 Cordata/WCC,,1,2331,shp-331-01,1,1
2163070,331,2,331 Cordata/WCC,,1,4331,shp-331-01,1,1
2458020,331,3,331 Cordata/WCC,,1,3331,shp-331-01,1,1
1008070,331,2,331 Cordata/WCC,,1,4331,shp-331-01,1,1
1006090,331,1,331 Cordata/WCC,,1,3331,shp-331-01,1,1
963010,331,4,331 Cordata/WCC,,1,2331,shp-331-01,1,1
879010,331,4,331 Cordata/WCC,,1,1331,shp-331-01,1,1
1934020,331,3,331 Cordata/WCC,,1,3331,shp-331-01,1,1
213070,331,2,331 Cordata/WCC,,1,3331,shp-331-01,1,1
1695010,331,4,331 Cordata/WCC,,1,1331,shp-331-01,1,1
1635090,331,1,331 Cordata/WCC,,1,2331,shp-331-01,1,1
45070,331,2,331 Cordata/WCC,,1,4331,shp-331-01,1,1
557070,331,2,331 Cordata/WCC,,1,2331,shp-331-01,1,1
1940070,331,2,331 Cordata/WCC,,1,4331,shp-331-01,1,1
1961090,331,1,331 Cordata/WCC,,1,2331,shp-331-01,1,1
2507070,331,2,331 Cordata/WCC,,1,1331,shp-331-01,1,1
155090,331,1,331 Cordata/WCC,,1,1331,shp-331-01,1,1
106070,331,2,331 Cordata/WCC,,1,1331,shp-331-01,1,1
2208020,331,3,331 Cordata/WCC,,1,2331,shp-331-01,1,1
1720010,331,4,331 Cordata/WCC,,1,2331,shp-331-01,1,1
2517070,331,2,331 Cordata/WCC,,1,4331,shp-331-01,1,1
2015010,331,4,331 Cordata/WCC,,1,2331,shp-331-01,1,1
2208090,331,1,331 Cordata/WCC,,1,2331,shp-331-01,1,1
608090,331,1,331 Downtown,,0,2232,shp-331-51,1,1
1300070,331,2,331 Downtown,,0,2232,shp-331-51,1,1
2354070,331,2,331 Downtown,,0,2232,shp-331-51,1,1
275090,331,1,331 Downtown,,0,5232,shp-331-51,1,1
590020,331,3,331 Downtown,,0,1232,shp-331-51,1,1
2456020,331,3,331 Downtown,,0,4232,shp-331-51,1,1
2634010,331,4,331 Downtown,,0,1232,shp-331-51,1,1
2401010,331,4,331 Downtown,,0,2232,shp-331-51,1,1
1491090,331,1,331 Downtown,,0,3232,shp-331-51,1,1
1178070,331,2,331 Downtown,,0,4232,shp-331-51,1,1
414020,331,3,331 Downtown,,0,5232,shp-331-51,1,1
612090,331,1,331 Downtown,,0,5232,shp-331-51,1,1
1954090,331,1,331 Downtown,,0,4232,shp-331-51,1,1
1179090,331,1,331 Downtown,,0,4232,shp-331-51,1,1
1129090,331,1,331 Downtown,,0,4232,shp-331-51,1,1
2018070,331,2,331 Downtown,,0,2232,shp-331-51,1,1
2275020,331,3,331 Downtown,,0,3232,shp-331-51,1,1
1271020,331,3,331 Downtown,,0,3232,shp-331-51,1,1
2178020,331,3,331 Downtown,,0,5232,shp-331-51,1,1
2196020,331,3,331 Downtown,,0,1232,shp-331-51,1,1
961070,331,2,331 Downtown,,0,1232,shp-331-51,1,1
1821070,331,2,331 Downtown,,0,3232,shp-331-51,1,1
49090,331,1,331 Downtown,,0,1232,shp-331-51,1,1
1755070,331,2,331 Downtown,,0,2232,shp-331-51,1,1
2346010,331,4,331 Downtown,,0,1232,shp-331-51,1,1
2075070,331,2,331 Downtown,,0,3232,shp-331-51,1,1
2644020,331,3,331 Downtown,,0,2232,shp-331-51,1,1
1565070,331,2,331 Downtown,,0,2232,shp-331-51,1,1
612020,331,3,331 Downtown,,0,5232,shp-331-51,1,1
590090,331,1,331 Downtown,,0,1232,shp-331-51,1,1
2440090,331,1,331 Downtown,,0,3232,shp-331-51,1,1
1004070,331,2,331 Downtown,,0,1232,shp-331-51,1,1
2388070,331,2,331 Downtown,,0,3232,shp-331-51,1,1
500090,331,1,331 Downtown,,0,2232,shp-331-51,1,1
842020,331,3,331 Downtown,,0,1232,shp-331-51,1,1
1179020,331,3,331 Downtown,,0,4232,shp-331-51,1,1
1908070,331,2,331 Downtown,,0,4232,shp-331-51,1,1
606020,331,3,331 Downtown,,0,4232,shp-331-51,1,1
454070,331,2,331 Downtown,,0,4232,shp-331-51,1,1
759090,331,1,331 Downtown,,0,1232,shp-331-51,1,1
2396090,331,1,331 Downtown,,0,2232,shp-331-51,1,1
1969070,331,2,331 Downtown,,0,4232,shp-331-51,1,1
1162010,331,4,331 Downtown,,0,2232,shp-331-51,1,1
2178090,331,1,331 Downtown,,0,5232,shp-331-51,1,1
2641010,331,4,331 Downtown,,0,2232,shp-331-51,1,1
1247010,331,4,331 Downtown,,0,2232,shp-331-51,1,1
2611010,331,4,331 Downtown,,0,1232,shp-331-51,1,1
1524020,331,3,331 Downtown,,0,4232,shp-331-51,1,1
2231010,331,4,331 Downtown,,0,2232,shp-331-51,1,1
2027020,331,3,331 Downtown,,0,1232,shp-331-51,1,1
2269070,331,2,331 Downtown,,0,1232,shp-331-51,1,1
2425010,331,4,331 Downtown,,0,1232,shp-331-51,1,1
205070,331,2,331 Downtown,,0,4232,shp-331-51,1,1
2440020,331,3,331 Downtown,,0,3232,shp-331-51,1,1
980090,331,1,331 Downtown,,0,3232,shp-331-51,1,1
1600090,331,1,331 Downtown,,0,3232,shp-331-51,1,1
1957090,331,1,331 Downtown,,0,2232,shp-331-51,1,1
2199070,331,2,331 Downtown,,0,2232,shp-331-51,1,1
1043010,331,4,331 Downtown,,0,2232,shp-331-51,1,1
1342090,331,1,331 Downtown,,0,4232,shp-331-51,1,1
1954020,331,3,331 Downtown,,0,4232,shp-331-51,1,1
509010,331,4,331 Downtown,,0,1232,shp-331-51,1,1
1136090,331,1,331 Downtown,,0,1232,shp-331-51,1,1
179090,331,1,331 Downtown,,0,1232,shp-331-51,1,1
2614010,331,4,331 Downtown,,0,2232,shp-331-51,1,1
1491020,331,3,331 Downtown,,0,3232,shp-331-51,1,1
1463090,331,1,331 Downtown,,0,2232,shp-331-51,1,1
275020,331,3,331 Downtown,,0,5232,shp-331-51,1,1
975020,331,3,331 Downtown,,0,1232,shp-331-51,1,1
49020,331,3,331 Downtown,,0,1232,shp-331-51,1,1
2396020,331,3,331 Downtown,,0,2232,shp-331-51,1,1
1592020,331,3,331 Downtown,,0,3232,shp-331-51,1,1
2651090,331,1,331 Downtown,,0,4232,shp-331-51,1,1
2542090,331,1,331 Downtown,,0,3232,shp-331-51,1,1
429010,331,4,331 Downtown,,0,1232,shp-331-51,1,1
759020,331,3,331 Downtown,,0,1232,shp-331-51,1,1
1287070,331,2,331 Downtown,,0,3232,shp-331-51,1,1
1136020,331,3,331 Downtown,,0,1232,shp-331-51,1,1
1207090,331,1,331 Downtown,,0,3232,shp-331-51,1,1
1324070,331,2,331 Downtown,,0,2232,shp-331-51,1,1
2275090,331,1,331 Downtown,,0,3232,shp-331-51,1,1
242020,331,3,331 Downtown,,0,3232,shp-331-51,1,1
2593070,331,2,331 Downtown,,0,1232,shp-331-51,1,1
629070,331,2,331 Downtown,,0,3232,shp-331-51,1,1
2651020,331,3,331 Downtown,,0,4232,shp-331-51,1,1
2277070,331,2,331 Downtown,,0,1232,shp-331-51,1,1
1445020,331,3,331 Downtown,,0,1232,shp-331-51,1,1
484010,331,4,331 Downtown,,0,2232,shp-331-51,1,1
1567070,331,2,331 Downtown,,0,4232,shp-331-51,1,1
142020,331,3,331 Downtown,,0,2232,shp-331-51,1,1
1342020,331,3,331 Downtown,,0,4232,shp-331-51,1,1
2027090,331,1,331 Downtown,,0,1232,shp-331-51,1,1
2530010,331,4,331 Downtown,,0,1232,shp-331-51,1,1
1160020,331,3,331 Downtown,,0,2232,shp-331-51,1,1
1067010,331,4,331 Downtown,,0,1232,shp-331-51,1,1
655010,331,4,331 Downtown,,0,2232,shp-331-51,1,1
518090,331,1,331 Downtown,,0,1232,shp-331-51,1,1
1524090,331,1,331 Downtown,,0,4232,shp-331-51,1,1
1835070,331,2,331 Downtown,,0,4232,shp-331-51,1,1
1459090,331,1,331 Downtown,,0,1232,shp-331-51,1,1
64020,331,3,331 Downtown,,0,1232,shp-331-51,1,1
1349070,331,2,331 Downtown,,0,2232,shp-331-51,1,1
58010,331,4,331 Downtown,,0,1232,shp-331-51,1,1
2619010,331,4,331 Downtown,,0,1232,shp-331-51,1,1
240070,331,2,331 Downtown,,0,3232,shp-331-51,1,1
1207020,331,3,331 Downtown,,0,3232,shp-331-51,1,1
2049090,331,1,331 Downtown,,0,3232,shp-331-51,1,1
2049020,331,3,331 Downtown,,0,3232,shp-331-51,1,1
1366070,331,2,331 Downtown,,0,2232,shp-331-51,1,1
2434090,331,1,331 Downtown,,0,1232,shp-331-51,1,1
446020,331,3,331 Downtown,,0,2232,shp-331-51,1,1
2291070,331,2,331 Downtown,,0,1232,shp-331-51,1,1
179020,331,3,331 Downtown,,0,1232,shp-331-51,1,1
891070,331,2,331 Downtown,,0,4232,shp-331-51,1,1
2644090,331,1,331 Downtown,,0,2232,shp-331-51,1,1
1160090,331,1,331 Downtown,,0,2232,shp-331-51,1,1
599010,331,4,331 Downtown,,0,2232,shp-331-51,1,1
1355020,331,3,331 Downtown,,0,4232,shp-331-51,1,1
2196090,331,1,331 Downtown,,0,1232,shp-331-51,1,1
1109010,331,4,331 Downtown,,0,1232,shp-331-51,1,1
603020,331,3,331 Downtown,,0,2232,shp-331-51,1,1
980020,331,3,331 Downtown,,0,3232,shp-331-51,1,1
608020,331,3,331 Downtown,,0,2232,shp-331-51,1,1
63070,331,2,331 Downtown,,0,3232,shp-331-51,1,1
1463020,331,3,331 Downtown,,0,2232,shp-331-51,1,1
60070,331,2,331 Downtown,,0,2232,shp-331-51,1,1
1099090,331,1,331 Downtown,,0,1232,shp-331-51,1,1
603090,331,1,331 Downtown,,0,2232,shp-331-51,1,1
842090,331,1,331 Downtown,,0,1232,shp-331-51,1,1
2566020,331,3,331 Downtown,,0,5232,shp-331-51,1,1
2186070,331,2,331 Downtown,,0,1232,shp-331-51,1,1
2480070,331,2,331 Downtown,,0,4232,shp-331-51,1,1
1129020,331,3,331 Downtown,,0,4232,shp-331-51,1,1
86070,331,2,331 Downtown,,0,4232,shp-331-51,1,1
634070,331,2,331 Downtown,,0,4232,shp-331-51,1,1
708070,331,2,331 Downtown,,0,2232,shp-331-51,1,1
1592090,331,1,331 Downtown,,0,3232,shp-331-51,1,1
285020,331,3,331 Downtown,,0,3232,shp-331-51,1,1
1600020,331,3,331 Downtown,,0,3232,shp-331-51,1,1
1370070,331,2,331 Downtown,,0,4232,shp-331-51,1,1
2101070,331,2,331 Downtown,,0,1232,shp-331-51,1,1
858020,331,3,331 Downtown,,0,5232,shp-331-51,1,1
1355090,331,1,331 Downtown,,0,4232,shp-331-51,1,1
414090,331,1,331 Downtown,,0,5232,shp-331-51,1,1
64090,331,1,331 Downtown,,0,1232,shp-331-51,1,1
2456090,331,1,331 Downtown,,0,4232,shp-331-51,1,1
142090,331,1,331 Downtown,,0,2232,shp-331-51,1,1
177070,331,2,331 Downtown,,0,1232,shp-331-51,1,1
500020,331,3,331 Downtown,,0,2232,shp-331-51,1,1
2608070,331,2,331 Downtown,,0,2232,shp-331-51,1,1
1459020,331,3,331 Downtown,,0,1232,shp-331-51,1,1
1445090,331,1,331 Downtown,,0,1232,shp-331-51,1,1
285090,331,1,331 Downtown,,0,3232,shp-331-51,1,1
326010,331,4,331 Downtown,,0,2232,shp-331-51,1,1
2434020,331,3,331 Downtown,,0,1232,shp-331-51,1,1
858090,331,1,331 Downtown,,0,5232,shp-331-51,1,1
1897010,331,4,331 Downtown,,0,1232,shp-331-51,1,1
1794070,331,2,331 Downtown,,0,2232,shp-331-51,1,1
2542020,331,3,331 Downtown,,0,3232,shp-331-51,1,1
975090,331,1,331 Downtown,,0,1232,shp-331-51,1,1
446090,331,1,331 Downtown,,0,2232,shp-331-51,1,1
242090,331,1,331 Downtown,,0,3232,shp-331-51,1,1
606090,331,1,331 Downtown,,0,4232,shp-331-51,1,1
518020,331,3,331 Downtown,,0,1232,shp-331-51,1,1
474070,331,2,331 Downtown,,0,4232,shp-331-51,1,1
840070,331,2,331 Downtown,,0,3232,shp-331-51,1,1
2091070,331,2,331 Downtown,,0,4232,shp-331-51,1,1
1957020,331,3,331 Downtown,,0,2232,shp-331-51,1,1
2566090,331,1,331 Downtown,,0,5232,shp-331-51,1,1
1271090,331,1,331 Downtown,,0,3232,shp-331-51,1,1
1099020,331,3,331 Downtown,,0,1232,shp-331-51,1,1
1596090,45,1,45 Cordata/WCC,,1,226,shp-45-01,1,1
1438070,45,2,45 Cordata/WCC,,1,126,shp-45-01,1,1
855070,45,2,45 Cordata/WCC,,1,126,shp-45-01,1,1
1450090,45,1,45 Cordata/WCC,,1,126,shp-45-01,1,1
1653070,45,2,45 Cordata/WCC,,1,226,shp-45-01,1,1
824070,45,2,45 Cordata/WCC,,1,226,shp-45-01,1,1
688020,45,3,45 Cordata/WCC,,1,126,shp-45-01,1,1
1950020,45,3,45 Cordata/WCC,,1,126,shp-45-01,1,1
1663090,45,1,45 Cordata/WCC,,1,126,shp-45-01,1,1
1663020,45,3,45 Cordata/WCC,,1,126,shp-45-01,1,1
2356090,45,1,45 Cordata/WCC,,1,226,shp-45-01,1,1
2356020,45,3,45 Cordata/WCC,,1,226,shp-45-01,1,1
688090,45,1,45 Cordata/WCC,,1,126,shp-45-01,1,1
1899070,45,2,45 Cordata/WCC,,1,126,shp-45-01,1,1
2108070,45,2,45 Cordata/WCC,,1,126,shp-45-01,1,1
1480020,45,3,45 Cordata/WCC,,1,226,shp-45-01,1,1
174020,45,3,45 Cordata/WCC,,1,226,shp-45-01,1,1
478090,45,1,45 Cordata/WCC,,1,226,shp-45-01,1,1
478020,45,3,45 Cordata/WCC,,1,226,shp-45-01,1,1
2188020,45,3,45 Cordata/WCC,,1,226,shp-45-01,1,1
1680020,45,3,45 Cordata/WCC,,1,226,shp-45-01,1,1
1480090,45,1,45 Cordata/WCC,,1,226,shp-45-01,1,1
174090,45,1,45 Cordata/WCC,,1,226,shp-45-01,1,1
2188090,45,1,45 Cordata/WCC,,1,226,shp-45-01,1,1
1083070,45,2,45 Cordata/WCC,,1,226,shp-45-01,1,1
1151020,45,3,45 Cordata/WCC,,1,126,shp-45-01,1,1
1888070,45,2,45 Cordata/WCC,,1,126,shp-45-01,1,1
574020,45,3,45 Cordata/WCC,,1,126,shp-45-01,1,1
1974070,45,2,45 Cordata/WCC,,1,126,shp-45-01,1,1
574090,45,1,45 Cordata/WCC,,1,126,shp-45-01,1,1
1680090,45,1,45 Cordata/WCC,,1,226,shp-45-01,1,1
190070,45,2,45 Cordata/WCC,,1,226,shp-45-01,1,1
1950090,45,1,45 Cordata/WCC,,1,126,shp-45-01,1,1
1384070,45,2,45 Cordata/WCC,,1,126,shp-45-01,1,1
1596020,45,3,45 Cordata/WCC,,1,226,shp-45-01,1,1
1450020,45,3,45 Cordata/WCC,,1,126,shp-45-01,1,1
1151090,45,1,45 Cordata/WCC,,1,126,shp-45-01,1,1
327070,45,2,45 Cordata/WCC,,1,226,shp-45-01,1,1
1243020,45,3,45 King Mountain,,0,126,shp-45-51,1,1
2126070,45,2,45 King Mountain,,0,126,shp-45-51,1,1
1242090,45,1,45 King Mountain,,0,226,shp-45-51,1,1
312020,45,3,45 King Mountain,,0,226,shp-45-51,1,1
1078090,45,1,45 King Mountain,,0,226,shp-45-51,1,1
1461090,45,1,45 King Mountain,,0,226,shp-45-51,1,1
919070,45,2,45 King Mountain,,0,126,shp-45-51,1,1
2447090,45,1,45 King Mountain,,0,126,shp-45-51,1,1
1529090,45,1,45 King Mountain,,0,126,shp-45-51,1,1
1241090,45,1,45 King Mountain,,0,126,shp-45-51,1,1
1243090,45,1,45 King Mountain,,0,126,shp-45-51,1,1
1078020,45,3,45 King Mountain,,0,226,shp-45-51,1,1
288070,45,2,45 King Mountain,,0,226,shp-45-51,1,1
1241020,45,3,45 King Mountain,,0,126,shp-45-51,1,1
180070,45,2,45 King Mountain,,0,126,shp-45-51,1,1
1750020,45,3,45 King Mountain,,0,226,shp-45-51,1,1
2294020,45,3,45 King Mountain,,0,126,shp-45-51,1,1
885070,45,2,45 King Mountain,,0,226,shp-45-51,1,1
1102070,45,2,45 King Mountain,,0,126,shp-45-51,1,1
2436070,45,2,45 King Mountain,,0,226,shp-45-51,1,1
2408090,45,1,45 King Mountain,,0,126,shp-45-51,1,1
2294090,45,1,45 King Mountain,,0,126,shp-45-51,1,1
2447020,45,3,45 King Mountain,,0,126,shp-45-51,1,1
1242020,45,3,45 King Mountain,,0,226,shp-45-51,1,1
2141020,45,3,45 King Mountain,,0,226,shp-45-51,1,1
2408020,45,3,45 King Mountain,,0,126,shp-45-51,1,1
1529020,45,3,45 King Mountain,,0,126,shp-45-51,1,1
862070,45,2,45 King Mountain,,0,226,shp-45-51,1,1
1461020,45,3,45 King Mountain,,0,226,shp-45-51,1,1
2141090,45,1,45 King Mountain,,0,226,shp-45-51,1,1
698070,45,2,45 King Mountain,,0,226,shp-45-51,1,1
455020,45,3,45 King Mountain,,0,226,shp-45-51,1,1
1497070,45,2,45 King Mountain,,0,126,shp-45-51,1,1
687070,45,2,45 King Mountain,,0,126,shp-45-51,1,1
609070,45,2,45 King Mountain,,0,226,shp-45-51,1,1
1750090,45,1,45 King Mountain,,0,226,shp-45-51,1,1
1992070,45,2,45 King Mountain,,0,126,shp-45-51,1,1
455090,45,1,45 King Mountain,,0,226,shp-45-51,1,1
312090,45,1,45 King Mountain,,0,226,shp-45-51,1,1
2203090,47,1,47 Downtown,,1,147,shp-47-01,1,1
2360070,47,2,47 Downtown,,1,147,shp-47-01,1,1
328020,47,3,47 Downtown,,1,147,shp-47-01,1,1
130020,47,3,47 Downtown,,1,147,shp-47-01,1,1
448070,47,2,47 Downtown,,1,147,shp-47-01,1,1
149020,47,3,47 Downtown,,1,147,shp-47-01,1,1
1764070,47,2,47 Downtown,,1,147,shp-47-01,1,1
333020,47,3,47 Downtown,,1,147,shp-47-01,1,1
2203020,47,3,47 Downtown,,1,147,shp-47-01,1,1
2316020,47,3,47 Downtown,,1,147,shp-47-01,1,1
1965070,47,2,47 Downtown,,1,147,shp-47-01,1,1
724020,47,3,47 Downtown,,1,147,shp-47-01,1,1
492070,47,2,47 Downtown,,1,147,shp-47-01,1,1
1309090,47,1,47 Downtown,,1,147,shp-47-01,1,1
1588020,47,3,47 Downtown,,1,147,shp-47-01,1,1
209070,47,2,47 Downtown,,1,147,shp-47-01,1,1
925090,47,1,47 Downtown,,1,147,shp-47-01,1,1
37090,47,1,47 Downtown,,1,147,shp-47-01,1,1
130090,47,1,47 Downtown,,1,147,shp-47-01,1,1
1130070,47,2,47 Downtown,,1,147,shp-47-01,1,1
1962010,47,4,47 Downtown,,1,147,shp-47-01,1,1
1154070,47,2,47 Downtown,,1,147,shp-47-01,1,1
968020,47,3,47 Downtown,,1,147,shp-47-01,1,1
559010,47,4,47 Downtown,,1,147,shp-47-01,1,1
1932020,47,3,47 Downtown,,1,147,shp-47-01,1,1
1296070,47,2,47 Downtown,,1,147,shp-47-01,1,1
792020,47,3,47 Downtown,,1,147,shp-47-01,1,1
2117010,47,4,47 Downtown,,1,147,shp-47-01,1,1
972090,47,1,47 Downtown,,1,147,shp-47-01,1,1
1363020,47,3,47 Downtown,,1,147,shp-47-01,1,1
7070,47,2,47 Downtown,,1,147,shp-47-01,1,1
1599070,47,2,47 Downtown,,1,147,shp-47-01,1,1
670020,47,3,47 Downtown,,1,147,shp-47-01,1,1
1079070,47,2,47 Downtown,,1,147,shp-47-01,1,1
604070,47,2,47 Downtown,,1,147,shp-47-01,1,1
2135090,47,1,47 Downtown,,1,147,shp-47-01,1,1
1870010,47,4,47 Downtown,,1,147,shp-47-01,1,1
968090,47,1,47 Downtown,,1,147,shp-47-01,1,1
24070,47,2,47 Downtown,,1,147,shp-47-01,1,1
181070,47,2,47 Downtown,,1,147,shp-47-01,1,1
670090,47,1,47 Downtown,,1,147,shp-47-01,1,1
1709020,47,3,47 Downtown,,1,147,shp-47-01,1,1
1035010,47,4,47 Downtown,,1,147,shp-47-01,1,1
2250070,47,2,47 Downtown,,1,147,shp-47-01,1,1
424010,47,4,47 Downtown,,1,147,shp-47-01,1,1
1414090,47,1,47 Downtown,,1,147,shp-47-01,1,1
2623010,47,4,47 Downtown,,1,147,shp-47-01,1,1
722020,47,3,47 Downtown,,1,147,shp-47-01,1,1
1588090,47,1,47 Downtown,,1,147,shp-47-01,1,1
1289020,47,3,47 Downtown,,1,147,shp-47-01,1,1
122070,47,2,47 Downtown,,1,147,shp-47-01,1,1
2135020,47,3,47 Downtown,,1,147,shp-47-01,1,1
1912020,47,3,47 Downtown,,1,147,shp-47-01,1,1
693010,47,4,47 Downtown,,1,147,shp-47-01,1,1
543090,47,1,47 Downtown,,1,147,shp-47-01,1,1
972020,47,3,47 Downtown,,1,147,shp-47-01,1,1
2578010,47,4,47 Downtown,,1,147,shp-47-01,1,1
1989070,47,2,47 Downtown,,1,147,shp-47-01,1,1
1643020,47,3,47 Downtown,,1,147,shp-47-01,1,1
2374090,47,1,47 Downtown,,1,147,shp-47-01,1,1
1643090,47,1,47 Downtown,,1,147,shp-47-01,1,1
797070,47,2,47 Downtown,,1,147,shp-47-01,1,1
2032010,47,4,47 Downtown,,1,147,shp-47-01,1,1
333090,47,1,47 Downtown,,1,147,shp-47-01,1,1
722090,47,1,47 Downtown,,1,147,shp-47-01,1,1
543020,47,3,47 Downtown,,1,147,shp-47-01,1,1
1289090,47,1,47 Downtown,,1,147,shp-47-01,1,1
1597020,47,3,47 Downtown,,1,147,shp-47-01,1,1
2374020,47,3,47 Downtown,,1,147,shp-47-01,1,1
2156010,47,4,47 Downtown,,1,147,shp-47-01,1,1
1363090,47,1,47 Downtown,,1,147,shp-47-01,1,1
724090,47,1,47 Downtown,,1,147,shp-47-01,1,1
2037010,47,4,47 Downtown,,1,147,shp-47-01,1,1
2125010,47,4,47 Downtown,,1,147,shp-47-01,1,1
792090,47,1,47 Downtown,,1,147,shp-47-01,1,1
2631090,47,1,47 Downtown,,1,147,shp-47-01,1,1
1283010,47,4,47 Downtown,,1,147,shp-47-01,1,1
613010,47,4,47 Downtown,,1,147,shp-47-01,1,1
1932090,47,1,47 Downtown,,1,147,shp-47-01,1,1
925020,47,3,47 Downtown,,1,147,shp-47-01,1,1
1564070,47,2,47 Downtown,,1,147,shp-47-01,1,1
890010,47,4,47 Downtown,,1,147,shp-47-01,1,1
1748010,47,4,47 Downtown,,1,147,shp-47-01,1,1
1555070,47,2,47 Downtown,,1,147,shp-47-01,1,1
1629020,47,3,47 Downtown,,1,147,shp-47-01,1,1
1709090,47,1,47 Downtown,,1,147,shp-47-01,1,1
1344070,47,2,47 Downtown,,1,147,shp-47-01,1,1
2235010,47,4,47 Downtown,,1,147,shp-47-01,1,1
41070,47,2,47 Downtown,,1,147,shp-47-01,1,1
1308070,47,2,47 Downtown,,1,147,shp-47-01,1,1
1122090,47,1,47 Downtown,,1,147,shp-47-01,1,1
871020,47,3,47 Downtown,,1,147,shp-47-01,1,1
1554070,47,2,47 Downtown,,1,147,shp-47-01,1,1
1114090,47,1,47 Downtown,,1,147,shp-47-01,1,1
1411010,47,4,47 Downtown,,1,147,shp-47-01,1,1
1912090,47,1,47 Downtown,,1,147,shp-47-01,1,1
149090,47,1,47 Downtown,,1,147,shp-47-01,1,1
1309020,47,3,47 Downtown,,1,147,shp-47-01,1,1
2498010,47,4,47 Downtown,,1,147,shp-47-01,1,1
1414020,47,3,47 Downtown,,1,147,shp-47-01,1,1
1597090,47,1,47 Downtown,,1,147,shp-47-01,1,1
2316090,47,1,47 Downtown,,1,147,shp-47-01,1,1
871090,47,1,47 Downtown,,1,147,shp-47-01,1,1
2631020,47,3,47 Downtown,,1,147,shp-47-01,1,1
1055070,47,2,47 Downtown,,1,147,shp-47-01,1,1
1510010,47,4,47 Downtown,,1,147,shp-47-01,1,1
1460070,47,2,47 Downtown,,1,147,shp-47-01,1,1
1190010,47,4,47 Downtown,,1,147,shp-47-01,1,1
1122020,47,3,47 Downtown,,1,147,shp-47-01,1,1
311010,47,4,47 Downtown,,1,147,shp-47-01,1,1
1629090,47,1,47 Downtown,,1,147,shp-47-01,1,1
1169010,47,4,47 Downtown,,1,147,shp-47-01,1,1
1478070,47,2,47 Downtown,,1,147,shp-47-01,1,1
1892010,47,4,47 Downtown,,1,147,shp-47-01,1,1
328090,47,1,47 Downtown,,1,147,shp-47-01,1,1
1523070,47,2,47 Downtown,,1,147,shp-47-01,1,1
37020,47,3,47 Downtown,,1,147,shp-47-01,1,1
1114020,47,3,47 Downtown,,1,147,shp-47-01,1,1
1386070,47,2,47 Downtown,,1,147,shp-47-01,1,1
1782070,47,2,47 Harbor,,0,147,shp-47-51,1,1
2349020,47,3,47 Harbor,,0,147,shp-47-51,1,1
395010,47,4,47 Harbor,,0,147,shp-47-51,1,1
526070,47,2,47 Harbor,,0,147,shp-47-51,1,1
1803010,47,4,47 Harbor,,0,147,shp-47-51,1,1
2588090,47,1,47 Harbor,,0,147,shp-47-51,1,1
2442010,47,4,47 Harbor,,0,147,shp-47-51,1,1
487070,47,2,47 Harbor,,0,147,shp-47-51,1,1
1153010,47,4,47 Harbor,,0,147,shp-47-51,1,1
1677090,47,1,47 Harbor,,0,147,shp-47-51,1,1
1533010,47,4,47 Harbor,,0,147,shp-47-51,1,1
1550090,47,1,47 Harbor,,0,147,shp-47-51,1,1
1407010,47,4,47 Harbor,,0,147,shp-47-51,1,1
820020,47,3,47 Harbor,,0,147,shp-47-51,1,1
1577020,47,3,47 Harbor,,0,147,shp-47-51,1,1
1149070,47,2,47 Harbor,,0,147,shp-47-51,1,1
892090,47,1,47 Harbor,,0,147,shp-47-51,1,1
468020,47,3,47 Harbor,,0,147,shp-47-51,1,1
892020,47,3,47 Harbor,,0,147,shp-47-51,1,1
92070,47,2,47 Harbor,,0,147,shp-47-51,1,1
1514070,47,2,47 Harbor,,0,147,shp-47-51,1,1
2279010,47,4,47 Harbor,,0,147,shp-47-51,1,1
549020,47,3,47 Harbor,,0,147,shp-47-51,1,1
672090,47,1,47 Harbor,,0,147,shp-47-51,1,1
2557090,47,1,47 Harbor,,0,147,shp-47-51,1,1
2470070,47,2,47 Harbor,,0,147,shp-47-51,1,1
2400020,47,3,47 Harbor,,0,147,shp-47-51,1,1
932090,47,1,47 Harbor,,0,147,shp-47-51,1,1
1520090,47,1,47 Harbor,,0,147,shp-47-51,1,1
1317020,47,3,47 Harbor,,0,147,shp-47-51,1,1
850070,47,2,47 Harbor,,0,147,shp-47-51,1,1
1577090,47,1,47 Harbor,,0,147,shp-47-51,1,1
1398020,47,3,47 Harbor,,0,147,shp-47-51,1,1
1333010,47,4,47 Harbor,,0,147,shp-47-51,1,1
338090,47,1,47 Harbor,,0,147,shp-47-51,1,1
549090,47,1,47 Harbor,,0,147,shp-47-51,1,1
903020,47,3,47 Harbor,,0,147,shp-47-51,1,1
1304020,47,3,47 Harbor,,0,147,shp-47-51,1,1
1830090,47,1,47 Harbor,,0,147,shp-47-51,1,1
2069020,47,3,47 Harbor,,0,147,shp-47-51,1,1
216090,47,1,47 Harbor,,0,147,shp-47-51,1,1
1487070,47,2,47 Harbor,,0,147,shp-47-51,1,1
1317090,47,1,47 Harbor,,0,147,shp-47-51,1,1
720070,47,2,47 Harbor,,0,147,shp-47-51,1,1
1486090,47,1,47 Harbor,,0,147,shp-47-51,1,1
138070,47,2,47 Harbor,,0,147,shp-47-51,1,1
438020,47,3,47 Harbor,,0,147,shp-47-51,1,1
1516010,47,4,47 Harbor,,0,147,shp-47-51,1,1
1778010,47,4,47 Harbor,,0,147,shp-47-51,1,1
662010,47,4,47 Harbor,,0,147,shp-47-51,1,1
1520020,47,3,47 Harbor,,0,147,shp-47-51,1,1
2152020,47,3,47 Harbor,,0,147,shp-47-51,1,1
1933070,47,2,47 Harbor,,0,147,shp-47-51,1,1
2628010,47,4,47 Harbor,,0,147,shp-47-51,1,1
710070,47,2,47 Harbor,,0,147,shp-47-51,1,1
1138020,47,3,47 Harbor,,0,147,shp-47-51,1,1
1016070,47,2,47 Harbor,,0,147,shp-47-51,1,1
2152090,47,1,47 Harbor,,0,147,shp-47-51,1,1
672020,47,3,47 Harbor,,0,147,shp-47-51,1,1
1550020,47,3,47 Harbor,,0,147,shp-47-51,1,1
2105070,47,2,47 Harbor,,0,147,shp-47-51,1,1
1138090,47,1,47 Harbor,,0,147,shp-47-51,1,1
640010,47,4,47 Harbor,,0,147,shp-47-51,1,1
2349090,47,1,47 Harbor,,0,147,shp-47-51,1,1
1776070,47,2,47 Harbor,,0,147,shp-47-51,1,1
1484070,47,2,47 Harbor,,0,147,shp-47-51,1,1
110010,47,4,47 Harbor,,0,147,shp-47-51,1,1
1975070,47,2,47 Harbor,,0,147,shp-47-51,1,1
1619020,47,3,47 Harbor,,0,147,shp-47-51,1,1
1677020,47,3,47 Harbor,,0,147,shp-47-51,1,1
2514070,47,2,47 Harbor,,0,147,shp-47-51,1,1
864010,47,4,47 Harbor,,0,147,shp-47-51,1,1
1447020,47,3,47 Harbor,,0,147,shp-47-51,1,1
2389090,47,1,47 Harbor,,0,147,shp-47-51,1,1
438090,47,1,47 Harbor,,0,147,shp-47-51,1,1
2564010,47,4,47 Harbor,,0,147,shp-47-51,1,1
1447090,47,1,47 Harbor,,0,147,shp-47-51,1,1
1147070,47,2,47 Harbor,,0,147,shp-47-51,1,1
2174070,47,2,47 Harbor,,0,147,shp-47-51,1,1
904090,47,1,47 Harbor,,0,147,shp-47-51,1,1
1304090,47,1,47 Harbor,,0,147,shp-47-51,1,1
818070,47,2,47 Harbor,,0,147,shp-47-51,1,1
1710010,47,4,47 Harbor,,0,147,shp-47-51,1,1
536010,47,4,47 Harbor,,0,147,shp-47-51,1,1
1673090,47,1,47 Harbor,,0,147,shp-47-51,1,1
2420090,47,1,47 Harbor,,0,147,shp-47-51,1,1
2400090,47,1,47 Harbor,,0,147,shp-47-51,1,1
1673020,47,3,47 Harbor,,0,147,shp-47-51,1,1
270070,47,2,47 Harbor,,0,147,shp-47-51,1,1
1486020,47,3,47 Harbor,,0,147,shp-47-51,1,1
2389020,47,3,47 Harbor,,0,147,shp-47-51,1,1
1047010,47,4,47 Harbor,,0,147,shp-47-51,1,1
2184010,47,4,47 Harbor,,0,147,shp-47-51,1,1
1929070,47,2,47 Harbor,,0,147,shp-47-51,1,1
2420020,47,3,47 Harbor,,0,147,shp-47-51,1,1
589010,47,4,47 Harbor,,0,147,shp-47-51,1,1
546070,47,2,47 Harbor,,0,147,shp-47-51,1,1
904020,47,3,47 Harbor,,0,147,shp-47-51,1,1
289070,47,2,47 Harbor,,0,147,shp-47-51,1,1
1316070,47,2,47 Harbor,,0,147,shp-47-51,1,1
2588020,47,3,47 Harbor,,0,147,shp-47-51,1,1
216020,47,3,47 Harbor,,0,147,shp-47-51,1,1
338020,47,3,47 Harbor,,0,147,shp-47-51,1,1
1696070,47,2,47 Harbor,,0,147,shp-47-51,1,1
903090,47,1,47 Harbor,,0,147,shp-47-51,1,1
2139010,47,4,47 Harbor,,0,147,shp-47-51,1,1
1619090,47,1,47 Harbor,,0,147,shp-47-51,1,1
953070,47,2,47 Harbor,,0,147,shp-47-51,1,1
468090,47,1,47 Harbor,,0,147,shp-47-51,1,1
932020,47,3,47 Harbor,,0,147,shp-47-51,1,1
1830020,47,3,47 Harbor,,0,147,shp-47-51,1,1
2525010,47,4,47 Harbor,,0,147,shp-47-51,1,1
2069090,47,1,47 Harbor,,0,147,shp-47-51,1,1
1955010,47,4,47 Harbor,,0,147,shp-47-51,1,1
2557020,47,3,47 Harbor,,0,147,shp-47-51,1,1
508070,47,2,47 Harbor,,0,147,shp-47-51,1,1
1398090,47,1,47 Harbor,,0,147,shp-47-51,1,1
820090,47,1,47 Harbor,,0,147,shp-47-51,1,1
2342010,47,4,47 Harbor,,0,147,shp-47-51,1,1
55020,48,3,48 Bakerview Spur,,1,371X,shp-48-01,1,1
204070,48,2,48 Bakerview Spur,,1,171X,shp-48-01,1,1
520070,48,2,48 Bakerview Spur,,1,371X,shp-48-01,1,1
54090,48,1,48 Bakerview Spur,,1,171X,shp-48-01,1,1
54020,48,3,48 Bakerview Spur,,1,171X,shp-48-01,1,1
65020,48,3,48 Bakerview Spur,,1,471X,shp-48-01,1,1
2361070,48,2,48 Bakerview Spur,,1,271X,shp-48-01,1,1
65090,48,1,48 Bakerview Spur,,1,471X,shp-48-01,1,1
1224090,48,1,48 Bakerview Spur,,1,571X,shp-48-01,1,1
1890090,48,1,48 Bakerview Spur,,1,271X,shp-48-01,1,1
1224020,48,3,48 Bakerview Spur,,1,571X,shp-48-01,1,1
1890020,48,3,48 Bakerview Spur,,1,271X,shp-48-01,1,1
55090,48,1,48 Bakerview Spur,,1,371X,shp-48-01,1,1
2562020,48,3,48 Cordata/WCC,,0,271X,shp-48-51,1,1
1199070,48,2,48 Cordata/WCC,,0,371X,shp-48-51,1,1
611020,48,3,48 Cordata/WCC,,0,471X,shp-48-51,1,1
2104020,48,3,48 Cordata/WCC,,0,371X,shp-48-51,1,1
2104090,48,1,48 Cordata/WCC,,0,371X,shp-48-51,1,1
2562090,48,1,48 Cordata/WCC,,0,271X,shp-48-51,1,1
1634070,48,2,48 Cordata/WCC,,0,271X,shp-48-51,1,1
611090,48,1,48 Cordata/WCC,,0,471X,shp-48-51,1,1
2550090,49,1,49 Bakerview Spur,,1,675,shp-49-01,1,1
2193090,49,1,49 Bakerview Spur,,1,475,shp-49-01,1,1
2193020,49,3,49 Bakerview Spur,,1,475,shp-49-01,1,1
2505020,49,3,49 Bakerview Spur,,1,372X,shp-49-01,1,1
304020,49,3,49 Bakerview Spur,,1,172X,shp-49-01,1,1
230090,49,1,49 Bakerview Spur,,1,275,shp-49-01,1,1
230020,49,3,49 Bakerview Spur,,1,275,shp-49-01,1,1
878090,49,1,49 Bakerview Spur,,1,4331,shp-49-01,1,1
2505090,49,1,49 Bakerview Spur,,1,372X,shp-49-01,1,1
1171070,49,2,49 Bakerview Spur,,1,172X,shp-49-01,1,1
1426070,49,2,49 Bakerview Spur,,1,372X,shp-49-01,1,1
304090,49,1,49 Bakerview Spur,,1,172X,shp-49-01,1,1
2253070,49,2,49 Bakerview Spur,,1,272X,shp-49-01,1,1
2550020,49,3,49 Bakerview Spur,,1,675,shp-49-01,1,1
878020,49,3,49 Bakerview Spur,,1,4331,shp-49-01,1,1
1833020,49,3,49 Downtown,,0,975,shp-49-51,1,1
1341070,49,2,49 Downtown,,0,472X,shp-49-51,1,1
2038090,49,1,49 Downtown,,0,472X,shp-49-51,1,1
388090,49,1,49 Downtown,,0,1175,shp-49-51,1,1
2364020,49,3,49 Downtown,,0,1375,shp-49-51,1,1
2038020,49,3,49 Downtown,,0,472X,shp-49-51,1,1
2364090,49,1,49 Downtown,,0,1375,shp-49-51,1,1
1833090,49,1,49 Downtown,,0,975,shp-49-51,1,1
1066070,49,2,49 Downtown,,0,372X,shp-49-51,1,1
511090,49,1,49 Downtown,,0,1275,shp-49-51,1,1
511020,49,3,49 Downtown,,0,1275,shp-49-51,1,1
388020,49,3,49 Downtown,,0,1175,shp-49-51,1,1
678070,49,2,49 Downtown,,0,272X,shp-49-51,1,1
2324020,50,3,50 Cordata/WCC,,1,218,shp-50-01,1,1
709010,50,4,50 Cordata/WCC,,1,118,shp-50-01,1,1
1664090,50,1,50 Cordata/WCC,,1,218,shp-50-01,1,1
2237070,50,2,50 Cordata/WCC,,1,218,shp-50-01,1,1
1086010,50,4,50 Cordata/WCC,,1,218,shp-50-01,1,1
1405090,50,1,50 Cordata/WCC,,1,118,shp-50-01,1,1
2315070,50,2,50 Cordata/WCC,,1,118,shp-50-01,1,1
97090,50,1,50 Cordata/WCC,,1,218,shp-50-01,1,1
2424020,50,3,50 Cordata/WCC,,1,218,shp-50-01,1,1
1110020,50,3,50 Cordata/WCC,,1,118,shp-50-01,1,1
342020,50,3,50 Cordata/WCC,,1,118,shp-50-01,1,1
211010,50,4,50 Cordata/WCC,,1,218,shp-50-01,1,1
20010,50,4,50 Cordata/WCC,,1,118,shp-50-01,1,1
1239070,50,2,50 Cordata/WCC,,1,218,shp-50-01,1,1
40020,50,3,50 Cordata/WCC,,1,118,shp-50-01,1,1
342090,50,1,50 Cordata/WCC,,1,118,shp-50-01,1,1
2280010,50,4,50 Cordata/WCC,,1,118,shp-50-01,1,1
1664020,50,3,50 Cordata/WCC,,1,218,shp-50-01,1,1
2424090,50,1,50 Cordata/WCC,,1,218,shp-50-01,1,1
579070,50,2,50 Cordata/WCC,,1,118,shp-50-01,1,1
2460010,50,4,50 Cordata/WCC,,1,118,shp-50-01,1,1
238020,50,3,50 Cordata/WCC,,1,218,shp-50-01,1,1
2528070,50,2,50 Cordata/WCC,,1,118,shp-50-01,1,1
1573090,50,1,50 Cordata/WCC,,1,218,shp-50-01,1,1
2571070,50,2,50 Cordata/WCC,,1,118,shp-50-01,1,1
762070,50,2,50 Cordata/WCC,,1,218,shp-50-01,1,1
569090,50,1,50 Cordata/WCC,,1,118,shp-50-01,1,1
2183070,50,2,50 Cordata/WCC,,1,218,shp-50-01,1,1
2624010,50,4,50 Cordata/WCC,,1,218,shp-50-01,1,1
97020,50,3,50 Cordata/WCC,,1,218,shp-50-01,1,1
1110090,50,1,50 Cordata/WCC,,1,118,shp-50-01,1,1
444070,50,2,50 Cordata/WCC,,1,118,shp-50-01,1,1
2324090,50,1,50 Cordata/WCC,,1,218,shp-50-01,1,1
1405020,50,3,50 Cordata/WCC,,1,118,shp-50-01,1,1
238090,50,1,50 Cordata/WCC,,1,218,shp-50-01,1,1
40090,50,1,50 Cordata/WCC,,1,118,shp-50-01,1,1
1029070,50,2,50 Cordata/WCC,,1,218,shp-50-01,1,1
29010,50,4,50 Cordata/WCC,,1,218,shp-50-01,1,1
569020,50,3,50 Cordata/WCC,,1,118,shp-50-01,1,1
2382090,50,1,50 Cordata/WCC,,1,218,shp-50-01,1,1
2293090,50,1,50 Cordata/WCC,,1,118,shp-50-01,1,1
795010,50,4,50 Cordata/WCC,,1,218,shp-50-01,1,1
1573020,50,3,50 Cordata/WCC,,1,218,shp-50-01,1,1
2220070,50,2,50 Cordata/WCC,,1,118,shp-50-01,1,1
1773020,50,3,50 Cordata/WCC,,1,118,shp-50-01,1,1
2293020,50,3,50 Cordata/WCC,,1,118,shp-50-01,1,1
2146010,50,4,50 Cordata/WCC,,1,118,shp-50-01,1,1
1773090,50,1,50 Cordata/WCC,,1,118,shp-50-01,1,1
2382020,50,3,50 Cordata/WCC,,1,218,shp-50-01,1,1
52020,50,3,50 Lummi Nation,,0,218,shp-50-51,1,1
1223090,50,1,50 Lummi Nation,,0,218,shp-50-51,1,1
2341070,50,2,50 Lummi Nation,,0,118,shp-50-51,1,1
510070,50,2,50 Lummi Nation,,0,218,shp-50-51,1,1
1883010,50,4,50 Lummi Nation,,0,218,shp-50-51,1,1
119020,50,3,50 Lummi Nation,,0,118,shp-50-51,1,1
2329090,50,1,50 Lummi Nation,,0,218,shp-50-51,1,1
1378070,50,2,50 Lummi Nation,,0,118,shp-50-51,1,1
690020,50,3,50 Lummi Nation,,0,118,shp-50-51,1,1
2329020,50,3,50 Lummi Nation,,0,218,shp-50-51,1,1
1164070,50,2,50 Lummi Nation,,0,218,shp-50-51,1,1
631010,50,4,50 Lummi Nation,,0,218,shp-50-51,1,1
1089020,50,3,50 Lummi Nation,,0,218,shp-50-51,1,1
605070,50,2,50 Lummi Nation,,0,118,shp-50-51,1,1
523020,50,3,50 Lummi Nation,,0,218,shp-50-51,1,1
552090,50,1,50 Lummi Nation,,0,118,shp-50-51,1,1
2558010,50,4,50 Lummi Nation,,0,218,shp-50-51,1,1
2490010,50,4,50 Lummi Nation,,0,118,shp-50-51,1,1
1166090,50,1,50 Lummi Nation,,0,218,shp-50-51,1,1
2511020,50,3,50 Lummi Nation,,0,118,shp-50-51,1,1
523090,50,1,50 Lummi Nation,,0,218,shp-50-51,1,1
488090,50,1,50 Lummi Nation,,0,218,shp-50-51,1,1
1293010,50,4,50 Lummi Nation,,0,218,shp-50-51,1,1
2413010,50,4,50 Lummi Nation,,0,118,shp-50-51,1,1
1469070,50,2,50 Lummi Nation,,0,218,shp-50-51,1,1
836070,50,2,50 Lummi Nation,,0,118,shp-50-51,1,1
772020,50,3,50 Lummi Nation,,0,118,shp-50-51,1,1
636020,50,3,50 Lummi Nation,,0,118,shp-50-51,1,1
2511090,50,1,50 Lummi Nation,,0,118,shp-50-51,1,1
1095020,50,3,50 Lummi Nation,,0,118,shp-50-51,1,1
552020,50,3,50 Lummi Nation,,0,118,shp-50-51,1,1
772090,50,1,50 Lummi Nation,,0,118,shp-50-51,1,1
2055010,50,4,50 Lummi Nation,,0,118,shp-50-51,1,1
52090,50,1,50 Lummi Nation,,0,218,shp-50-51,1,1
360010,50,4,50 Lummi Nation,,0,118,shp-50-51,1,1
77070,50,2,50 Lummi Nation,,0,218,shp-50-51,1,1
1865010,50,4,50 Lummi Nation,,0,218,shp-50-51,1,1
636090,50,1,50 Lummi Nation,,0,118,shp-50-51,1,1
1089090,50,1,50 Lummi Nation,,0,218,shp-50-51,1,1
1854070,50,2,50 Lummi Nation,,0,218,shp-50-51,1,1
1726070,50,2,50 Lummi Nation,,0,118,shp-50-51,1,1
1590070,50,2,50 Lummi Nation,,0,118,shp-50-51,1,1
488020,50,3,50 Lummi Nation,,0,218,shp-50-51,1,1
1479010,50,4,50 Lummi Nation,,0,118,shp-50-51,1,1
119090,50,1,50 Lummi Nation,,0,118,shp-50-51,1,1
690090,50,1,50 Lummi Nation,,0,118,shp-50-51,1,1
1095090,50,1,50 Lummi Nation,,0,118,shp-50-51,1,1
1166020,50,3,50 Lummi Nation,,0,218,shp-50-51,1,1
1223020,50,3,50 Lummi Nation,,0,218,shp-50-51,1,1
159010,512,4,512 Downtown,,1,1512,shp-512-02,1,1
1069090,512,1,512 Downtown,,1,1512,shp-512-02,1,1
2328090,512,1,512 Downtown,,1,1512,shp-512-02,1,1
1069020,512,3,512 Downtown,,1,1512,shp-512-02,1,1
1307090,512,1,512 Downtown,,1,1512,shp-512-02,1,1
2459090,512,1,512 Downtown,,1,1512,shp-512-02,1,1
705070,512,2,512 Downtown,,1,1512,shp-512-02,1,1
385020,512,3,512 Downtown,,1,1512,shp-512-02,1,1
956070,512,2,512 Downtown,,1,1512,shp-512-02,1,1
1307020,512,3,512 Downtown,,1,1512,shp-512-02,1,1
168020,512,3,512 Downtown,,1,1512,shp-512-02,1,1
2039090,512,1,512 Downtown,,1,1512,shp-512-01,1,1
271090,512,1,512 Downtown,,1,1512,shp-512-02,1,1
1570020,512,3,512 Downtown,,1,1512,shp-512-02,1,1
2459020,512,3,512 Downtown,,1,1512,shp-512-02,1,1
1559070,512,2,512 Downtown,,1,1512,shp-512-02,1,1
638020,512,3,512 Downtown,,1,1512,shp-512-02,1,1
2194020,512,3,512 Downtown,,1,1512,shp-512-02,1,1
2328020,512,3,512 Downtown,,1,1512,shp-512-02,1,1
2160070,512,2,512 Downtown,,1,1512,shp-512-02,1,1
1763090,512,1,512 Downtown,,1,1512,shp-512-02,1,1
665010,512,4,512 Downtown,,1,1512,shp-512-02,1,1
1022010,512,4,512 Downtown,,1,1512,shp-512-02,1,1
1191010,512,4,512 Downtown,,1,1512,shp-512-02,1,1
1729020,512,3,512 Downtown,,1,1512,shp-512-02,1,1
597070,512,2,512 Downtown,,1,1512,shp-512-02,1,1
751070,512,2,512 Downtown,,1,1512,shp-512-02,1,1
2169090,512,1,512 Downtown,,1,1512,shp-512-02,1,1
591070,512,2,512 Downtown,,1,1512,shp-512-01,1,1
2259010,512,4,512 Downtown,,1,1512,shp-512-02,1,1
1503070,512,2,512 Downtown,,1,1512,shp-512-02,1,1
168090,512,1,512 Downtown,,1,1512,shp-512-02,1,1
1602090,512,1,512 Downtown,,1,1512,shp-512-02,1,1
2337010,512,4,512 Downtown,,1,1512,shp-512-02,1,1
2058070,512,2,512 Downtown,,1,1512,shp-512-02,1,1
2194090,512,1,512 Downtown,,1,1512,shp-512-02,1,1
1465010,512,4,512 Downtown,,1,1512,shp-512-02,1,1
2039020,512,3,512 Downtown,,1,1512,shp-512-01,1,1
153070,512,2,512 Downtown,,1,1512,shp-512-02,1,1
373090,512,1,512 Downtown,,1,1512,shp-512-02,1,1
293010,512,4,512 Downtown,,1,1512,shp-512-02,1,1
1729090,512,1,512 Downtown,,1,1512,shp-512-02,1,1
385090,512,1,512 Downtown,,1,1512,shp-512-02,1,1
1570090,512,1,512 Downtown,,1,1512,shp-512-02,1,1
1348010,512,4,512 Downtown,,1,1512,shp-512-02,1,1
1182010,512,4,512 Downtown,,1,1512,shp-512-02,1,1
2169020,512,3,512 Downtown,,1,1512,shp-512-02,1,1
1106070,512,2,512 Downtown,,1,1512,shp-512-02,1,1
2222010,512,4,512 Downtown,,1,1512,shp-512-02,1,1
271020,512,3,512 Downtown,,1,1512,shp-512-02,1,1
638090,512,1,512 Downtown,,1,1512,shp-512-02,1,1
1763020,512,3,512 Downtown,,1,1512,shp-512-02,1,1
2441070,512,2,512 Downtown,,1,1512,shp-512-02,1,1
1062010,512,4,512 Downtown,,1,1512,shp-512-02,1,1
212010,512,4,512 Downtown,,1,1512,shp-512-02,1,1
8070,512,2,512 Downtown,,1,1512,shp-512-02,1,1
373020,512,3,512 Downtown,,1,1512,shp-512-02,1,1
1584070,512,2,512 Downtown,,1,1512,shp-512-02,1,1
1602020,512,3,512 Downtown,,1,1512,shp-512-02,1,1
206070,512,2,512 Downtown,,1,1512,shp-512-02,1,1
442020,512,3,512 Lakeway,,0,1512,shp-512-51,1,1
442090,512,1,512 Lakeway,,0,1512,shp-512-51,1,1
2516070,512,2,512 Lakeway,,0,1512,shp-512-51,1,1
513090,512,1,512 Sudden Valley,,0,1512,shp-512-52,1,1
1140070,512,2,512 Sudden Valley,,0,1512,shp-512-53,1,1
1144020,512,3,512 Sudden Valley,,0,1512,shp-512-52,1,1
1094090,512,1,512 Sudden Valley,,0,1512,shp-512-52,1,1
1970090,512,1,512 Sudden Valley,,0,1512,shp-512-52,1,1
1280010,512,4,512 Sudden Valley,,0,1512,shp-512-52,1,1
228090,512,1,512 Sudden Valley,,0,1512,shp-512-52,1,1
1587010,512,4,512 Sudden Valley,,0,1512,shp-512-52,1,1
1452020,512,3,512 Sudden Valley,,0,1512,shp-512-52,1,1
532070,512,2,512 Sudden Valley,,0,1512,shp-512-52,1,1
1141020,512,3,512 Sudden Valley,,0,1512,shp-512-52,1,1
2412090,512,1,512 Sudden Valley,,0,1512,shp-512-52,1,1
805070,512,2,512 Sudden Valley,,0,1512,shp-512-52,1,1
957070,512,2,512 Sudden Valley,,0,1512,shp-512-52,1,1
1886090,512,1,512 Sudden Valley,,0,1512,shp-512-52,1,1
548010,512,4,512 Sudden Valley,,0,1512,shp-512-52,1,1
2412020,512,3,512 Sudden Valley,,0,1512,shp-512-52,1,1
1971010,512,4,512 Sudden Valley,,0,1512,shp-512-53,1,1
1144090,512,1,512 Sudden Valley,,0,1512,shp-512-52,1,1
1452090,512,1,512 Sudden Valley,,0,1512,shp-512-52,1,1
459070,512,2,512 Sudden Valley,,0,1512,shp-512-52,1,1
447010,512,4,512 Sudden Valley,,0,1512,shp-512-52,1,1
1970020,512,3,512 Sudden Valley,,0,1512,shp-512-52,1,1
981090,512,1,512 Sudden Valley,,0,1512,shp-512-52,1,1
2252070,512,2,512 Sudden Valley,,0,1512,shp-512-52,1,1
1804090,512,1,512 Sudden Valley,,0,1512,shp-512-52,1,1
2202070,512,2,512 Sudden Valley,,0,1512,shp-512-52,1,1
227010,512,4,512 Sudden Valley,,0,1512,shp-512-52,1,1
430010,512,4,512 Sudden Valley,,0,1512,shp-512-52,1,1
1141090,512,1,512 Sudden Valley,,0,1512,shp-512-52,1,1
1229070,512,2,512 Sudden Valley,,0,1512,shp-512-52,1,1
287070,512,2,512 Sudden Valley,,0,1512,shp-512-52,1,1
513020,512,3,512 Sudden Valley,,0,1512,shp-512-52,1,1
1213070,512,2,512 Sudden Valley,,0,1512,shp-512-52,1,1
247070,512,2,512 Sudden Valley,,0,1512,shp-512-52,1,1
981020,512,3,512 Sudden Valley,,0,1512,shp-512-52,1,1
1556020,512,3,512 Sudden Valley,,0,1512,shp-512-52,1,1
2576020,512,3,512 Sudden Valley,,0,1512,shp-512-52,1,1
1626010,512,4,512 Sudden Valley,,0,1512,shp-512-52,1,1
1804020,512,3,512 Sudden Valley,,0,1512,shp-512-52,1,1
955070,512,2,512 Sudden Valley,,0,1512,shp-512-52,1,1
798090,512,1,512 Sudden Valley,,0,1512,shp-512-52,1,1
1556090,512,1,512 Sudden Valley,,0,1512,shp-512-52,1,1
738010,512,4,512 Sudden Valley,,0,1512,shp-512-52,1,1
798020,512,3,512 Sudden Valley,,0,1512,shp-512-52,1,1
1195020,512,3,512 Sudden Valley,,0,1512,shp-512-52,1,1
2576090,512,1,512 Sudden Valley,,0,1512,shp-512-52,1,1
228020,512,3,512 Sudden Valley,,0,1512,shp-512-52,1,1
2289010,512,4,512 Sudden Valley,,0,1512,shp-512-52,1,1
539010,512,4,512 Sudden Valley,,0,1512,shp-512-52,1,1
1886020,512,3,512 Sudden Valley,,0,1512,shp-512-52,1,1
1446010,512,4,512 Sudden Valley,,0,1512,shp-512-52,1,1
485010,512,4,512 Sudden Valley,,0,1512,shp-512-52,1,1
2397070,512,2,512 Sudden Valley,,0,1512,shp-512-52,1,1
1195090,512,1,512 Sudden Valley,,0,1512,shp-512-52,1,1
1094020,512,3,512 Sudden Valley,,0,1512,shp-512-52,1,1
2080070,512,2,512 Sudden Valley,,0,1512,shp-512-52,1,1
335020,525,3,525 Barkley,,1,1525,shp-525-51,1,1
2182070,525,2,525 Barkley,,1,1525,shp-525-51,1,1
1701010,525,4,525 Barkley,,1,1525,shp-525-51,1,1
729090,525,1,525 Barkley,,1,1525,shp-525-51,1,1
335090,525,1,525 Barkley,,1,1525,shp-525-51,1,1
364090,525,1,525 Barkley,,1,1525,shp-525-51,1,1
2200010,525,4,525 Barkley,,1,1525,shp-525-51,1,1
856020,525,3,525 Barkley,,1,1525,shp-525-51,1,1
1464020,525,3,525 Barkley,,1,1525,shp-525-51,1,1
2474070,525,2,525 Barkley,,1,1525,shp-525-51,1,1
949020,525,3,525 Barkley,,1,672X,shp-525-51,1,1
195090,525,1,525 Barkley,,1,1525,shp-525-51,1,1
1027070,525,2,525 Barkley,,1,1525,shp-525-51,1,1
988070,525,2,525 Barkley,,1,1525,shp-525-51,1,1
2318010,525,4,525 Barkley,,1,1525,shp-525-51,1,1
2322090,525,1,525 Barkley,,1,1525,shp-525-51,1,1
704020,525,3,525 Barkley,,1,1525,shp-525-51,1,1
2189010,525,4,525 Barkley,,1,1525,shp-525-51,1,1
39010,525,4,525 Barkley,,1,1525,shp-525-51,1,1
1831020,525,3,525 Barkley,,1,1525,shp-525-51,1,1
768020,525,3,525 Barkley,,1,1525,shp-525-51,1,1
470070,525,2,525 Barkley,,1,1525,shp-525-51,1,1
1174010,525,4,525 Barkley,,1,1525,shp-525-51,1,1
2589010,525,4,525 Barkley,,1,1525,shp-525-51,1,1
704090,525,1,525 Barkley,,1,1525,shp-525-51,1,1
768090,525,1,525 Barkley,,1,1525,shp-525-51,1,1
2322020,525,3,525 Barkley,,1,1525,shp-525-51,1,1
789020,525,3,525 Barkley,,1,1525,shp-525-51,1,1
2082070,525,2,525 Barkley,,1,1525,shp-525-51,1,1
789090,525,1,525 Barkley,,1,1525,shp-525-51,1,1
949090,525,1,525 Barkley,,1,672X,shp-525-51,1,1
2590070,525,2,525 Barkley,,1,1525,shp-525-51,1,1
2615070,525,2,525 Barkley,,1,1525,shp-525-51,1,1
2506010,525,4,525 Barkley,,1,1525,shp-525-51,1,1
1795010,525,4,525 Barkley,,1,1525,shp-525-51,1,1
2270020,525,3,525 Barkley,,1,1525,shp-525-51,1,1
2567070,525,2,525 Barkley,,1,1525,shp-525-51,1,1
1831090,525,1,525 Barkley,,1,1525,shp-525-51,1,1
856090,525,1,525 Barkley,,1,1525,shp-525-51,1,1
1464090,525,1,525 Barkley,,1,1525,shp-525-51,1,1
195020,525,3,525 Barkley,,1,1525,shp-525-51,1,1
729020,525,3,525 Barkley,,1,1525,shp-525-51,1,1
566010,525,4,525 Barkley,,1,1525,shp-525-51,1,1
2270090,525,1,525 Barkley,,1,1525,shp-525-51,1,1
2045070,525,2,525 Barkley,,1,1525,shp-525-51,1,1
364020,525,3,525 Barkley,,1,1525,shp-525-51,1,1
668010,525,4,525 Barkley,,1,1525,shp-525-51,1,1
1887070,525,2,525 Barkley,,1,1525,shp-525-51,1,1
1858090,525,1,525 Downtown,,0,1525,shp-525-03,1,1
616010,525,4,525 Downtown,,0,1525,shp-525-03,1,1
1956020,525,3,525 Downtown,,0,1525,shp-525-03,1,1
721020,525,3,525 Downtown,,0,1525,shp-525-03,1,1
1620090,525,1,525 Downtown,,0,1525,shp-525-03,1,1
260070,525,2,525 Downtown,,0,1525,shp-525-03,1,1
1858020,525,3,525 Downtown,,0,1525,shp-525-03,1,1
1225090,525,1,525 Downtown,,0,1525,shp-525-03,1,1
594010,525,4,525 Downtown,,0,1525,shp-525-03,1,1
866020,525,3,525 Downtown,,0,1525,shp-525-03,1,1
2098090,525,1,525 Downtown,,0,1525,shp-525-03,1,1
241090,525,1,525 Downtown,,0,1525,shp-525-03,1,1
1611010,525,4,525 Downtown,,0,1525,shp-525-03,1,1
215070,525,2,525 Downtown,,0,1525,shp-525-03,1,1
1977020,525,3,525 Downtown,,0,1525,shp-525-03,1,1
923020,525,3,525 Downtown,,0,1525,shp-525-03,1,1
849070,525,2,525 Downtown,,0,1525,shp-525-03,1,1
1033070,525,2,525 Downtown,,0,1525,shp-525-03,1,1
2166010,525,4,525 Downtown,,0,1525,shp-525-03,1,1
1009070,525,2,525 Downtown,,0,1525,shp-525-03,1,1
1019090,525,1,525 Downtown,,0,1525,shp-525-03,1,1
163010,525,4,525 Downtown,,0,1525,shp-525-03,1,1
1373010,525,4,525 Downtown,,0,1525,shp-525-03,1,1
529020,525,3,525 Downtown,,0,1525,shp-525-03,1,1
1842010,525,4,525 Downtown,,0,1525,shp-525-03,1,1
721090,525,1,525 Downtown,,0,1525,shp-525-03,1,1
788090,525,1,525 Downtown,,0,672X,shp-525-03,1,1
1694010,525,4,525 Downtown,,0,1525,shp-525-03,1,1
2385070,525,2,525 Downtown,,0,1525,shp-525-03,1,1
1225020,525,3,525 Downtown,,0,1525,shp-525-03,1,1
2098020,525,3,525 Downtown,,0,1525,shp-525-03,1,1
788020,525,3,525 Downtown,,0,672X,shp-525-03,1,1
1019020,525,3,525 Downtown,,0,1525,shp-525-03,1,1
1589090,525,1,525 Downtown,,0,1525,shp-525-03,1,1
923090,525,1,525 Downtown,,0,1525,shp-525-03,1,1
1620020,525,3,525 Downtown,,0,1525,shp-525-03,1,1
1230070,525,2,525 Downtown,,0,1525,shp-525-03,1,1
241020,525,3,525 Downtown,,0,1525,shp-525-03,1,1
1977090,525,1,525 Downtown,,0,1525,shp-525-03,1,1
734070,525,2,525 Downtown,,0,1525,shp-525-03,1,1
799070,525,2,525 Downtown,,0,1525,shp-525-03,1,1
529090,525,1,525 Downtown,,0,1525,shp-525-03,1,1
1589020,525,3,525 Downtown,,0,1525,shp-525-03,1,1
267010,525,4,525 Downtown,,0,1525,shp-525-03,1,1
588070,525,2,525 Downtown,,0,1525,shp-525-03,1,1
866090,525,1,525 Downtown,,0,1525,shp-525-03,1,1
1714010,525,4,525 Downtown,,0,1525,shp-525-03,1,1
1956090,525,1,525 Downtown,,0,1525,shp-525-03,1,1
1583010,525,4,525 Downtown,,0,1525,shp-525-03,1,1
1416020,533,3,533 Downtown,,1,1533,shp-533-03,1,1
700090,533,1,533 Downtown,,1,1533,shp-533-03,1,1
1183070,533,2,533 Downtown,,1,1533,shp-533-03,1,1
1798020,533,3,533 Downtown,,1,1533,shp-533-03,1,1
2348090,533,1,533 Downtown,,1,1533,shp-533-03,1,1
823070,533,2,533 Downtown,,1,2533,shp-533-03,1,1
1798090,533,1,533 Downtown,,1,1533,shp-533-03,1,1
1049090,533,1,533 Downtown,,1,2533,shp-533-03,1,1
852070,533,2,533 Downtown,,1,1533,shp-533-03,1,1
1226090,533,1,533 Downtown,,1,2533,shp-533-03,1,1
365090,533,1,533 Downtown,,1,2533,shp-533-03,1,1
700020,533,3,533 Downtown,,1,1533,shp-533-03,1,1
1226020,533,3,533 Downtown,,1,2533,shp-533-03,1,1
1263020,533,3,533 Downtown,,1,1533,shp-533-03,1,1
475020,533,3,533 Downtown,,1,1533,shp-533-03,1,1
475090,533,1,533 Downtown,,1,1533,shp-533-03,1,1
1416090,533,1,533 Downtown,,1,1533,shp-533-03,1,1
1156090,533,1,533 Downtown,,1,2533,shp-533-03,1,1
1468070,533,2,533 Downtown,,1,2533,shp-533-03,1,1
1935070,533,2,533 Downtown,,1,2533,shp-533-03,1,1
440070,533,2,533 Downtown,,1,2533,shp-533-03,1,1
2167090,533,1,533 Downtown,,1,2533,shp-533-03,1,1
995020,533,3,533 Downtown,,1,2533,shp-533-03,1,1
1049020,533,3,533 Downtown,,1,2533,shp-533-03,1,1
365020,533,3,533 Downtown,,1,2533,shp-533-03,1,1
2372070,533,2,533 Downtown,,1,1533,shp-533-03,1,1
602070,533,2,533 Downtown,,1,1533,shp-533-03,1,1
1263090,533,1,533 Downtown,,1,1533,shp-533-03,1,1
2167020,533,3,533 Downtown,,1,2533,shp-533-03,1,1
2271070,533,2,533 Downtown,,1,2533,shp-533-03,1,1
1156020,533,3,533 Downtown,,1,2533,shp-533-03,1,1
995090,533,1,533 Downtown,,1,2533,shp-533-03,1,1
689070,533,2,533 Downtown,,1,1533,shp-533-03,1,1
2348020,533,3,533 Downtown,,1,1533,shp-533-03,1,1
377070,533,2,533 Yew St,,0,1533,shp-533-02,1,1
898090,533,1,533 Yew St,,0,1533,shp-533-02,1,1
2085020,533,3,533 Yew St,,0,2533,shp-533-02,1,1
2085090,533,1,533 Yew St,,0,2533,shp-533-02,1,1
191020,533,3,533 Yew St,,0,1533,shp-533-02,1,1
36070,533,2,533 Yew St,,0,2533,shp-533-02,1,1
898020,533,3,533 Yew St,,0,1533,shp-533-02,1,1
874090,533,1,533 Yew St,,0,1533,shp-533-02,1,1
2508090,533,1,533 Yew St,,0,2533,shp-533-02,1,1
1809090,533,1,533 Yew St,,0,1533,shp-533-02,1,1
571070,533,2,533 Yew St,,0,1533,shp-533-02,1,1
2311090,533,1,533 Yew St,,0,2533,shp-533-02,1,1
874020,533,3,533 Yew St,,0,1533,shp-533-02,1,1
2508020,533,3,533 Yew St,,0,2533,shp-533-02,1,1
9070,533,2,533 Yew St,,0,1533,shp-533-02,1,1
1809020,533,3,533 Yew St,,0,1533,shp-533-02,1,1
352070,533,2,533 Yew St,,0,2533,shp-533-02,1,1
1358020,533,3,533 Yew St,,0,1533,shp-533-02,1,1
413020,533,3,533 Yew St,,0,2533,shp-533-02,1,1
191090,533,1,533 Yew St,,0,1533,shp-533-02,1,1
677020,533,3,533 Yew St,,0,2533,shp-533-02,1,1
528020,533,3,533 Yew St,,0,1533,shp-533-02,1,1
170090,533,1,533 Yew St,,0,2533,shp-533-02,1,1
2003070,533,2,533 Yew St,,0,2533,shp-533-02,1,1
1228070,533,2,533 Yew St,,0,1533,shp-533-02,1,1
677090,533,1,533 Yew St,,0,2533,shp-533-02,1,1
2311020,533,3,533 Yew St,,0,2533,shp-533-02,1,1
170020,533,3,533 Yew St,,0,2533,shp-533-02,1,1
2127070,533,2,533 Yew St,,0,2533,shp-533-02,1,1
528090,533,1,533 Yew St,,0,1533,shp-533-02,1,1
1358090,533,1,533 Yew St,,0,1533,shp-533-02,1,1
369070,533,2,533 Yew St,,0,2533,shp-533-02,1,1
2102070,533,2,533 Yew St,,0,1533,shp-533-02,1,1
413090,533,1,533 Yew St,,0,2533,shp-533-02,1,1
62020,540,3,540 Downtown,,1,2533,shp-540-02,1,1
2499020,540,3,540 Downtown,,1,1533,shp-540-02,1,1
2262070,540,2,540 Downtown,,1,2533,shp-540-02,1,1
12020,540,3,540 Downtown,,1,1533,shp-540-02,1,1
2034020,540,3,540 Downtown,,1,2533,shp-540-02,1,1
2034090,540,1,540 Downtown,,1,2533,shp-540-02,1,1
1143020,540,3,540 Downtown,,1,2533,shp-540-02,1,1
564020,540,3,540 Downtown,,1,1533,shp-540-02,1,1
585070,540,2,540 Downtown,,1,1533,shp-540-02,1,1
465020,540,3,540 Downtown,,1,1533,shp-540-02,1,1
2390020,540,3,540 Downtown,,1,2533,shp-540-02,1,1
505070,540,2,540 Downtown,,1,1533,shp-540-02,1,1
550070,540,2,540 Downtown,,1,1533,shp-540-02,1,1
465090,540,1,540 Downtown,,1,1533,shp-540-02,1,1
425070,540,2,540 Downtown,,1,2533,shp-540-02,1,1
564090,540,1,540 Downtown,,1,1533,shp-540-02,1,1
2462020,540,3,540 Downtown,,1,2533,shp-540-02,1,1
1143090,540,1,540 Downtown,,1,2533,shp-540-02,1,1
2462090,540,1,540 Downtown,,1,2533,shp-540-02,1,1
410020,540,3,540 Downtown,,1,1533,shp-540-02,1,1
2488020,540,3,540 Downtown,,1,2533,shp-540-02,1,1
2488090,540,1,540 Downtown,,1,2533,shp-540-02,1,1
62090,540,1,540 Downtown,,1,2533,shp-540-02,1,1
2390090,540,1,540 Downtown,,1,2533,shp-540-02,1,1
12090,540,1,540 Downtown,,1,1533,shp-540-02,1,1
1562070,540,2,540 Downtown,,1,2533,shp-540-02,1,1
410090,540,1,540 Downtown,,1,1533,shp-540-02,1,1
938070,540,2,540 Downtown,,1,1533,shp-540-02,1,1
1705070,540,2,540 Downtown,,1,2533,shp-540-02,1,1
595070,540,2,540 Downtown,,1,1533,shp-540-02,1,1
2314090,540,1,540 Downtown,,1,1533,shp-540-02,1,1
2499090,540,1,540 Downtown,,1,1533,shp-540-02,1,1
674070,540,2,540 Downtown,,1,2533,shp-540-02,1,1
2314020,540,3,540 Downtown,,1,1533,shp-540-02,1,1
2288020,540,3,540 Sunset,,0,1533,shp-540-51,1,1
2258070,540,2,540 Sunset,,0,1533,shp-540-51,1,1
491020,540,3,540 Sunset,,0,1533,shp-540-51,1,1
2134070,540,2,540 Sunset,,0,1533,shp-540-51,1,1
2483070,540,2,540 Sunset,,0,1533,shp-540-51,1,1
2120070,540,2,540 Sunset,,0,2533,shp-540-51,1,1
1248070,540,2,540 Sunset,,0,1533,shp-540-51,1,1
1630070,540,2,540 Sunset,,0,2533,shp-540-51,1,1
1437020,540,3,540 Sunset,,0,1533,shp-540-51,1,1
2131070,540,2,540 Sunset,,0,2533,shp-540-51,1,1
251020,540,3,540 Sunset,,0,2533,shp-540-51,1,1
534020,540,3,540 Sunset,,0,1533,shp-540-51,1,1
515090,540,1,540 Sunset,,0,2533,shp-540-51,1,1
158020,540,3,540 Sunset,,1,1533,shp-540-01,1,1
1329020,540,3,540 Sunset,,0,2533,shp-540-51,1,1
2093020,540,3,540 Sunset,,0,1533,shp-540-51,1,1
1112090,540,1,540 Sunset,,0,2533,shp-540-51,1,1
1896090,540,1,540 Sunset,,0,2533,shp-540-51,1,1
2288090,540,1,540 Sunset,,0,1533,shp-540-51,1,1
1093070,540,2,540 Sunset,,1,2533,shp-540-01,1,1
251090,540,1,540 Sunset,,0,2533,shp-540-51,1,1
534090,540,1,540 Sunset,,0,1533,shp-540-51,1,1
1434070,540,2,540 Sunset,,0,2533,shp-540-51,1,1
2478020,540,3,540 Sunset,,0,2533,shp-540-51,1,1
1276090,540,1,540 Sunset,,0,1533,shp-540-51,1,1
2438070,540,2,540 Sunset,,0,1533,shp-540-51,1,1
158090,540,1,540 Sunset,,1,1533,shp-540-01,1,1
1276020,540,3,540 Sunset,,0,1533,shp-540-51,1,1
491090,540,1,540 Sunset,,0,1533,shp-540-51,1,1
2093090,540,1,540 Sunset,,0,1533,shp-540-51,1,1
476070,540,2,540 Sunset,,0,2533,shp-540-51,1,1
1112020,540,3,540 Sunset,,0,2533,shp-540-51,1,1
515020,540,3,540 Sunset,,0,2533,shp-540-51,1,1
1896020,540,3,540 Sunset,,0,2533,shp-540-51,1,1
2478090,540,1,540 Sunset,,0,2533,shp-540-51,1,1
1437090,540,1,540 Sunset,,0,1533,shp-540-51,1,1
1329090,540,1,540 Sunset,,0,2533,shp-540-51,1,1
371020,71X,3,71X Cordata/WCC,,1,471X,shp-71X-01,1,1
1517070,71X,2,71X Cordata/WCC,,1,171X,shp-71X-01,1,1
371090,71X,1,71X Cordata/WCC,,1,471X,shp-71X-01,1,1
867090,71X,1,71X Cordata/WCC,,1,371X,shp-71X-01,1,1
1581090,71X,1,71X Cordata/WCC,,1,271X,shp-71X-01,1,1
2423090,71X,1,71X Cordata/WCC,,1,571X,shp-71X-01,1,1
1425020,71X,3,71X Cordata/WCC,,1,171X,shp-71X-01,1,1
1425090,71X,1,71X Cordata/WCC,,1,171X,shp-71X-01,1,1
1581020,71X,3,71X Cordata/WCC,,1,271X,shp-71X-01,1,1
555070,71X,2,71X Cordata/WCC,,1,371X,shp-71X-01,1,1
867020,71X,3,71X Cordata/WCC,,1,371X,shp-71X-01,1,1
854070,71X,2,71X Cordata/WCC,,1,271X,shp-71X-01,1,1
2423020,71X,3,71X Cordata/WCC,,1,571X,shp-71X-01,1,1
2308090,71X,1,71X Everson/Nooksack/Sumas,,0,271X,shp-71X-52,1,1
940020,71X,3,71X Everson/Nooksack/Sumas,,0,171X,shp-71X-51,1,1
1404070,71X,2,71X Everson/Nooksack/Sumas,,0,371X,shp-71X-52,1,1
940090,71X,1,71X Everson/Nooksack/Sumas,,0,171X,shp-71X-51,1,1
1801090,71X,1,71X Everson/Nooksack/Sumas,,0,571X,shp-71X-52,1,1
835070,71X,2,71X Everson/Nooksack/Sumas,,0,271X,shp-71X-52,1,1
344070,71X,2,71X Everson/Nooksack/Sumas,,0,171X,shp-71X-51,1,1
1801020,71X,3,71X Everson/Nooksack/Sumas,,0,571X,shp-71X-52,1,1
658020,71X,3,71X Everson/Nooksack/Sumas,,0,471X,shp-71X-52,1,1
1359090,71X,1,71X Everson/Nooksack/Sumas,,0,371X,shp-71X-52,1,1
1359020,71X,3,71X Everson/Nooksack/Sumas,,0,371X,shp-71X-52,1,1
2308020,71X,3,71X Everson/Nooksack/Sumas,,0,271X,shp-71X-52,1,1
658090,71X,1,71X Everson/Nooksack/Sumas,,0,471X,shp-71X-52,1,1
846020,72X,3,72X Bellingham,,1,272X,shp-72X-03,1,1
1575010,72X,4,72X Bellingham,,1,172X,shp-72X-03,1,1
1193020,72X,3,72X Bellingham,,1,572X,shp-72X-03,1,1
877010,72X,4,72X Bellingham,,1,272X,shp-72X-03,1,1
846090,72X,1,72X Bellingham,,1,272X,shp-72X-03,1,1
2603020,72X,3,72X Bellingham,,1,672X,shp-72X-03,1,1
114070,72X,2,72X Bellingham,,1,272X,shp-72X-03,1,1
1515020,72X,3,72X Bellingham,,1,372X,shp-72X-03,1,1
2579010,72X,4,72X Bellingham,,1,472X,shp-72X-03,1,1
303070,72X,2,72X Bellingham,,1,372X,shp-72X-03,1,1
807090,72X,1,72X Bellingham,,1,472X,shp-72X-03,1,1
408090,72X,1,72X Bellingham,,1,172X,shp-72X-01,1,1
26010,72X,4,72X Bellingham,,1,372X,shp-72X-03,1,1
2603090,72X,1,72X Bellingham,,1,672X,shp-72X-03,1,1
408020,72X,3,72X Bellingham,,1,172X,shp-72X-01,1,1
2476070,72X,2,72X Bellingham,,1,172X,shp-72X-03,1,1
1515090,72X,1,72X Bellingham,,1,372X,shp-72X-03,1,1
1193090,72X,1,72X Bellingham,,1,572X,shp-72X-03,1,1
807020,72X,3,72X Bellingham,,1,472X,shp-72X-03,1,1
1010090,72X,1,72X Kendall,,0,672X,shp-72X-52,1,1
1295020,72X,3,72X Kendall,,0,472X,shp-72X-53,1,1
1295090,72X,1,72X Kendall,,0,472X,shp-72X-53,1,1
1498070,72X,2,72X Kendall,,0,472X,shp-72X-53,1,1
1650020,72X,3,72X Kendall,,0,772X,shp-72X-53,1,1
1608020,72X,3,72X Kendall,,0,272X,shp-72X-53,1,1
2296020,72X,3,72X Kendall,,0,572X,shp-72X-53,1,1
2296090,72X,1,72X Kendall,,0,572X,shp-72X-53,1,1
1772010,72X,4,72X Kendall,,0,372X,shp-72X-53,1,1
1010020,72X,3,72X Kendall,,0,672X,shp-72X-52,1,1
906090,72X,1,72X Kendall,,0,172X,shp-72X-51,1,1
2642070,72X,2,72X Kendall,,0,272X,shp-72X-53,1,1
883070,72X,2,72X Kendall,,0,372X,shp-72X-53,1,1
1608090,72X,1,72X Kendall,,0,272X,shp-72X-53,1,1
851070,72X,2,72X Kendall,,0,172X,shp-72X-51,1,1
935090,72X,1,72X Kendall,,0,872X,shp-72X-53,1,1
1650090,72X,1,72X Kendall,,0,772X,shp-72X-53,1,1
906020,72X,3,72X Kendall,,0,172X,shp-72X-51,1,1
1442090,72X,1,72X Kendall,,0,372X,shp-72X-53,1,1
1145010,72X,4,72X Kendall,,0,172X,shp-72X-51,1,1
935020,72X,3,72X Kendall,,0,872X,shp-72X-53,1,1
235010,72X,4,72X Kendall,,0,272X,shp-72X-53,1,1
1991010,72X,4,72X Kendall,,0,472X,shp-72X-53,1,1
1442020,72X,3,72X Kendall,,0,372X,shp-72X-53,1,1
2489020,72X,3,72X Sunset Square,,1,772X,shp-72X-02,1,1
1352090,72X,1,72X Sunset Square,,1,872X,shp-72X-02,1,1
2236070,72X,2,72X Sunset Square,,1,472X,shp-72X-02,1,1
2489090,72X,1,72X Sunset Square,,1,772X,shp-72X-02,1,1
1352020,72X,3,72X Sunset Square,,1,872X,shp-72X-02,1,1
2473090,75,1,75A Bellingham,,1,475,shp-75-03,1,1
1683090,75,1,75A Bellingham,,1,675,shp-75-03,1,1
901020,75,3,75A Bellingham,,1,175,shp-75-03,1,1
2473020,75,3,75A Bellingham,,1,475,shp-75-03,1,1
1797090,75,1,75A Bellingham,,1,1075,shp-75-03,1,1
1683020,75,3,75A Bellingham,,1,675,shp-75-03,1,1
2241090,75,1,75A Bellingham,,1,875,shp-75-03,1,1
901090,75,1,75A Bellingham,,1,175,shp-75-03,1,1
2241020,75,3,75A Bellingham,,1,875,shp-75-03,1,1
2418020,75,3,75A Bellingham,,1,975,shp-75-03,1,1
2418090,75,1,75A Bellingham,,1,975,shp-75-03,1,1
1797020,75,3,75A Bellingham,,1,1075,shp-75-03,1,1
1126090,75,1,75A Blaine,,0,1375,shp-75-52,1,1
2398090,75,1,75A Blaine,,0,575,shp-75-52,1,1
2398020,75,3,75A Blaine,,0,575,shp-75-52,1,1
834020,75,3,75A Blaine,,0,375,shp-75-52,1,1
1682020,75,3,75A Blaine,,0,775,shp-75-52,1,1
834090,75,1,75A Blaine,,0,375,shp-75-52,1,1
810090,75,1,75A Blaine,,0,1175,shp-75-52,1,1
1682090,75,1,75A Blaine,,0,775,shp-75-52,1,1
1126020,75,3,75A Blaine,,0,1375,shp-75-52,1,1
810020,75,3,75A Blaine,,0,1175,shp-75-52,1,1
2090090,75,1,75A Ferndale,,1,1275,shp-75-01,1,1
2090020,75,3,75A Ferndale,,1,1275,shp-75-01,1,1
2352020,75,3,75B Birch Bay/Bellingham,,1,775,shp-75-04,1,1
14070,75,2,75B Birch Bay/Bellingham,,1,175,shp-75-04,1,1
2053070,75,2,75B Birch Bay/Bellingham,,1,275,shp-75-04,1,1
2636090,75,1,75B Birch Bay/Bellingham,,1,1175,shp-75-04,1,1
201020,75,3,75B Birch Bay/Bellingham,,1,375,shp-75-07,1,1
2352090,75,1,75B Birch Bay/Bellingham,,1,775,shp-75-04,1,1
329090,75,1,75B Birch Bay/Bellingham,,1,275,shp-75-04,1,1
201090,75,1,75B Birch Bay/Bellingham,,1,375,shp-75-07,1,1
2636020,75,3,75B Birch Bay/Bellingham,,1,1175,shp-75-04,1,1
2261020,75,3,75B Birch Bay/Bellingham,,1,575,shp-75-04,1,1
2377070,75,2,75B Birch Bay/Bellingham,,1,375,shp-75-04,1,1
329020,75,3,75B Birch Bay/Bellingham,,1,275,shp-75-04,1,1
2261090,75,1,75B Birch Bay/Bellingham,,1,575,shp-75-04,1,1
2087090,75,1,75B Birch Bay/Blaine,,0,1075,shp-75-55,1,1
2161090,75,1,75B Birch Bay/Blaine,,0,975,shp-75-55,1,1
2087020,75,3,75B Birch Bay/Blaine,,0,1075,shp-75-55,1,1
993020,75,3,75B Birch Bay/Blaine,,0,175,shp-75-51,1,1
193070,75,2,75B Birch Bay/Blaine,,0,375,shp-75-53,1,1
1983020,75,3,75B Birch Bay/Blaine,,0,1275,shp-75-53,1,1
1104020,75,3,75B Birch Bay/Blaine,,0,475,shp-75-51,1,1
1984070,75,2,75B Birch Bay/Blaine,,0,475,shp-75-53,1,1
1104090,75,1,75B Birch Bay/Blaine,,0,475,shp-75-51,1,1
1298070,75,2,75B Birch Bay/Blaine,,0,175,shp-75-51,1,1
1983090,75,1,75B Birch Bay/Blaine,,0,1275,shp-75-53,1,1
1552090,75,1,75B Birch Bay/Blaine,,0,675,shp-75-53,1,1
1604020,75,3,75B Birch Bay/Blaine,,0,875,shp-75-53,1,1
2351070,75,2,75B Birch Bay/Blaine,,0,275,shp-75-53,1,1
2161020,75,3,75B Birch Bay/Blaine,,0,975,shp-75-55,1,1
1552020,75,3,75B Birch Bay/Blaine,,0,675,shp-75-53,1,1
1604090,75,1,75B Birch Bay/Blaine,,0,875,shp-75-53,1,1
993090,75,1,75B Birch Bay/Blaine,,0,175,shp-75-51,1,1
1585020,75,3,75B Birch Bay/Ferndale,,1,1375,shp-75-02,1,1
1585090,75,1,75B Birch Bay/Ferndale,,1,1375,shp-75-02,1,1
2359090,80X,1,80X Bellingham,,1,380X,shp-80X-01,1,1
1530070,80X,2,80X Bellingham,,1,180X,shp-80X-01,1,1
2554020,80X,3,80X Bellingham,,1,180X,shp-80X-01,1,1
1507020,80X,3,80X Bellingham,,1,280X,shp-80X-01,1,1
2359020,80X,3,80X Bellingham,,1,380X,shp-80X-01,1,1
747020,80X,3,80X Bellingham,,1,380X,shp-80X-01,1,1
645020,80X,3,80X Bellingham,,1,280X,shp-80X-01,1,1
976070,80X,2,80X Bellingham,,1,180X,shp-80X-01,1,1
747090,80X,1,80X Bellingham,,1,380X,shp-80X-01,1,1
2554090,80X,1,80X Bellingham,,1,180X,shp-80X-01,1,1
645090,80X,1,80X Bellingham,,1,280X,shp-80X-01,1,1
1507090,80X,1,80X Bellingham,,1,280X,shp-80X-01,1,1
1834010,80X,4,80X Bellingham,,1,180X,shp-80X-01,1,1
2556020,80X,3,80X Mt Vernon,,0,180X,shp-80X-51,1,1
391070,80X,2,80X Mt Vernon,,0,180X,shp-80X-51,1,1
793070,80X,2,80X Mt Vernon,,0,180X,shp-80X-51,1,1
366020,80X,3,80X Mt Vernon,,0,280X,shp-80X-51,1,1
758090,80X,1,80X Mt Vernon,,0,380X,shp-80X-51,1,1
2232020,80X,3,80X Mt Vernon,,0,380X,shp-80X-51,1,1
366090,80X,1,80X Mt Vernon,,0,280X,shp-80X-51,1,1
1189090,80X,1,80X Mt Vernon,,0,280X,shp-80X-51,1,1
1189020,80X,3,80X Mt Vernon,,0,280X,shp-80X-51,1,1
95010,80X,4,80X Mt Vernon,,0,180X,shp-80X-51,1,1
2556090,80X,1,80X Mt Vernon,,0,180X,shp-80X-51,1,1
2232090,80X,1,80X Mt Vernon,,0,380X,shp-80X-51,1,1
758020,80X,3,80X Mt Vernon,,0,380X,shp-80X-51,1,1
582010,9,4,9 Downtown,,1,23,shp-9-01,1,1
752090,9,1,9 Downtown,,1,19,shp-9-01,1,1
2224090,9,1,9 Downtown,,1,19,shp-9-01,1,1
669070,9,2,9 Downtown,,1,11,shp-9-01,1,1
2154020,9,3,9 Downtown,,1,19,shp-9-01,1,1
2598070,9,2,9 Downtown,,1,11,shp-9-01,1,1
1096020,9,3,9 Downtown,,1,19,shp-9-01,1,1
1843020,9,3,9 Downtown,,1,19,shp-9-01,1,1
2227020,9,3,9 Downtown,,1,19,shp-9-01,1,1
25010,9,4,9 Downtown,,1,13,shp-9-01,1,1
1482090,9,1,9 Downtown,,1,19,shp-9-01,1,1
1889090,9,1,9 Downtown,,1,19,shp-9-01,1,1
1493010,9,4,9 Downtown,,1,23,shp-9-01,1,1
1302020,9,3,9 Downtown,,1,19,shp-9-01,1,1
2227090,9,1,9 Downtown,,1,19,shp-9-01,1,1
357020,9,3,9 Downtown,,1,19,shp-9-01,1,1
354090,9,1,9 Downtown,,1,19,shp-9-01,1,1
2048020,9,3,9 Downtown,,1,19,shp-9-01,1,1
426020,9,3,9 Downtown,,1,19,shp-9-01,1,1
467020,9,3,9 Downtown,,1,19,shp-9-01,1,1
30070,9,2,9 Downtown,,1,11,shp-9-01,1,1
622070,9,2,9 Downtown,,1,11,shp-9-01,1,1
1115090,9,1,9 Downtown,,1,19,shp-9-01,1,1
1903090,9,1,9 Downtown,,1,19,shp-9-01,1,1
2147020,9,3,9 Downtown,,1,19,shp-9-01,1,1
434020,9,3,9 Downtown,,1,19,shp-9-01,1,1
80020,9,3,9 Downtown,,1,19,shp-9-01,1,1
1096090,9,1,9 Downtown,,1,19,shp-9-01,1,1
1474070,9,2,9 Downtown,,1,11,shp-9-01,1,1
354020,9,3,9 Downtown,,1,19,shp-9-01,1,1
467090,9,1,9 Downtown,,1,19,shp-9-01,1,1
1958090,9,1,9 Downtown,,1,19,shp-9-01,1,1
434090,9,1,9 Downtown,,1,19,shp-9-01,1,1
1785020,9,3,9 Downtown,,1,19,shp-9-01,1,1
1501090,9,1,9 Downtown,,1,19,shp-9-01,1,1
1257070,9,2,9 Downtown,,1,11,shp-9-01,1,1
2149070,9,2,9 Downtown,,1,11,shp-9-01,1,1
1958020,9,3,9 Downtown,,1,19,shp-9-01,1,1
357090,9,1,9 Downtown,,1,19,shp-9-01,1,1
924070,9,2,9 Downtown,,1,11,shp-9-01,1,1
2180010,9,4,9 Downtown,,1,23,shp-9-01,1,1
2097020,9,3,9 Downtown,,1,19,shp-9-01,1,1
1903020,9,3,9 Downtown,,1,19,shp-9-01,1,1
1785090,9,1,9 Downtown,,1,19,shp-9-01,1,1
787090,9,1,9 Downtown,,1,19,shp-9-01,1,1
1501020,9,3,9 Downtown,,1,19,shp-9-01,1,1
2097090,9,1,9 Downtown,,1,19,shp-9-01,1,1
1115020,9,3,9 Downtown,,1,19,shp-9-01,1,1
829020,9,3,9 Downtown,,1,19,shp-9-01,1,1
2154090,9,1,9 Downtown,,1,19,shp-9-01,1,1
19020,9,3,9 Downtown,,1,19,shp-9-01,1,1
2147090,9,1,9 Downtown,,1,19,shp-9-01,1,1
1084020,9,3,9 Downtown,,1,19,shp-9-01,1,1
2371010,9,4,9 Downtown,,1,23,shp-9-01,1,1
2358070,9,2,9 Downtown,,1,11,shp-9-01,1,1
886010,9,4,9 Downtown,,1,23,shp-9-01,1,1
19090,9,1,9 Downtown,,1,19,shp-9-01,1,1
1302090,9,1,9 Downtown,,1,19,shp-9-01,1,1
1666010,9,4,9 Downtown,,1,13,shp-9-01,1,1
1482020,9,3,9 Downtown,,1,19,shp-9-01,1,1
1889020,9,3,9 Downtown,,1,19,shp-9-01,1,1
2057010,9,4,9 Downtown,,1,13,shp-9-01,1,1
1084090,9,1,9 Downtown,,1,19,shp-9-01,1,1
2048090,9,1,9 Downtown,,1,19,shp-9-01,1,1
829090,9,1,9 Downtown,,1,19,shp-9-01,1,1
426090,9,1,9 Downtown,,1,19,shp-9-01,1,1
2224020,9,3,9 Downtown,,1,19,shp-9-01,1,1
493010,9,4,9 Downtown,,1,13,shp-9-01,1,1
752020,9,3,9 Downtown,,1,19,shp-9-01,1,1
1843090,9,1,9 Downtown,,1,19,shp-9-01,1,1
80090,9,1,9 Downtown,,1,19,shp-9-01,1,1
757010,9,4,9 Downtown,,1,13,shp-9-01,1,1
787020,9,3,9 Downtown,,1,19,shp-9-01,1,1
503070,9,2,9 Downtown,,1,11,shp-9-01,1,1
1684020,9,3,9 Hospital,,0,19,shp-9-51,1,1
702010,9,4,9 Hospital,,0,13,shp-9-51,1,1
466020,9,3,9 Hospital,,0,19,shp-9-51,1,1
2313020,9,3,9 Hospital,,0,19,shp-9-51,1,1
2092010,9,4,9 Hospital,,0,23,shp-9-51,1,1
70020,9,3,9 Hospital,,0,19,shp-9-51,1,1
2594020,9,3,9 Hospital,,0,19,shp-9-51,1,1
2343020,9,3,9 Hospital,,0,19,shp-9-51,1,1
573090,9,1,9 Hospital,,0,19,shp-9-51,1,1
776090,9,1,9 Hospital,,0,19,shp-9-51,1,1
2077090,9,1,9 Hospital,,0,19,shp-9-51,1,1
2233020,9,3,9 Hospital,,0,19,shp-9-51,1,1
1527090,9,1,9 Hospital,,0,19,shp-9-51,1,1
48090,9,1,9 Hospital,,0,19,shp-9-51,1,1
2109010,9,4,9 Hospital,,0,23,shp-9-51,1,1
767090,9,1,9 Hospital,,0,19,shp-9-51,1,1
253020,9,3,9 Hospital,,0,19,shp-9-51,1,1
1684090,9,1,9 Hospital,,0,19,shp-9-51,1,1
2487010,9,4,9 Hospital,,0,23,shp-9-51,1,1
2159090,9,1,9 Hospital,,0,19,shp-9-51,1,1
767020,9,3,9 Hospital,,0,19,shp-9-51,1,1
2025090,9,1,9 Hospital,,0,19,shp-9-51,1,1
2343090,9,1,9 Hospital,,0,19,shp-9-51,1,1
639010,9,4,9 Hospital,,0,13,shp-9-51,1,1
390010,9,4,9 Hospital,,0,13,shp-9-51,1,1
2159020,9,3,9 Hospital,,0,19,shp-9-51,1,1
2406020,9,3,9 Hospital,,0,19,shp-9-51,1,1
237020,9,3,9 Hospital,,0,19,shp-9-51,1,1
258010,9,4,9 Hospital,,0,23,shp-9-51,1,1
2366090,9,1,9 Hospital,,0,19,shp-9-51,1,1
253090,9,1,9 Hospital,,0,19,shp-9-51,1,1
1704020,9,3,9 Hospital,,0,19,shp-9-51,1,1
2366020,9,3,9 Hospital,,0,19,shp-9-51,1,1
2313090,9,1,9 Hospital,,0,19,shp-9-51,1,1
902090,9,1,9 Hospital,,0,19,shp-9-51,1,1
2025020,9,3,9 Hospital,,0,19,shp-9-51,1,1
10070,9,2,9 Hospital,,0,11,shp-9-51,1,1
1535090,9,1,9 Hospital,,0,19,shp-9-51,1,1
2509010,9,4,9 Hospital,,0,13,shp-9-51,1,1
572090,9,1,9 Hospital,,0,19,shp-9-51,1,1
1057070,9,2,9 Hospital,,0,11,shp-9-51,1,1
1500090,9,1,9 Hospital,,0,19,shp-9-51,1,1
466090,9,1,9 Hospital,,0,19,shp-9-51,1,1
572020,9,3,9 Hospital,,0,19,shp-9-51,1,1
48020,9,3,9 Hospital,,0,19,shp-9-51,1,1
776020,9,3,9 Hospital,,0,19,shp-9-51,1,1
252020,9,3,9 Hospital,,0,19,shp-9-51,1,1
1146070,9,2,9 Hospital,,0,11,shp-9-51,1,1
1639070,9,2,9 Hospital,,0,11,shp-9-51,1,1
2512010,9,4,9 Hospital,,0,23,shp-9-51,1,1
1535020,9,3,9 Hospital,,0,19,shp-9-51,1,1
696070,9,2,9 Hospital,,0,11,shp-9-51,1,1
1527020,9,3,9 Hospital,,0,19,shp-9-51,1,1
2406090,9,1,9 Hospital,,0,19,shp-9-51,1,1
2461020,9,3,9 Hospital,,0,19,shp-9-51,1,1
2403070,9,2,9 Hospital,,0,11,shp-9-51,1,1
1980070,9,2,9 Hospital,,0,11,shp-9-51,1,1
70090,9,1,9 Hospital,,0,19,shp-9-51,1,1
2596090,9,1,9 Hospital,,0,19,shp-9-51,1,1
573020,9,3,9 Hospital,,0,19,shp-9-51,1,1
2461090,9,1,9 Hospital,,0,19,shp-9-51,1,1
368070,9,2,9 Hospital,,0,11,shp-9-51,1,1
1704090,9,1,9 Hospital,,0,19,shp-9-51,1,1
2594090,9,1,9 Hospital,,0,19,shp-9-51,1,1
1346070,9,2,9 Hospital,,0,11,shp-9-51,1,1
902020,9,3,9 Hospital,,0,19,shp-9-51,1,1
237090,9,1,9 Hospital,,0,19,shp-9-51,1,1
498010,9,4,9 Hospital,,0,13,shp-9-51,1,1
2596020,9,3,9 Hospital,,0,19,shp-9-51,1,1
2233090,9,1,9 Hospital,,0,19,shp-9-51,1,1
2077020,9,3,9 Hospital,,0,19,shp-9-51,1,1
252090,9,1,9 Hospital,,0,19,shp-9-51,1,1
1576070,9,2,9 Hospital,,0,11,shp-9-51,1,1
1500020,9,3,9 Hospital,,0,19,shp-9-51,1,1
NEW_1365020,1,NEW_3,1 Downtown,,1,NEW_11,NEW_shp-1-01,1,1
NEW_1399010,1,NEW_2,1 Downtown,,1,NEW_11,NEW_shp-1-01,1,1
1645020,1,NEW_3,1 Downtown,,1,NEW_110,NEW_shp-1-01,1,1
633070,1,NEW_1,1 Downtown,,1,NEW_110,NEW_shp-1-01,1,1
61070,1,NEW_1,1 Downtown,,1,NEW_19,NEW_shp-1-01,1,1
1904070,1,NEW_1,1 Downtown,,1,NEW_110,NEW_shp-1-01,1,1
NEW_1405020,1,NEW_3,1 Downtown,,1,NEW_11,NEW_shp-1-01,1,1
445020,1,NEW_3,1 Downtown,,1,NEW_110,NEW_shp-1-01,1,1
721010,1,NEW_2,1 Downtown,,1,NEW_11,NEW_shp-1-01,1,1
1452070,1,NEW_1,1 Downtown,,1,NEW_110,NEW_shp-1-01,1,1
NEW_928070,1,NEW_1,1 Downtown,,1,NEW_19,NEW_shp-1-01,1,1
290070,1,NEW_1,1 Downtown,,1,NEW_110,NEW_shp-1-01,1,1
207020,1,NEW_3,1 Downtown,,1,NEW_110,NEW_shp-1-01,1,1
662070,1,NEW_1,1 Downtown,,1,NEW_110,NEW_shp-1-01,1,1
1380070,1,NEW_1,1 Downtown,,1,NEW_110,NEW_shp-1-01,1,1
NEW_1733070,1,NEW_1,1 Downtown,,1,NEW_19,NEW_shp-1-01,1,1
1362020,1,NEW_3,1 Downtown,,1,NEW_3232,NEW_shp-1-01,1,1
999010,1,NEW_2,1 Downtown,,1,NEW_11,NEW_shp-1-01,1,1
636070,1,NEW_1,1 Downtown,,1,NEW_110,NEW_shp-1-01,1,1
2248020,1,NEW_3,1 Downtown,,1,NEW_11,NEW_shp-1-01,1,1
NEW_642020,1,NEW_3,1 Downtown,,1,NEW_210,NEW_shp-1-01,1,1
1691010,1,NEW_2,1 Downtown,,1,NEW_11,NEW_shp-1-01,1,1
NEW_365020,1,NEW_3,1 Downtown,,1,NEW_110,NEW_shp-1-01,1,1
168010,1,NEW_2,1 Downtown,,1,NEW_11,NEW_shp-1-01,1,1
1944020,1,NEW_3,1 Downtown,,1,NEW_11,NEW_shp-1-01,1,1
236010,1,NEW_2,1 Downtown,,1,NEW_11,NEW_shp-1-01,1,1
864070,1,NEW_1,1 Downtown,,1,NEW_110,NEW_shp-1-01,1,1
745020,1,NEW_3,1 Downtown,,1,NEW_11,NEW_shp-1-01,1,1
NEW_746020,1,NEW_3,1 Downtown,,1,NEW_11,NEW_shp-1-01,1,1
1045070,1,NEW_1,1 Downtown,,1,NEW_110,NEW_shp-1-01,1,1
1628020,1,NEW_3,1 Downtown,,1,NEW_210,NEW_shp-1-01,1,1
1418020,1,NEW_3,1 Downtown,,1,NEW_110,NEW_shp-1-01,1,1
NEW_578010,1,NEW_2,1 Downtown,,1,NEW_11,NEW_shp-1-01,1,1
1728070,1,NEW_1,1 Downtown,,1,NEW_110,NEW_shp-1-01,1,1
1125010,1,NEW_2,1 Downtown,,1,NEW_11,NEW_shp-1-01,1,1
NEW_2084020,1,NEW_3,1 Downtown,,1,NEW_11,NEW_shp-1-01,1,1
NEW_1664020,1,NEW_3,1 Downtown,,1,NEW_110,NEW_shp-1-01,1,1
1111010,1,NEW_2,1 Downtown,,1,NEW_11,NEW_shp-1-01,1,1
1959020,1,NEW_3,1 Downtown,,1,NEW_11,NEW_shp-1-01,1,1
602020,1,NEW_3,1 Downtown,,1,NEW_11,NEW_shp-1-01,1,1
2204010,1,NEW_2,1 Downtown,,1,NEW_11,NEW_shp-1-01,1,1
1327070,1,NEW_1,1 Downtown,,1,NEW_110,NEW_shp-1-01,1,1
1539010,1,NEW_2,1 Downtown,,1,NEW_11,NEW_shp-1-01,1,1
1641070,1,NEW_1,1 Downtown,,1,NEW_19,NEW_shp-1-01,1,1
NEW_1730070,1,NEW_1,1 Downtown,,1,NEW_110,NEW_shp-1-01,1,1
NEW_1994070,1,NEW_1,1 Downtown,,1,NEW_19,NEW_shp-1-01,1,1
355010,1,NEW_2,1 Downtown,,1,NEW_11,NEW_shp-1-01,1,1
1622020,1,NEW_3,1 Downtown,,1,NEW_110,NEW_shp-1-01,1,1
942020,1,NEW_3,1 Downtown,,1,NEW_11,NEW_shp-1-01,1,1
NEW_1368020,1,NEW_3,1 Downtown,,1,NEW_110,NEW_shp-1-01,1,1
NEW_1557020,1,NEW_3,1 Downtown,,1,NEW_210,NEW_shp-1-01,1,1
516070,1,NEW_1,1 Downtown,,1,NEW_110,NEW_shp-1-01,1,1
1506010,1,NEW_2,1 Downtown,,1,NEW_11,NEW_shp-1-01,1,1
954020,1,NEW_3,1 Downtown,,1,NEW_110,NEW_shp-1-01,1,1
NEW_1669020,1,NEW_3,1 Downtown,,1,NEW_110,NEW_shp-1-01,1,1
447020,1,NEW_3,1 Downtown,,1,NEW_11,NEW_shp-1-01,1,1
2170020,1,NEW_3,1 Downtown,,1,NEW_11,NEW_shp-1-01,1,1
NEW_686020,1,NEW_3,1 Downtown,,1,NEW_11,NEW_shp-1-01,1,1
NEW_904020,1,NEW_3,1 Downtown,,1,NEW_210,NEW_shp-1-01,1,1
NEW_876070,1,NEW_1,1 Downtown,,1,NEW_19,NEW_shp-1-01,1,1
NEW_1022010,1,NEW_2,1 Downtown,,1,NEW_11,NEW_shp-1-01,1,1
NEW_194020,1,NEW_3,1 Downtown,,1,NEW_11,NEW_shp-1-01,1,1
NEW_2409020,1,NEW_3,1 Downtown,,1,NEW_110,NEW_shp-1-01,1,1
NEW_505070,1,NEW_1,1 Downtown,,1,NEW_110,NEW_shp-1-01,1,1
705020,1,NEW_3,1 Downtown,,1,NEW_110,NEW_shp-1-01,1,1
885020,1,NEW_3,1 Downtown,,1,NEW_210,NEW_shp-1-01,1,1
542020,1,NEW_3,1 Downtown,,1,NEW_210,NEW_shp-1-01,1,1
1115010,1,NEW_2,1 Downtown,,1,NEW_11,NEW_shp-1-01,1,1
2165010,1,NEW_2,1 Downtown,,1,NEW_11,NEW_shp-1-01,1,1
NEW_493010,1,NEW_2,1 Downtown,,1,NEW_11,NEW_shp-1-01,1,1
1375070,1,NEW_1,1 Downtown,,1,NEW_110,NEW_shp-1-01,1,1
1598010,1,NEW_2,1 Downtown,,1,NEW_11,NEW_shp-1-01,1,1
1453010,1,NEW_2,1 Downtown,,1,NEW_11,NEW_shp-1-01,1,1
871010,1,NEW_2,1 Downtown,,1,NEW_11,NEW_shp-1-01,1,1
392020,1,NEW_3,1 Downtown,,1,NEW_11,NEW_shp-1-01,1,1
1562020,1,NEW_3,1 Downtown,,1,NEW_11,NEW_shp-1-01,1,1
2543070,1,NEW_1,1 Downtown,,1,NEW_110,NEW_shp-1-01,1,1
NEW_2093020,1,NEW_3,1 Downtown,,1,NEW_11,NEW_shp-1-01,1,1
NEW_48020,1,NEW_3,1 Downtown,,1,NEW_11,NEW_shp-1-01,1,1
2064020,1,NEW_3,1 Downtown,,1,NEW_210,NEW_shp-1-01,1,1
1228020,1,NEW_3,1 Downtown,,1,NEW_110,NEW_shp-1-01,1,1
2269010,1,NEW_2,1 Downtown,,1,NEW_11,NEW_shp-1-01,1,1
1073010,1,NEW_2,1 Downtown,,1,NEW_11,NEW_shp-1-01,1,1
NEW_380070,1,NEW_1,1 Downtown,,1,NEW_19,NEW_shp-1-01,1,1
1783010,1,NEW_2,1 Downtown,,1,NEW_11,NEW_shp-1-01,1,1
983020,1,NEW_3,1 Downtown,,1,NEW_11,NEW_shp-1-01,1,1
1307070,1,NEW_1,1 Downtown,,1,NEW_19,NEW_shp-1-01,1,1
360020,1,NEW_3,1 Downtown,,1,NEW_11,NEW_shp-1-01,1,1
NEW_2358070,1,NEW_1,1 Downtown,,1,NEW_19,NEW_shp-1-01,1,1
694070,1,NEW_1,1 Downtown,,1,NEW_19,NEW_shp-1-01,1,1
NEW_1131020,1,NEW_3,1 Downtown,,1,NEW_210,NEW_shp-1-01,1,1
NEW_1301020,1,NEW_3,1 Downtown,,1,NEW_11,NEW_shp-1-01,1,1
NEW_2407070,1,NEW_1,1 Downtown,,1,NEW_110,NEW_shp-1-01,1,1
1873020,1,NEW_3,1 Downtown,,1,NEW_210,NEW_shp-1-01,1,1
431010,1,NEW_2,1 Downtown,,1,NEW_11,NEW_shp-1-01,1,1
685070,1,NEW_1,1 Downtown,,1,NEW_110,NEW_shp-1-01,1,1
868020,1,NEW_3,1 Downtown,,1,NEW_11,NEW_shp-1-01,1,1
NEW_1371020,1,NEW_3,1 Downtown,,1,NEW_11,NEW_shp-1-01,1,1
NEW_2525010,1,NEW_2,1 Downtown,,1,NEW_11,NEW_shp-1-01,1,1
182070,1,NEW_1,1 Downtown,,1,NEW_110,NEW_shp-1-01,1,1
433020,1,NEW_3,1 Fairhaven,,0,NEW_110,NEW_shp-1-51,1,1
NEW_1064020,1,NEW_3,1 Fairhaven,,0,NEW_110,NEW_shp-1-51,1,1
1835010,1,NEW_2,1 Fairhaven,,0,NEW_11,NEW_shp-1-51,1,1
1165020,1,NEW_3,1 Fairhaven,,0,NEW_210,NEW_shp-1-51,1,1
NEW_2529020,1,NEW_3,1 Fairhaven,,0,NEW_11,NEW_shp-1-51,1,1
1414010,1,NEW_2,1 Fairhaven,,0,NEW_11,NEW_shp-1-51,1,1
2357010,1,NEW_2,1 Fairhaven,,0,NEW_11,NEW_shp-1-51,1,1
2056070,1,NEW_1,1 Fairhaven,,0,NEW_19,NEW_shp-1-51,1,1
NEW_1699070,1,NEW_1,1 Fairhaven,,0,NEW_110,NEW_shp-1-51,1,1
NEW_359020,1,NEW_3,1 Fairhaven,,0,NEW_11,NEW_shp-1-51,1,1
253010,1,NEW_2,1 Fairhaven,,0,NEW_11,NEW_shp-1-51,1,1
NEW_2400020,1,NEW_3,1 Fairhaven,,0,NEW_210,NEW_shp-1-51,1,1
NEW_102070,1,NEW_1,1 Fairhaven,,0,NEW_110,NEW_shp-1-51,1,1
1451070,1,NEW_1,1 Fairhaven,,0,NEW_110,NEW_shp-1-51,1,1
1148010,1,NEW_2,1 Fairhaven,,0,NEW_11,NEW_shp-1-51,1,1
2326070,1,NEW_1,1 Fairhaven,,0,NEW_19,NEW_shp-1-51,1,1
909020,1,NEW_3,1 Fairhaven,,0,NEW_110,NEW_shp-1-51,1,1
1881010,1,NEW_2,1 Fairhaven,,0,NEW_11,NEW_shp-1-51,1,1
NEW_1797020,1,NEW_3,1 Fairhaven,,0,NEW_11,NEW_shp-1-51,1,1
1721020,1,NEW_3,1 Fairhaven,,0,NEW_11,NEW_shp-1-51,1,1
693020,1,NEW_3,1 Fairhaven,,0,NEW_11,NEW_shp-1-51,1,1
787070,1,NEW_1,1 Fairhaven,,0,NEW_19,NEW_shp-1-51,1,1
1879070,1,NEW_1,1 Fairhaven,,0,NEW_110,NEW_shp-1-51,1,1
2513070,1,NEW_1,1 Fairhaven,,0,NEW_110,NEW_shp-1-51,1,1
1320010,1,NEW_2,1 Fairhaven,,0,NEW_11,NEW_shp-1-51,1,1
2166020,1,NEW_3,1 Fairhaven,,0,NEW_11,NEW_shp-1-51,1,1
898010,1,NEW_2,1 Fairhaven,,0,NEW_11,NEW_shp-1-51,1,1
NEW_101020,1,NEW_3,1 Fairhaven,,0,NEW_210,NEW_shp-1-51,1,1
1196020,1,NEW_3,1 Fairhaven,,0,NEW_110,NEW_shp-1-51,1,1
2436020,1,NEW_3,1 Fairhaven,,0,NEW_110,NEW_shp-1-51,1,1
NEW_304020,1,NEW_3,1 Fairhaven,,0,NEW_11,NEW_shp-1-51,1,1
NEW_1403070,1,NEW_1,1 Fairhaven,,0,NEW_19,NEW_shp-1-51,1,1
NEW_1666010,1,NEW_2,1 Fairhaven,,0,NEW_11,NEW_shp-1-51,1,1
NEW_1832010,1,NEW_2,1 Fairhaven,,0,NEW_11,NEW_shp-1-51,1,1
20020,1,NEW_3,1 Fairhaven,,0,NEW_210,NEW_shp-1-51,1,1
NEW_1059070,1,NEW_1,1 Fairhaven,,0,NEW_19,NEW_shp-1-51,1,1
419020,1,NEW_3,1 Fairhaven,,0,NEW_210,NEW_shp-1-51,1,1
NEW_1911020,1,NEW_3,1 Fairhaven,,0,NEW_11,NEW_shp-1-51,1,1
NEW_742020,1,NEW_3,1 Fairhaven,,0,NEW_11,NEW_shp-1-51,1,1
NEW_916020,1,NEW_3,1 Fairhaven,,0,NEW_11,NEW_shp-1-51,1,1
1267020,1,NEW_3,1 Fairhaven,,0,NEW_110,NEW_shp-1-51,1,1
NEW_2463020,1,NEW_3,1 Fairhaven,,0,NEW_11,NEW_shp-1-51,1,1
NEW_1186070,1,NEW_1,1 Fairhaven,,0,NEW_19,NEW_shp-1-51,1,1
NEW_1185070,1,NEW_1,1 Fairhaven,,0,NEW_19,NEW_shp-1-51,1,1
372010,1,NEW_2,1 Fairhaven,,0,NEW_11,NEW_shp-1-51,1,1
1084070,1,NEW_1,1 Fairhaven,,0,NEW_110,NEW_shp-1-51,1,1
NEW_2119010,1,NEW_2,1 Fairhaven,,0,NEW_11,NEW_shp-1-51,1,1
NEW_1746070,1,NEW_1,1 Fairhaven,,0,NEW_110,NEW_shp-1-51,1,1
1439010,1,NEW_2,1 Fairhaven,,0,NEW_11,NEW_shp-1-51,1,1
955020,1,NEW_3,1 Fairhaven,,0,NEW_110,NEW_shp-1-51,1,1
NEW_281020,1,NEW_3,1 Fairhaven,,0,NEW_11,NEW_shp-1-51,1,1
NEW_2216020,1,NEW_3,1 Fairhaven,,0,NEW_110,NEW_shp-1-51,1,1
1791010,1,NEW_2,1 Fairhaven,,0,NEW_11,NEW_shp-1-51,1,1
NEW_2281010,1,NEW_2,1 Fairhaven,,0,NEW_11,NEW_shp-1-51,1,1
NEW_2160070,1,NEW_1,1 Fairhaven,,0,NEW_110,NEW_shp-1-51,1,1
689020,1,NEW_3,1 Fairhaven,,0,NEW_11,NEW_shp-1-51,1,1
NEW_1366070,1,NEW_1,1 Fairhaven,,0,NEW_19,NEW_shp-1-51,1,1
1532010,1,NEW_2,1 Fairhaven,,0,NEW_11,NEW_shp-1-51,1,1
196020,1,NEW_3,1 Fairhaven,,0,NEW_11,NEW_shp-1-51,1,1
1285070,1,NEW_1,1 Fairhaven,,0,NEW_110,NEW_shp-1-51,1,1
NEW_482010,1,NEW_2,1 Fairhaven,,0,NEW_11,NEW_shp-1-51,1,1
337010,1,NEW_2,1 Fairhaven,,0,NEW_11,NEW_shp-1-51,1,1
788070,1,NEW_1,1 Fairhaven,,0,NEW_110,NEW_shp-1-51,1,1
1171020,1,NEW_3,1 Fairhaven,,0,NEW_110,NEW_shp-1-51,1,1
NEW_1356020,1,NEW_3,1 Fairhaven,,0,NEW_210,NEW_shp-1-51,1,1
NEW_2441070,1,NEW_1,1 Fairhaven,,0,NEW_110,NEW_shp-1-51,1,1
NEW_2297020,1,NEW_3,1 Fairhaven,,0,NEW_110,NEW_shp-1-51,1,1
NEW_2167020,1,NEW_3,1 Fairhaven,,0,NEW_110,NEW_shp-1-51,1,1
444020,1,NEW_3,1 Fairhaven,,0,NEW_11,NEW_shp-1-51,1,1
932010,1,NEW_2,1 Fairhaven,,0,NEW_11,NEW_shp-1-51,1,1
326020,1,NEW_3,1 Fairhaven,,0,NEW_11,NEW_shp-1-51,1,1
NEW_2456020,1,NEW_3,1 Fairhaven,,0,NEW_11,NEW_shp-1-51,1,1
525020,1,NEW_3,1 Fairhaven,,0,NEW_11,NEW_shp-1-51,1,1
NEW_2500020,1,NEW_3,1 Fairhaven,,0,NEW_11,NEW_shp-1-51,1,1
79070,1,NEW_1,1 Fairhaven,,0,NEW_110,NEW_shp-1-51,1,1
NEW_1051020,1,NEW_3,1 Fairhaven,,0,NEW_11,NEW_shp-1-51,1,1
NEW_922070,1,NEW_1,1 Fairhaven,,0,NEW_19,NEW_shp-1-51,1,1
2483020,1,NEW_3,1 Fairhaven,,0,NEW_11,NEW_shp-1-51,1,1
1176070,1,NEW_1,1 Fairhaven,,0,NEW_110,NEW_shp-1-51,1,1
2381020,1,NEW_3,1 Fairhaven,,0,NEW_210,NEW_shp-1-51,1,1
1202070,1,NEW_1,1 Fairhaven,,0,NEW_19,NEW_shp-1-51,1,1
599070,1,NEW_1,1 Fairhaven,,0,NEW_110,NEW_shp-1-51,1,1
1499070,1,NEW_1,1 Fairhaven,,0,NEW_110,NEW_shp-1-51,1,1
1077010,1,NEW_2,1 Fairhaven,,0,NEW_11,NEW_shp-1-51,1,1
NEW_1939020,1,NEW_3,1 Fairhaven,,0,NEW_11,NEW_shp-1-51,1,1
NEW_2114070,1,NEW_1,1 Fairhaven,,0,NEW_110,NEW_shp-1-51,1,1
NEW_1600020,1,NEW_3,1 Fairhaven,,0,NEW_3232,NEW_shp-1-51,1,1
1235020,1,NEW_3,1 Fairhaven,,0,NEW_11,NEW_shp-1-51,1,1
283020,1,NEW_3,1 Fairhaven,,0,NEW_110,NEW_shp-1-51,1,1
NEW_2399020,1,NEW_3,1 Fairhaven,,0,NEW_210,NEW_shp-1-51,1,1
1890070,1,NEW_1,1 Fairhaven,,0,NEW_110,NEW_shp-1-51,1,1
1273010,1,NEW_2,1 Fairhaven,,0,NEW_11,NEW_shp-1-51,1,1
NEW_2151010,1,NEW_2,1 Fairhaven,,0,NEW_11,NEW_shp-1-51,1,1
NEW_914070,1,NEW_1,1 Fairhaven,,0,NEW_110,NEW_shp-1-51,1,1
1652020,1,NEW_3,1 Fairhaven,,0,NEW_210,NEW_shp-1-51,1,1
704010,1,NEW_2,1 Fairhaven,,0,NEW_11,NEW_shp-1-51,1,1
588020,1,NEW_3,1 Fairhaven,,0,NEW_110,NEW_shp-1-51,1,1
2154010,1,NEW_2,1 Fairhaven,,0,NEW_11,NEW_shp-1-51,1,1
NEW_39010,1,NEW_2,1 Fairhaven,,0,NEW_11,NEW_shp-1-51,1,1
95070,1,NEW_1,1 Fairhaven,,0,NEW_110,NEW_shp-1-51,1,1
1359070,10,NEW_1,10 Downtown,,1,NEW_110,NEW_shp-10-01,1,1
NEW_1552020,10,NEW_3,10 Downtown,,1,NEW_110,NEW_shp-10-01,1,1
484070,10,NEW_1,10 Downtown,,1,NEW_110,NEW_shp-10-01,1,1
934070,10,NEW_1,10 Downtown,,1,NEW_110,NEW_shp-10-01,1,1
805020,10,NEW_3,10 Downtown,,1,NEW_110,NEW_shp-10-01,1,1
328070,10,NEW_1,10 Downtown,,1,NEW_110,NEW_shp-10-01,1,1
NEW_749070,10,NEW_1,10 Downtown,,1,NEW_110,NEW_shp-10-01,1,1
NEW_834020,10,NEW_3,10 Downtown,,1,NEW_110,NEW_shp-10-01,1,1
131020,10,NEW_3,10 Downtown,,1,NEW_110,NEW_shp-10-01,1,1
2081020,10,NEW_3,10 Downtown,,1,NEW_110,NEW_shp-10-01,1,1
NEW_1946070,10,NEW_1,10 Downtown,,1,NEW_110,NEW_shp-10-01,1,1
2315020,10,NEW_3,10 Downtown,,1,NEW_110,NEW_shp-10-01,1,1
1820020,10,NEW_3,10 Downtown,,1,NEW_110,NEW_shp-10-01,1,1
2091020,10,NEW_3,10 Downtown,,1,NEW_110,NEW_shp-10-01,1,1
2427070,10,NEW_1,10 Downtown,,1,NEW_110,NEW_shp-10-01,1,1
NEW_1370070,10,NEW_1,10 Downtown,,1,NEW_110,NEW_shp-10-01,1,1
1364020,10,NEW_3,10 Downtown,,1,NEW_110,NEW_shp-10-01,1,1
1121020,10,NEW_3,10 Downtown,,1,NEW_110,NEW_shp-10-01,1,1
1382070,10,NEW_1,10 Downtown,,1,NEW_110,NEW_shp-10-01,1,1
1781020,10,NEW_3,10 Downtown,,1,NEW_110,NEW_shp-10-01,1,1
43070,10,NEW_1,10 Eldridge,,0,NEW_110,NEW_shp-10-51,1,1
NEW_776020,10,NEW_3,10 Eldridge,,0,NEW_110,NEW_shp-10-51,1,1
NEW_2403070,10,NEW_1,10 Eldridge,,0,NEW_110,NEW_shp-10-51,1,1
NEW_799070,10,NEW_1,10 Eldridge,,0,NEW_110,NEW_shp-10-51,1,1
2346070,10,NEW_1,10 Eldridge,,0,NEW_110,NEW_shp-10-51,1,1
NEW_1649070,10,NEW_1,10 Eldridge,,0,NEW_110,NEW_shp-10-51,1,1
2004020,10,NEW_3,10 Eldridge,,0,NEW_110,NEW_shp-10-51,1,1
910070,10,NEW_1,10 Eldridge,,0,NEW_110,NEW_shp-10-51,1,1
2327020,10,NEW_3,10 Eldridge,,0,NEW_110,NEW_shp-10-51,1,1
2373070,10,NEW_1,10 Eldridge,,0,NEW_110,NEW_shp-10-51,1,1
NEW_1044020,10,NEW_3,10 Eldridge,,0,NEW_110,NEW_shp-10-51,1,1
NEW_2424020,10,NEW_3,10 Eldridge,,0,NEW_110,NEW_shp-10-51,1,1
1971020,10,NEW_3,10 Eldridge,,0,NEW_110,NEW_shp-10-51,1,1
1062020,10,NEW_3,10 Eldridge,,0,NEW_110,NEW_shp-10-51,1,1
1310020,10,NEW_3,10 Eldridge,,0,NEW_110,NEW_shp-10-51,1,1
736070,10,NEW_1,10 Eldridge,,0,NEW_110,NEW_shp-10-51,1,1
952070,10,NEW_1,10 Eldridge,,0,NEW_110,NEW_shp-10-51,1,1
NEW_2206020,10,NEW_3,10 Eldridge,,0,NEW_110,NEW_shp-10-51,1,1
2222020,10,NEW_3,10 Eldridge,,0,NEW_110,NEW_shp-10-51,1,1
NEW_846020,10,NEW_3,10 Eldridge,,0,NEW_110,NEW_shp-10-51,1,1
1211010,14,NEW_2,14 Downtown via WWU,,1,NEW_214,NEW_shp-14-01,1,1
286020,14,NEW_3,14 Downtown via WWU,,1,NEW_214,NEW_shp-14-01,1,1
557020,14,NEW_3,14 Downtown via WWU,,1,314,NEW_shp-14-02,1,1
1866020,14,NEW_3,14 Downtown via WWU,,1,NEW_114,NEW_shp-14-02,1,1
NEW_637010,14,NEW_2,14 Downtown via WWU,,1,NEW_114,NEW_shp-14-01,1,1
2031010,14,NEW_2,14 Downtown via WWU,,1,NEW_214,NEW_shp-14-01,1,1
532010,14,NEW_2,14 Downtown via WWU,,1,NEW_214,NEW_shp-14-01,1,1
2468020,14,NEW_3,14 Downtown via WWU,,1,314,NEW_shp-14-02,1,1
2124070,14,NEW_1,14 Downtown via WWU,,1,NEW_329,NEW_shp-14-01,1,1
2539020,14,NEW_3,14 Downtown via WWU,,1,414,NEW_shp-14-01,1,1
1348020,14,NEW_3,14 Downtown via WWU,,1,NEW_114,NEW_shp-14-02,1,1
NEW_1346070,14,NEW_1,14 Downtown via WWU,,1,NEW_229,NEW_shp-14-02,1,1
1646010,14,NEW_2,14 Downtown via WWU,,1,NEW_114,NEW_shp-14-01,1,1
908010,14,NEW_2,14 Downtown via WWU,,1,NEW_214,NEW_shp-14-01,1,1
2343070,14,NEW_1,14 Downtown via WWU,,1,NEW_229,NEW_shp-14-02,1,1
837020,14,NEW_3,14 Downtown via WWU,,1,NEW_114,NEW_shp-14-02,1,1
1778020,14,NEW_3,14 Downtown via WWU,,1,314,NEW_shp-14-02,1,1
1509010,14,NEW_2,14 Downtown via WWU,,1,NEW_214,NEW_shp-14-01,1,1
997070,14,NEW_1,14 Downtown via WWU,,1,NEW_129,NEW_shp-14-02,1,1
543070,14,NEW_1,14 Downtown via WWU,,1,NEW_329,NEW_shp-14-01,1,1
NEW_1633020,14,NEW_3,14 Downtown via WWU,,1,NEW_114,NEW_shp-14-02,1,1
1782020,14,NEW_3,14 Downtown via WWU,,1,NEW_214,NEW_shp-14-01,1,1
998020,14,NEW_3,14 Downtown via WWU,,1,414,NEW_shp-14-01,1,1
NEW_91070,14,NEW_1,14 Downtown via WWU,,1,NEW_229,NEW_shp-14-02,1,1
62070,14,NEW_1,14 Downtown via WWU,,1,NEW_129,NEW_shp-14-02,1,1
2535070,14,NEW_1,14 Downtown via WWU,,1,NEW_429,NEW_shp-14-01,1,1
NEW_1401010,14,NEW_2,14 Downtown via WWU,,1,NEW_114,NEW_shp-14-01,1,1
NEW_1007070,14,NEW_1,14 Downtown via WWU,,1,NEW_229,NEW_shp-14-02,1,1
1246010,14,NEW_2,14 Downtown via WWU,,1,NEW_114,NEW_shp-14-01,1,1
1218070,14,NEW_1,14 Downtown via WWU,,1,NEW_129,NEW_shp-14-02,1,1
2107070,14,NEW_1,14 Downtown via WWU,,1,NEW_129,NEW_shp-14-02,1,1
NEW_1725070,14,NEW_1,14 Downtown via WWU,,1,NEW_229,NEW_shp-14-02,1,1
2290010,14,NEW_2,14 Downtown via WWU,,1,NEW_114,NEW_shp-14-01,1,1
NEW_1538020,14,NEW_3,14 Downtown via WWU,,1,314,NEW_shp-14-02,1,1
2188070,14,NEW_1,14 Downtown via WWU,,1,NEW_429,NEW_shp-14-01,1,1
NEW_1197020,14,NEW_3,14 Downtown via WWU,,1,NEW_114,NEW_shp-14-02,1,1
2414020,14,NEW_3,14 Downtown via WWU,,1,NEW_114,NEW_shp-14-02,1,1
NEW_377070,14,NEW_1,14 Downtown via WWU,,1,NEW_229,NEW_shp-14-02,1,1
NEW_2497010,14,NEW_2,14 Downtown via WWU,,1,NEW_114,NEW_shp-14-01,1,1
2471010,14,NEW_2,14 Downtown via WWU,,1,NEW_214,NEW_shp-14-01,1,1
2088020,14,NEW_3,14 Downtown via WWU,,1,314,NEW_shp-14-02,1,1
2450070,14,NEW_1,14 Downtown via WWU,,1,NEW_129,NEW_shp-14-02,1,1
NEW_2139010,14,NEW_2,14 Downtown via WWU,,1,NEW_114,NEW_shp-14-01,1,1
NEW_2019020,14,NEW_3,14 Downtown via WWU,,1,314,NEW_shp-14-02,1,1
2348010,14,NEW_2,14 Downtown via WWU,,1,NEW_214,NEW_shp-14-01,1,1
814010,14,NEW_2,14 Fairhaven via WWU,,0,NEW_114,NEW_shp-14-51,1,1
1490020,14,NEW_3,14 Fairhaven via WWU,,0,NEW_114,NEW_shp-14-52,1,1
1636070,14,NEW_1,14 Fairhaven via WWU,,0,NEW_229,NEW_shp-14-52,1,1
NEW_1544020,14,NEW_3,14 Fairhaven via WWU,,0,414,NEW_shp-14-51,1,1
558020,14,NEW_3,14 Fairhaven via WWU,,0,314,NEW_shp-14-52,1,1
1281070,14,NEW_1,14 Fairhaven via WWU,,0,NEW_329,NEW_shp-14-51,1,1
603010,14,NEW_2,14 Fairhaven via WWU,,0,NEW_114,NEW_shp-14-51,1,1
179070,14,NEW_1,14 Fairhaven via WWU,,0,NEW_229,NEW_shp-14-52,1,1
NEW_1342020,14,NEW_3,14 Fairhaven via WWU,,0,314,NEW_shp-14-52,1,1
NEW_2417010,14,NEW_2,14 Fairhaven via WWU,,0,NEW_114,NEW_shp-14-51,1,1
2112070,14,NEW_1,14 Fairhaven via WWU,,0,NEW_129,NEW_shp-14-52,1,1
NEW_2534020,14,NEW_3,14 Fairhaven via WWU,,0,NEW_214,NEW_shp-14-51,1,1
1590010,14,NEW_2,14 Fairhaven via WWU,,0,NEW_214,NEW_shp-14-51,1,1
1707020,14,NEW_3,14 Fairhaven via WWU,,0,314,NEW_shp-14-52,1,1
1484020,14,NEW_3,14 Fairhaven via WWU,,0,NEW_114,NEW_shp-14-52,1,1
819070,14,NEW_1,14 Fairhaven via WWU,,0,NEW_429,NEW_shp-14-51,1,1
172070,14,NEW_1,14 Fairhaven via WWU,,0,NEW_129,NEW_shp-14-52,1,1
2303070,14,NEW_1,14 Fairhaven via WWU,,0,NEW_129,NEW_shp-14-52,1,1
2010020,14,NEW_3,14 Fairhaven via WWU,,0,NEW_214,NEW_shp-14-51,1,1
741070,14,NEW_1,14 Fairhaven via WWU,,0,NEW_229,NEW_shp-14-52,1,1
2329070,14,NEW_1,14 Fairhaven via WWU,,0,NEW_329,NEW_shp-14-51,1,1
390020,14,NEW_3,14 Fairhaven via WWU,,0,314,NEW_shp-14-52,1,1
NEW_149020,14,NEW_3,14 Fairhaven via WWU,,0,NEW_114,NEW_shp-14-52,1,1
NEW_255070,14,NEW_1,14 Fairhaven via WWU,,0,NEW_129,NEW_shp-14-52,1,1
NEW_2430070,14,NEW_1,14 Fairhaven via WWU,,0,NEW_129,NEW_shp-14-52,1,1
2221010,14,NEW_2,14 Fairhaven via WWU,,0,NEW_114,NEW_shp-14-51,1,1
NEW_2159020,14,NEW_3,14 Fairhaven via WWU,,0,314,NEW_shp-14-52,1,1
NEW_500020,14,NEW_3,14 Fairhaven via WWU,,0,NEW_114,NEW_shp-14-52,1,1
NEW_1810010,14,NEW_2,14 Fairhaven via WWU,,0,NEW_214,NEW_shp-14-51,1,1
NEW_2488020,14,NEW_3,14 Fairhaven via WWU,,0,414,NEW_shp-14-51,1,1
2339010,14,NEW_2,14 Fairhaven via WWU,,0,NEW_214,NEW_shp-14-51,1,1
1940010,14,NEW_2,14 Fairhaven via WWU,,0,NEW_114,NEW_shp-14-51,1,1
1277070,14,NEW_1,14 Fairhaven via WWU,,0,NEW_229,NEW_shp-14-52,1,1
1476020,14,NEW_3,14 Fairhaven via WWU,,0,NEW_114,NEW_shp-14-52,1,1
NEW_963010,14,NEW_2,14 Fairhaven via WWU,,0,NEW_114,NEW_shp-14-51,1,1
2256010,14,NEW_2,14 Fairhaven via WWU,,0,NEW_214,NEW_shp-14-51,1,1
NEW_5070,14,NEW_1,14 Fairhaven via WWU,,0,NEW_229,NEW_shp-14-52,1,1
NEW_676010,14,NEW_2,14 Fairhaven via WWU,,0,NEW_214,NEW_shp-14-51,1,1
NEW_1097020,14,NEW_3,14 Fairhaven via WWU,,0,NEW_114,NEW_shp-14-52,1,1
2205070,14,NEW_1,14 Fairhaven via WWU,,0,NEW_229,NEW_shp-14-52,1,1
629020,14,NEW_3,14 Fairhaven via WWU,,0,314,NEW_shp-14-52,1,1
NEW_2360070,14,NEW_1,14 Fairhaven via WWU,,0,NEW_429,NEW_shp-14-51,1,1
324010,14,NEW_2,14 Fairhaven via WWU,,0,NEW_214,NEW_shp-14-51,1,1
233010,14,NEW_2,14 Fairhaven via WWU,,0,NEW_114,NEW_shp-14-51,1,1
1744010,14,NEW_2,14 Fairhaven via WWU,,0,NEW_214,NEW_shp-14-51,1,1
NEW_2102070,15,NEW_1,15 Cordata/WCC,,1,NEW_33,NEW_shp-15-01,1,1
NEW_2477020,15,NEW_3,15 Cordata/WCC,,1,NEW_33,NEW_shp-15-01,1,1
555010,15,NEW_2,15 Cordata/WCC,,1,NEW_114,NEW_shp-15-01,1,1
1483010,15,NEW_2,15 Cordata/WCC,,1,NEW_214,NEW_shp-15-01,1,1
566070,15,NEW_1,15 Cordata/WCC,,1,NEW_329,NEW_shp-15-01,1,1
1033020,15,NEW_3,15 Cordata/WCC,,1,NEW_214,NEW_shp-15-01,1,1
1659020,15,NEW_3,15 Cordata/WCC,,1,314,NEW_shp-15-01,1,1
NEW_1164070,15,NEW_1,15 Cordata/WCC,,1,NEW_23,NEW_shp-15-01,1,1
1548070,15,NEW_1,15 Cordata/WCC,,1,NEW_33,NEW_shp-15-01,1,1
NEW_319070,15,NEW_1,15 Cordata/WCC,,1,NEW_229,NEW_shp-15-01,1,1
1630020,15,NEW_3,15 Cordata/WCC,,1,314,NEW_shp-15-01,1,1
1540070,15,NEW_1,15 Cordata/WCC,,1,NEW_329,NEW_shp-15-01,1,1
NEW_513020,15,NEW_3,15 Cordata/WCC,,1,NEW_23,NEW_shp-15-01,1,1
1706070,15,NEW_1,15 Cordata/WCC,,1,NEW_13,NEW_shp-15-01,1,1
987020,15,NEW_3,15 Cordata/WCC,,1,NEW_214,NEW_shp-15-01,1,1
NEW_1154070,15,NEW_1,15 Cordata/WCC,,1,NEW_229,NEW_shp-15-01,1,1
2279020,15,NEW_3,15 Cordata/WCC,,1,314,NEW_shp-15-01,1,1
NEW_1909020,15,NEW_3,15 Cordata/WCC,,1,NEW_43,NEW_shp-15-01,1,1
NEW_770020,15,NEW_3,15 Cordata/WCC,,1,414,NEW_shp-15-01,1,1
838020,15,NEW_3,15 Cordata/WCC,,1,NEW_114,NEW_shp-15-01,1,1
1385020,15,NEW_3,15 Cordata/WCC,,1,NEW_33,NEW_shp-15-01,1,1
828010,15,NEW_2,15 Cordata/WCC,,1,NEW_114,NEW_shp-15-01,1,1
930010,15,NEW_2,15 Cordata/WCC,,1,NEW_214,NEW_shp-15-01,1,1
1688020,15,NEW_3,15 Cordata/WCC,,1,NEW_214,NEW_shp-15-01,1,1
553020,15,NEW_3,15 Cordata/WCC,,1,NEW_114,NEW_shp-15-01,1,1
276070,15,NEW_1,15 Cordata/WCC,,1,NEW_329,NEW_shp-15-01,1,1
NEW_1437020,15,NEW_3,15 Cordata/WCC,,1,314,NEW_shp-15-01,1,1
577010,15,NEW_2,15 Cordata/WCC,,1,NEW_114,NEW_shp-15-01,1,1
1543010,15,NEW_2,15 Cordata/WCC,,1,NEW_214,NEW_shp-15-01,1,1
1144070,15,NEW_1,15 Cordata/WCC,,1,NEW_129,NEW_shp-15-01,1,1
NEW_1085020,15,NEW_3,15 Cordata/WCC,,1,314,NEW_shp-15-01,1,1
NEW_109070,15,NEW_1,15 Cordata/WCC,,1,NEW_13,NEW_shp-15-01,1,1
51070,15,NEW_1,15 Cordata/WCC,,1,NEW_13,NEW_shp-15-01,1,1
792070,15,NEW_1,15 Cordata/WCC,,1,NEW_229,NEW_shp-15-01,1,1
NEW_1770070,15,NEW_1,15 Cordata/WCC,,1,NEW_229,NEW_shp-15-01,1,1
345020,15,NEW_3,15 Cordata/WCC,,1,NEW_13,NEW_shp-15-01,1,1
NEW_2229020,15,NEW_3,15 Cordata/WCC,,1,NEW_114,NEW_shp-15-01,1,1
1312020,15,NEW_3,15 Cordata/WCC,,1,314,NEW_shp-15-01,1,1
1357070,15,NEW_1,15 Cordata/WCC,,1,NEW_43,NEW_shp-15-01,1,1
2126020,15,NEW_3,15 Cordata/WCC,,1,NEW_114,NEW_shp-15-01,1,1
1139020,15,NEW_3,15 Cordata/WCC,,1,NEW_33,NEW_shp-15-01,1,1
NEW_2070070,15,NEW_1,15 Cordata/WCC,,1,NEW_43,NEW_shp-15-01,1,1
1055020,15,NEW_3,15 Cordata/WCC,,1,NEW_23,NEW_shp-15-01,1,1
2487070,15,NEW_1,15 Cordata/WCC,,1,NEW_23,NEW_shp-15-01,1,1
NEW_1489070,15,NEW_1,15 Cordata/WCC,,1,NEW_129,NEW_shp-15-01,1,1
NEW_1596020,15,NEW_3,15 Cordata/WCC,,1,NEW_43,NEW_shp-15-01,1,1
NEW_877010,15,NEW_2,15 Cordata/WCC,,1,NEW_114,NEW_shp-15-01,1,1
NEW_130020,15,NEW_3,15 Cordata/WCC,,1,NEW_13,NEW_shp-15-01,1,1
993070,15,NEW_1,15 Cordata/WCC,,1,NEW_23,NEW_shp-15-01,1,1
2299020,15,NEW_3,15 Cordata/WCC,,1,NEW_23,NEW_shp-15-01,1,1
NEW_774010,15,NEW_2,15 Cordata/WCC,,1,NEW_214,NEW_shp-15-01,1,1
2521010,15,NEW_2,15 Cordata/WCC,,1,NEW_114,NEW_shp-15-01,1,1
NEW_1639070,15,NEW_1,15 Cordata/WCC,,1,NEW_129,NEW_shp-15-01,1,1
185010,15,NEW_2,15 Cordata/WCC,,1,NEW_214,NEW_shp-15-01,1,1
985070,15,NEW_1,15 Cordata/WCC,,1,NEW_229,NEW_shp-15-01,1,1
1615070,15,NEW_1,15 Cordata/WCC,,1,NEW_129,NEW_shp-15-01,1,1
967020,15,NEW_3,15 Cordata/WCC,,1,414,NEW_shp-15-01,1,1
NEW_287070,15,NEW_1,15 Cordata/WCC,,1,NEW_129,NEW_shp-15-01,1,1
NEW_1224020,15,NEW_3,15 Cordata/WCC,,1,NEW_13,NEW_shp-15-01,1,1
1689010,15,NEW_2,15 Cordata/WCC,,1,NEW_214,NEW_shp-15-01,1,1
NEW_697010,15,NEW_2,15 Cordata/WCC,,1,NEW_114,NEW_shp-15-01,1,1
NEW_2263020,15,NEW_3,15 Cordata/WCC,,1,NEW_114,NEW_shp-15-01,1,1
1710020,15,NEW_3,15 Cordata/WCC,,1,NEW_43,NEW_shp-15-01,1,1
NEW_1651070,15,NEW_1,15 Cordata/WCC,,1,NEW_429,NEW_shp-15-01,1,1
1325070,15,NEW_1,15 Cordata/WCC,,1,NEW_429,NEW_shp-15-01,1,1
2209070,15,NEW_1,15 Downtown,,0,NEW_129,NEW_shp-15-51,1,1
1075020,15,NEW_3,15 Downtown,,0,NEW_33,NEW_shp-15-51,1,1
2243020,15,NEW_3,15 Downtown,,0,NEW_23,NEW_shp-15-51,1,1
1827010,15,NEW_2,15 Downtown,,0,NEW_214,NEW_shp-15-51,1,1
378070,15,NEW_1,15 Downtown,,0,NEW_329,NEW_shp-15-51,1,1
1374020,15,NEW_3,15 Downtown,,0,NEW_33,NEW_shp-15-51,1,1
NEW_230020,15,NEW_3,15 Downtown,,0,NEW_43,NEW_shp-15-51,1,1
536070,15,NEW_1,15 Downtown,,0,NEW_13,NEW_shp-15-51,1,1
943020,15,NEW_3,15 Downtown,,0,NEW_114,NEW_shp-15-51,1,1
69020,15,NEW_3,15 Downtown,,0,NEW_114,NEW_shp-15-51,1,1
802020,15,NEW_3,15 Downtown,,0,NEW_23,NEW_shp-15-51,1,1
NEW_140020,15,NEW_3,15 Downtown,,0,NEW_43,NEW_shp-15-51,1,1
1081010,15,NEW_2,15 Downtown,,0,NEW_214,NEW_shp-15-51,1,1
1018010,15,NEW_2,15 Downtown,,0,NEW_214,NEW_shp-15-51,1,1
NEW_1349070,15,NEW_1,15 Downtown,,0,NEW_229,NEW_shp-15-51,1,1
1591070,15,NEW_1,15 Downtown,,0,NEW_129,NEW_shp-15-51,1,1
NEW_572020,15,NEW_3,15 Downtown,,0,414,NEW_shp-15-51,1,1
30020,15,NEW_3,15 Downtown,,0,314,NEW_shp-15-51,1,1
2062020,15,NEW_3,15 Downtown,,0,NEW_114,NEW_shp-15-51,1,1
NEW_1530070,15,NEW_1,15 Downtown,,0,NEW_329,NEW_shp-15-51,1,1
691010,15,NEW_2,15 Downtown,,0,NEW_114,NEW_shp-15-51,1,1
NEW_420020,15,NEW_3,15 Downtown,,0,NEW_23,NEW_shp-15-51,1,1
1198020,15,NEW_3,15 Downtown,,0,NEW_13,NEW_shp-15-51,1,1
NEW_1992070,15,NEW_1,15 Downtown,,0,NEW_129,NEW_shp-15-51,1,1
NEW_537010,15,NEW_2,15 Downtown,,0,NEW_214,NEW_shp-15-51,1,1
NEW_2338020,15,NEW_3,15 Downtown,,0,NEW_214,NEW_shp-15-51,1,1
1243010,15,NEW_2,15 Downtown,,0,NEW_214,NEW_shp-15-51,1,1
848020,15,NEW_3,15 Downtown,,0,314,NEW_shp-15-51,1,1
512070,15,NEW_1,15 Downtown,,0,NEW_129,NEW_shp-15-51,1,1
1406070,15,NEW_1,15 Downtown,,0,NEW_23,NEW_shp-15-51,1,1
958020,15,NEW_3,15 Downtown,,0,414,NEW_shp-15-51,1,1
565070,15,NEW_1,15 Downtown,,0,NEW_229,NEW_shp-15-51,1,1
2422020,15,NEW_3,15 Downtown,,0,314,NEW_shp-15-51,1,1
2504020,15,NEW_3,15 Downtown,,0,NEW_114,NEW_shp-15-51,1,1
2378010,15,NEW_2,15 Downtown,,0,NEW_114,NEW_shp-15-51,1,1
NEW_1269020,15,NEW_3,15 Downtown,,0,NEW_214,NEW_shp-15-51,1,1
197020,15,NEW_3,15 Downtown,,0,NEW_114,NEW_shp-15-51,1,1
1887020,15,NEW_3,15 Downtown,,0,NEW_13,NEW_shp-15-51,1,1
783010,15,NEW_2,15 Downtown,,0,NEW_114,NEW_shp-15-51,1,1
NEW_383020,15,NEW_3,15 Downtown,,0,314,NEW_shp-15-51,1,1
2353010,15,NEW_2,15 Downtown,,0,NEW_214,NEW_shp-15-51,1,1
1230010,15,NEW_2,15 Downtown,,0,NEW_114,NEW_shp-15-51,1,1
403070,15,NEW_1,15 Downtown,,0,NEW_23,NEW_shp-15-51,1,1
300020,15,NEW_3,15 Downtown,,0,NEW_43,NEW_shp-15-51,1,1
127070,15,NEW_1,15 Downtown,,0,NEW_429,NEW_shp-15-51,1,1
813070,15,NEW_1,15 Downtown,,0,NEW_429,NEW_shp-15-51,1,1
NEW_598010,15,NEW_2,15 Downtown,,0,NEW_114,NEW_shp-15-51,1,1
1432020,15,NEW_3,15 Downtown,,0,314,NEW_shp-15-51,1,1
2265070,15,NEW_1,15 Downtown,,0,NEW_43,NEW_shp-15-51,1,1
NEW_1011020,15,NEW_3,15 Downtown,,0,NEW_33,NEW_shp-15-51,1,1
361010,15,NEW_2,15 Downtown,,0,NEW_114,NEW_shp-15-51,1,1
437070,15,NEW_1,15 Downtown,,0,NEW_13,NEW_shp-15-51,1,1
NEW_1070070,15,NEW_1,15 Downtown,,0,NEW_23,NEW_shp-15-51,1,1
NEW_2351070,15,NEW_1,15 Downtown,,0,NEW_33,NEW_shp-15-51,1,1
NEW_1855070,15,NEW_1,15 Downtown,,0,NEW_129,NEW_shp-15-51,1,1
NEW_1258070,15,NEW_1,15 Downtown,,0,NEW_43,NEW_shp-15-51,1,1
1282020,15,NEW_3,15 Downtown,,0,NEW_114,NEW_shp-15-51,1,1
NEW_2393070,15,NEW_1,15 Downtown,,0,NEW_43,NEW_shp-15-51,1,1
1156070,15,NEW_1,15 Downtown,,0,NEW_229,NEW_shp-15-51,1,1
24020,15,NEW_3,15 Downtown,,0,NEW_13,NEW_shp-15-51,1,1
NEW_1008070,15,NEW_1,15 Downtown,,0,NEW_229,NEW_shp-15-51,1,1
580070,15,NEW_1,15 Downtown,,0,NEW_33,NEW_shp-15-51,1,1
2012070,15,NEW_1,15 Downtown,,0,NEW_229,NEW_shp-15-51,1,1
NEW_428020,15,NEW_3,15 Downtown,,0,314,NEW_shp-15-51,1,1
NEW_1942020,18,NEW_3,18 Cordata/WCC,,1,NEW_118,NEW_shp-18-01,1,1
1137070,18,NEW_1,18 Cordata/WCC,,1,NEW_118,NEW_shp-18-01,1,1
938020,18,NEW_3,18 Cordata/WCC,,1,NEW_118,NEW_shp-18-01,1,1
NEW_2540020,18,NEW_3,18 Cordata/WCC,,1,NEW_118,NEW_shp-18-01,1,1
NEW_1933070,18,NEW_1,18 Cordata/WCC,,1,NEW_218,NEW_shp-18-01,1,1
NEW_1833020,18,NEW_3,18 Cordata/WCC,,1,NEW_218,NEW_shp-18-01,1,1
184010,18,NEW_2,18 Cordata/WCC,,1,NEW_218,NEW_shp-18-01,1,1
1013020,18,NEW_3,18 Cordata/WCC,,1,NEW_118,NEW_shp-18-01,1,1
NEW_1315070,18,NEW_1,18 Cordata/WCC,,1,NEW_118,NEW_shp-18-01,1,1
817010,18,NEW_2,18 Cordata/WCC,,1,NEW_218,NEW_shp-18-01,1,1
1546070,18,NEW_1,18 Cordata/WCC,,1,NEW_218,NEW_shp-18-01,1,1
NEW_1205010,18,NEW_2,18 Cordata/WCC,,1,NEW_218,NEW_shp-18-01,1,1
1052010,18,NEW_2,18 Cordata/WCC,,1,NEW_118,NEW_shp-18-01,1,1
NEW_2076070,18,NEW_1,18 Cordata/WCC,,1,NEW_218,NEW_shp-18-01,1,1
343010,18,NEW_2,18 Cordata/WCC,,1,NEW_118,NEW_shp-18-01,1,1
1682070,18,NEW_1,18 Cordata/WCC,,1,NEW_118,NEW_shp-18-01,1,1
NEW_1984070,18,NEW_1,18 Cordata/WCC,,1,NEW_218,NEW_shp-18-01,1,1
1221020,18,NEW_3,18 Cordata/WCC,,1,NEW_218,NEW_shp-18-01,1,1
528010,18,NEW_2,18 Cordata/WCC,,1,NEW_218,NEW_shp-18-01,1,1
NEW_1723070,18,NEW_1,18 Cordata/WCC,,1,NEW_118,NEW_shp-18-01,1,1
1367010,18,NEW_2,18 Cordata/WCC,,1,NEW_218,NEW_shp-18-01,1,1
762020,18,NEW_3,18 Cordata/WCC,,1,NEW_218,NEW_shp-18-01,1,1
NEW_96070,18,NEW_1,18 Cordata/WCC,,1,NEW_118,NEW_shp-18-01,1,1
368020,18,NEW_3,18 Cordata/WCC,,1,NEW_218,NEW_shp-18-01,1,1
1145020,18,NEW_3,18 Cordata/WCC,,1,NEW_218,NEW_shp-18-01,1,1
724070,18,NEW_1,18 Cordata/WCC,,1,NEW_218,NEW_shp-18-01,1,1
2533020,18,NEW_3,18 Cordata/WCC,,1,NEW_218,NEW_shp-18-01,1,1
1015020,18,NEW_3,18 Cordata/WCC,,1,NEW_218,NEW_shp-18-01,1,1
155010,18,NEW_2,18 Cordata/WCC,,1,NEW_118,NEW_shp-18-01,1,1
2171010,18,NEW_2,18 Cordata/WCC,,1,NEW_118,NEW_shp-18-01,1,1
663070,18,NEW_1,18 Cordata/WCC,,1,NEW_118,NEW_shp-18-01,1,1
2035070,18,NEW_1,18 Cordata/WCC,,1,NEW_218,NEW_shp-18-01,1,1
NEW_1480020,18,NEW_3,18 Cordata/WCC,,1,NEW_118,NEW_shp-18-01,1,1
1248010,18,NEW_2,18 Cordata/WCC,,1,NEW_218,NEW_shp-18-01,1,1
221020,18,NEW_3,18 Cordata/WCC,,1,NEW_118,NEW_shp-18-01,1,1
NEW_2068010,18,NEW_2,18 Cordata/WCC,,1,NEW_118,NEW_shp-18-01,1,1
NEW_1640010,18,NEW_2,18 Hospital,,0,NEW_118,NEW_shp-18-51,1,1
2423070,18,NEW_1,18 Hospital,,0,NEW_118,NEW_shp-18-51,1,1
NEW_556010,18,NEW_2,18 Hospital,,0,NEW_218,NEW_shp-18-51,1,1
1288010,18,NEW_2,18 Hospital,,0,NEW_118,NEW_shp-18-51,1,1
NEW_1227010,18,NEW_2,18 Hospital,,0,NEW_218,NEW_shp-18-51,1,1
1553070,18,NEW_1,18 Hospital,,0,NEW_118,NEW_shp-18-51,1,1
NEW_6070,18,NEW_1,18 Hospital,,0,NEW_118,NEW_shp-18-51,1,1
432020,18,NEW_3,18 Hospital,,0,NEW_218,NEW_shp-18-51,1,1
2218010,18,NEW_2,18 Hospital,,0,NEW_218,NEW_shp-18-51,1,1
2323020,18,NEW_3,18 Hospital,,0,NEW_118,NEW_shp-18-51,1,1
NEW_939020,18,NEW_3,18 Hospital,,0,NEW_118,NEW_shp-18-51,1,1
NEW_1463020,18,NEW_3,18 Hospital,,0,NEW_118,NEW_shp-18-51,1,1
1462020,18,NEW_3,18 Hospital,,0,NEW_218,NEW_shp-18-51,1,1
NEW_964070,18,NEW_1,18 Hospital,,0,NEW_118,NEW_shp-18-51,1,1
NEW_867020,18,NEW_3,18 Hospital,,0,NEW_118,NEW_shp-18-51,1,1
NEW_21070,18,NEW_1,18 Hospital,,0,NEW_218,NEW_shp-18-51,1,1
1741010,18,NEW_2,18 Hospital,,0,NEW_218,NEW_shp-18-51,1,1
1965020,18,NEW_3,18 Hospital,,0,NEW_118,NEW_shp-18-51,1,1
NEW_2177020,18,NEW_3,18 Hospital,,0,NEW_218,NEW_shp-18-51,1,1
NEW_1897010,18,NEW_2,18 Hospital,,0,NEW_118,NEW_shp-18-51,1,1
450070,18,NEW_1,18 Hospital,,0,NEW_118,NEW_shp-18-51,1,1
NEW_1270020,18,NEW_3,18 Hospital,,0,NEW_218,NEW_shp-18-51,1,1
1594070,18,NEW_1,18 Hospital,,0,NEW_218,NEW_shp-18-51,1,1
1722010,18,NEW_2,18 Hospital,,0,NEW_218,NEW_shp-18-51,1,1
823020,18,NEW_3,18 Hospital,,0,NEW_218,NEW_shp-18-51,1,1
2069070,18,NEW_1,18 Hospital,,0,NEW_118,NEW_shp-18-51,1,1
1347010,18,NEW_2,18 Hospital,,0,NEW_118,NEW_shp-18-51,1,1
2071070,18,NEW_1,18 Hospital,,0,NEW_218,NEW_shp-18-51,1,1
NEW_2234020,18,NEW_3,18 Hospital,,0,NEW_218,NEW_shp-18-51,1,1
1885070,18,NEW_1,18 Hospital,,0,NEW_218,NEW_shp-18-51,1,1
NEW_703010,18,NEW_2,18 Hospital,,0,NEW_218,NEW_shp-18-51,1,1
869010,18,NEW_2,18 Hospital,,0,NEW_118,NEW_shp-18-51,1,1
760070,18,NEW_1,18 Hospital,,0,NEW_218,NEW_shp-18-51,1,1
687020,18,NEW_3,18 Hospital,,0,NEW_118,NEW_shp-18-51,1,1
NEW_1058020,18,NEW_3,18 Hospital,,0,NEW_218,NEW_shp-18-51,1,1
143070,18,NEW_1,18 Hospital,,0,NEW_218,NEW_shp-18-51,1,1
1696020,190,NEW_3,190 Downtown,,1,NEW_2190,NEW_shp-190-07,1,1
2524020,190,NEW_3,190 Downtown,,1,3190,NEW_shp-190-07,1,1
226070,190,NEW_1,190 Downtown,,1,NEW_2190,NEW_shp-190-07,1,1
514020,190,NEW_3,190 Downtown,,1,NEW_2190,NEW_shp-190-07,1,1
NEW_2363020,190,NEW_3,190 Downtown,,1,NEW_2190,NEW_shp-190-07,1,1
2355070,190,NEW_1,190 Downtown,,1,NEW_1190,NEW_shp-190-07,1,1
408070,190,NEW_1,190 Downtown,,1,NEW_2190,NEW_shp-190-07,1,1
NEW_544020,190,NEW_3,190 Downtown,,1,NEW_2190,NEW_shp-190-07,1,1
134010,190,NEW_2,190 Downtown,,1,NEW_1190,NEW_shp-190-07,1,1
NEW_844070,190,NEW_1,190 Downtown,,1,NEW_1190,NEW_shp-190-07,1,1
NEW_2197020,190,NEW_3,190 Downtown,,1,NEW_2190,NEW_shp-190-07,1,1
277010,190,NEW_2,190 Downtown,,1,NEW_1190,NEW_shp-190-07,1,1
234010,190,NEW_2,190 Downtown,,1,NEW_2190,NEW_shp-190-07,1,1
NEW_1086010,190,NEW_2,190 Downtown,,1,NEW_2190,NEW_shp-190-07,1,1
831010,190,NEW_2,190 Downtown,,1,NEW_1190,NEW_shp-190-07,1,1
NEW_1520020,190,NEW_3,190 Downtown,,1,3190,NEW_shp-190-07,1,1
1577070,190,NEW_1,190 Downtown,,1,NEW_1190,NEW_shp-190-07,1,1
NEW_660070,190,NEW_1,190 Downtown,,1,NEW_1190,NEW_shp-190-07,1,1
891020,190,NEW_3,190 Downtown,,1,3190,NEW_shp-190-07,1,1
2387020,190,NEW_3,190 Downtown,,1,3190,NEW_shp-190-07,1,1
1410070,190,NEW_1,190 Downtown,,1,3190,NEW_shp-190-07,1,1
2318020,190,NEW_3,190 Downtown,,1,NEW_2190,NEW_shp-190-07,1,1
2336020,190,NEW_3,190 Downtown,,1,NEW_1190,NEW_shp-190-07,1,1
NEW_1800070,190,NEW_1,190 Downtown,,1,NEW_2190,NEW_shp-190-07,1,1
1925070,190,NEW_1,190 Downtown,,1,NEW_1190,NEW_shp-190-07,1,1
1554020,190,NEW_3,190 Downtown,,1,3190,NEW_shp-190-07,1,1
2182020,190,NEW_3,190 Downtown,,1,3190,NEW_shp-190-07,1,1
1430070,190,NEW_1,190 Downtown,,1,NEW_1190,NEW_shp-190-07,1,1
2233070,190,NEW_1,190 Downtown,,1,4190,NEW_shp-190-07,1,1
2127020,190,NEW_3,190 Downtown,,1,NEW_2190,NEW_shp-190-07,1,1
NEW_2466020,190,NEW_3,190 Downtown,,1,3190,NEW_shp-190-07,1,1
743020,190,NEW_3,190 Downtown,,1,NEW_1190,NEW_shp-190-07,1,1
2442070,190,NEW_1,190 Downtown,,1,3190,NEW_shp-190-07,1,1
285010,190,NEW_2,190 Downtown,,1,NEW_1190,NEW_shp-190-07,1,1
NEW_1737020,190,NEW_3,190 Downtown,,1,3190,NEW_shp-190-07,1,1
2408070,190,NEW_1,190 Downtown,,1,NEW_2190,NEW_shp-190-07,1,1
NEW_1397070,190,NEW_1,190 Downtown,,1,NEW_1190,NEW_shp-190-07,1,1
NEW_1895020,190,NEW_3,190 Downtown,,1,NEW_1190,NEW_shp-190-07,1,1
2286070,190,NEW_1,190 Downtown,,1,NEW_2190,NEW_shp-190-07,1,1
NEW_1514070,190,NEW_1,190 Downtown,,1,NEW_2190,NEW_shp-190-07,1,1
1762070,190,NEW_1,190 Downtown,,1,4190,NEW_shp-190-07,1,1
1351070,190,NEW_1,190 Downtown,,1,4190,NEW_shp-190-07,1,1
NEW_2024020,190,NEW_3,190 Downtown,,1,NEW_1190,NEW_shp-190-07,1,1
NEW_798020,190,NEW_3,190 Downtown,,1,NEW_2190,NEW_shp-190-07,1,1
1819070,190,NEW_1,190 Downtown,,1,NEW_2190,NEW_shp-190-07,1,1
2034010,190,NEW_2,190 Downtown,,1,NEW_1190,NEW_shp-190-07,1,1
NEW_306020,190,NEW_3,190 Downtown,,1,NEW_1190,NEW_shp-190-07,1,1
NEW_1608020,190,NEW_3,190 Downtown,,1,NEW_2190,NEW_shp-190-07,1,1
28070,190,NEW_1,190 Downtown,,1,NEW_1190,NEW_shp-190-07,1,1
70070,190,NEW_1,190 Downtown,,1,NEW_1190,NEW_shp-190-07,1,1
1620070,190,NEW_1,190 Downtown,,1,4190,NEW_shp-190-07,1,1
1566020,190,NEW_3,190 Downtown,,1,3190,NEW_shp-190-07,1,1
229010,190,NEW_2,190 Downtown,,1,NEW_2190,NEW_shp-190-06,1,1
NEW_2484070,190,NEW_1,190 Downtown,,1,4190,NEW_shp-190-07,1,1
NEW_466020,190,NEW_3,190 Downtown,,1,3190,NEW_shp-190-07,1,1
1387070,190,NEW_1,190 Downtown,,1,4190,NEW_shp-190-07,1,1
507020,190,NEW_3,190 Downtown,,1,NEW_1190,NEW_shp-190-07,1,1
2502020,190,NEW_3,190 Downtown,,1,3190,NEW_shp-190-07,1,1
NEW_2014010,190,NEW_2,190 Downtown,,1,NEW_2190,NEW_shp-190-06,1,1
1950010,190,NEW_2,190 Downtown,,1,NEW_2190,NEW_shp-190-07,1,1
541010,190,NEW_2,190 Downtown,,1,NEW_1190,NEW_shp-190-07,1,1
NEW_593020,190,NEW_3,190 Downtown,,1,3190,NEW_shp-190-07,1,1
2474010,190,NEW_2,190 Downtown,,1,NEW_2190,NEW_shp-190-07,1,1
NEW_1247010,190,NEW_2,190 Downtown,,1,NEW_1190,NEW_shp-190-07,1,1
790070,190,NEW_1,190 Downtown,,1,NEW_1190,NEW_shp-190-07,1,1
NEW_2446020,190,NEW_3,190 Downtown,,1,NEW_2190,NEW_shp-190-07,1,1
401070,190,NEW_1,190 Downtown,,1,3190,NEW_shp-190-07,1,1
NEW_913020,190,NEW_3,190 Downtown,,1,NEW_2190,NEW_shp-190-07,1,1
NEW_1923010,190,NEW_2,190 Downtown,,1,NEW_2190,NEW_shp-190-07,1,1
824010,190,NEW_2,190 Downtown,,1,NEW_2190,NEW_shp-190-07,1,1
2050020,190,NEW_3,190 Downtown,,1,3190,NEW_shp-190-07,1,1
1468020,190,NEW_3,190 Downtown,,1,NEW_2190,NEW_shp-190-07,1,1
121010,190,NEW_2,190 Downtown,,1,NEW_1190,NEW_shp-190-07,1,1
1293020,190,NEW_3,190 Downtown,,1,NEW_1190,NEW_shp-190-07,1,1
NEW_531010,190,NEW_2,190 Downtown,,1,NEW_1190,NEW_shp-190-07,1,1
NEW_1419070,190,NEW_1,190 Downtown,,1,4190,NEW_shp-190-07,1,1
1963010,190,NEW_2,190 Downtown,,1,NEW_2190,NEW_shp-190-07,1,1
2026070,190,NEW_1,190 Downtown,,1,NEW_2190,NEW_shp-190-07,1,1
NEW_107020,190,NEW_3,190 Downtown,,1,NEW_2190,NEW_shp-190-07,1,1
NEW_2097020,190,NEW_3,190 Downtown,,1,NEW_1190,NEW_shp-190-07,1,1
NEW_920020,190,NEW_3,190 Downtown,,1,NEW_1190,NEW_shp-190-07,1,1
664010,190,NEW_2,190 Downtown,,1,NEW_2190,NEW_shp-190-07,1,1
1908020,190,NEW_3,190 Downtown,,1,3190,NEW_shp-190-07,1,1
NEW_2380010,190,NEW_2,190 Downtown,,1,NEW_2190,NEW_shp-190-07,1,1
NEW_1943070,190,NEW_1,190 Downtown,,1,NEW_1190,NEW_shp-190-07,1,1
875070,190,NEW_1,190 Downtown,,1,NEW_2190,NEW_shp-190-07,1,1
2459010,190,NEW_2,190 Downtown,,1,NEW_2190,NEW_shp-190-07,1,1
845070,190,NEW_1,190 Downtown,,1,NEW_2190,NEW_shp-190-07,1,1
NEW_2145070,190,NEW_1,190 Downtown,,1,NEW_1190,NEW_shp-190-07,1,1
832070,190,NEW_1,190 Downtown,,1,NEW_2190,NEW_shp-190-07,1,1
2481020,190,NEW_3,190 Downtown,,1,NEW_1190,NEW_shp-190-07,1,1
1508020,190,NEW_3,190 Downtown,,1,NEW_1190,NEW_shp-190-07,1,1
1912010,190,NEW_2,190 Downtown,,1,NEW_1190,NEW_shp-190-07,1,1
NEW_202020,190,NEW_3,190 Downtown,,1,NEW_1190,NEW_shp-190-06,1,1
949010,190,NEW_2,190 Downtown,,1,NEW_1190,NEW_shp-190-07,1,1
2137010,190,NEW_2,190 Downtown,,1,NEW_2190,NEW_shp-190-07,1,1
1587020,190,NEW_3,190 Downtown,,1,3190,NEW_shp-190-07,1,1
2333070,190,NEW_1,190 Downtown,,1,NEW_2190,NEW_shp-190-07,1,1
2128020,190,NEW_3,190 Downtown,,1,NEW_1190,NEW_shp-190-07,1,1
1124070,190,NEW_1,190 Downtown,,1,NEW_2190,NEW_shp-190-07,1,1
NEW_1949070,190,NEW_1,190 Downtown,,1,NEW_2190,NEW_shp-190-07,1,1
NEW_771070,190,NEW_1,190 Downtown,,1,4190,NEW_shp-190-07,1,1
NEW_77070,190,NEW_1,190 Downtown,,1,4190,NEW_shp-190-07,1,1
NEW_316020,190,NEW_3,190 Downtown,,1,NEW_2190,NEW_shp-190-07,1,1
NEW_1245020,190,NEW_3,190 Downtown,,1,NEW_2190,NEW_shp-190-07,1,1
548070,190,NEW_1,190 Downtown,,1,3190,NEW_shp-190-07,1,1
NEW_1777010,190,NEW_2,190 Downtown,,1,NEW_2190,NEW_shp-190-07,1,1
2267070,190,NEW_1,190 Downtown,,1,NEW_1190,NEW_shp-190-07,1,1
340010,190,NEW_2,190 Downtown,,1,NEW_1190,NEW_shp-190-07,1,1
NEW_1413020,190,NEW_3,190 Downtown,,1,3190,NEW_shp-190-07,1,1
608070,190,NEW_1,190 Downtown,,1,3190,NEW_shp-190-07,1,1
2224070,190,NEW_1,190 Downtown,,1,NEW_1190,NEW_shp-190-07,1,1
NEW_1653070,190,NEW_1,190 Lincoln St,,0,4190,NEW_shp-190-53,1,1
NEW_2391020,190,NEW_3,190 Lincoln St,,0,NEW_1190,NEW_shp-190-53,1,1
2101020,190,NEW_3,190 Lincoln St,,0,NEW_2190,NEW_shp-190-53,1,1
1316020,190,NEW_3,190 Lincoln St,,0,3190,NEW_shp-190-53,1,1
1838070,190,NEW_1,190 Lincoln St,,0,NEW_1190,NEW_shp-190-53,1,1
NEW_2185070,190,NEW_1,190 Lincoln St,,0,NEW_2190,NEW_shp-190-53,1,1
2179070,190,NEW_1,190 Lincoln St,,0,NEW_2190,NEW_shp-190-53,1,1
527020,190,NEW_3,190 Lincoln St,,0,NEW_2190,NEW_shp-190-53,1,1
1907070,190,NEW_1,190 Lincoln St,,0,NEW_2190,NEW_shp-190-53,1,1
1415020,190,NEW_3,190 Lincoln St,,0,NEW_2190,NEW_shp-190-53,1,1
990020,190,NEW_3,190 Lincoln St,,0,3190,NEW_shp-190-53,1,1
1830010,190,NEW_2,190 Lincoln St,,0,NEW_2190,NEW_shp-190-53,1,1
2266010,190,NEW_2,190 Lincoln St,,0,NEW_1190,NEW_shp-190-53,1,1
2306010,190,NEW_2,190 Lincoln St,,0,NEW_1190,NEW_shp-190-53,1,1
2313070,190,NEW_1,190 Lincoln St,,0,NEW_1190,NEW_shp-190-53,1,1
NEW_1274070,190,NEW_1,190 Lincoln St,,0,NEW_1190,NEW_shp-190-53,1,1
NEW_702010,190,NEW_2,190 Lincoln St,,0,NEW_2190,NEW_shp-190-53,1,1
NEW_1449020,190,NEW_3,190 Lincoln St,,0,NEW_2190,NEW_shp-190-53,1,1
1850020,190,NEW_3,190 Lincoln St,,0,NEW_2190,NEW_shp-190-53,1,1
1876020,190,NEW_3,190 Lincoln St,,0,NEW_2190,NEW_shp-190-53,1,1
NEW_1276020,190,NEW_3,190 Lincoln St,,0,3190,NEW_shp-190-53,1,1
926020,190,NEW_3,190 Lincoln St,,0,3190,NEW_shp-190-53,1,1
327010,190,NEW_2,190 Lincoln St,,0,NEW_2190,NEW_shp-190-53,1,1
NEW_1381070,190,NEW_1,190 Lincoln St,,0,NEW_2190,NEW_shp-190-53,1,1
511070,190,NEW_1,190 Lincoln St,,0,NEW_1190,NEW_shp-190-53,1,1
1977070,190,NEW_1,190 Lincoln St,,0,NEW_1190,NEW_shp-190-53,1,1
366010,190,NEW_2,190 Lincoln St,,0,NEW_1190,NEW_shp-190-53,1,1
2292070,190,NEW_1,190 Lincoln St,,0,NEW_2190,NEW_shp-190-53,1,1
NEW_1829020,190,NEW_3,190 Lincoln St,,0,NEW_2190,NEW_shp-190-53,1,1
1308010,190,NEW_2,190 Lincoln St,,0,NEW_1190,NEW_shp-190-53,1,1
NEW_411020,190,NEW_3,190 Lincoln St,,0,NEW_2190,NEW_shp-190-53,1,1
2245070,190,NEW_1,190 Lincoln St,,0,NEW_2190,NEW_shp-190-53,1,1
NEW_1099020,190,NEW_3,190 Lincoln St,,0,3190,NEW_shp-190-53,1,1
118020,190,NEW_3,190 Lincoln St,,0,3190,NEW_shp-190-53,1,1
NEW_720070,190,NEW_1,190 Lincoln St,,0,4190,NEW_shp-190-53,1,1
538070,190,NEW_1,190 Lincoln St,,0,3190,NEW_shp-190-53,1,1
1535070,190,NEW_1,190 Lincoln St,,0,4190,NEW_shp-190-53,1,1
NEW_124020,190,NEW_3,190 Lincoln St,,0,3190,NEW_shp-190-53,1,1
NEW_1290010,190,NEW_2,190 Lincoln St,,0,NEW_1190,NEW_shp-190-53,1,1
1716010,190,NEW_2,190 Lincoln St,,0,NEW_1190,NEW_shp-190-53,1,1
239010,190,NEW_2,190 Lincoln St,,0,NEW_2190,NEW_shp-190-53,1,1
49070,190,NEW_1,190 Lincoln St,,0,NEW_1190,NEW_shp-190-53,1,1
1564020,190,NEW_3,190 Lincoln St,,0,3190,NEW_shp-190-53,1,1
83070,190,NEW_1,190 Lincoln St,,0,3190,NEW_shp-190-53,1,1
1955020,190,NEW_3,190 Lincoln St,,0,NEW_1190,NEW_shp-190-53,1,1
NEW_1521020,190,NEW_3,190 Lincoln St,,0,NEW_2190,NEW_shp-190-53,1,1
NEW_2433010,190,NEW_2,190 Lincoln St,,0,NEW_2190,NEW_shp-190-53,1,1
2476020,190,NEW_3,190 Lincoln St,,0,NEW_1190,NEW_shp-190-53,1,1
1323070,190,NEW_1,190 Lincoln St,,0,4190,NEW_shp-190-53,1,1
NEW_2110020,190,NEW_3,190 Lincoln St,,0,3190,NEW_shp-190-53,1,1
1112070,190,NEW_1,190 Lincoln St,,0,NEW_1190,NEW_shp-190-53,1,1
NEW_850070,190,NEW_1,190 Lincoln St,,0,4190,NEW_shp-190-53,1,1
NEW_63070,190,NEW_1,190 Lincoln St,,0,4190,NEW_shp-190-53,1,1
311070,190,NEW_1,190 Lincoln St,,0,NEW_1190,NEW_shp-190-53,1,1
NEW_1774070,190,NEW_1,190 Lincoln St,,0,3190,NEW_shp-190-53,1,1
519070,190,NEW_1,190 Lincoln St,,0,NEW_2190,NEW_shp-190-53,1,1
NEW_974020,190,NEW_3,190 Lincoln St,,0,3190,NEW_shp-190-53,1,1
NEW_1024010,190,NEW_2,190 Lincoln St,,0,NEW_1190,NEW_shp-190-53,1,1
NEW_2150020,190,NEW_3,190 Lincoln St,,0,3190,NEW_shp-190-53,1,1
715020,190,NEW_3,190 Lincoln St,,0,NEW_1190,NEW_shp-190-53,1,1
NEW_1893020,190,NEW_3,190 Lincoln St,,0,NEW_2190,NEW_shp-190-53,1,1
NEW_956070,190,NEW_1,190 Lincoln St,,0,NEW_1190,NEW_shp-190-53,1,1
804020,190,NEW_3,190 Lincoln St,,0,NEW_1190,NEW_shp-190-53,1,1
163070,190,NEW_1,190 Lincoln St,,0,NEW_2190,NEW_shp-190-53,1,1
980010,190,NEW_2,190 Lincoln St,,0,NEW_1190,NEW_shp-190-53,1,1
NEW_1417020,190,NEW_3,190 Lincoln St,,0,NEW_2190,NEW_shp-190-53,1,1
160020,190,NEW_3,190 Lincoln St,,0,3190,NEW_shp-190-53,1,1
1623020,190,NEW_3,190 Lincoln St,,0,3190,NEW_shp-190-53,1,1
78070,190,NEW_1,190 Lincoln St,,0,NEW_2190,NEW_shp-190-53,1,1
1766010,190,NEW_2,190 Lincoln St,,0,NEW_1190,NEW_shp-190-53,1,1
888070,190,NEW_1,190 Lincoln St,,0,NEW_2190,NEW_shp-190-53,1,1
1122010,190,NEW_2,190 Lincoln St,,0,NEW_2190,NEW_shp-190-53,1,1
NEW_66020,190,NEW_3,190 Lincoln St,,0,3190,NEW_shp-190-53,1,1
1280070,190,NEW_1,190 Lincoln St,,0,4190,NEW_shp-190-53,1,1
NEW_1934020,190,NEW_3,190 Lincoln St,,0,NEW_1190,NEW_shp-190-53,1,1
NEW_1159020,190,NEW_3,190 Lincoln St,,0,3190,NEW_shp-190-53,1,1
NEW_842020,190,NEW_3,190 Lincoln St,,0,NEW_1190,NEW_shp-190-53,1,1
119010,190,NEW_2,190 Lincoln St,,0,NEW_2190,NEW_shp-190-53,1,1
404070,190,NEW_1,190 Lincoln St,,0,4190,NEW_shp-190-53,1,1
165070,190,NEW_1,190 Lincoln St,,0,NEW_1190,NEW_shp-190-53,1,1
2324010,190,NEW_2,190 Lincoln St,,0,NEW_2190,NEW_shp-190-53,1,1
1580020,190,NEW_3,190 Lincoln St,,0,NEW_2190,NEW_shp-190-53,1,1
416010,190,NEW_2,190 Lincoln St,,0,NEW_1190,NEW_shp-190-53,1,1
NEW_1849020,190,NEW_3,190 Lincoln St,,0,3190,NEW_shp-190-53,1,1
1937070,190,NEW_1,190 Lincoln St,,0,3190,NEW_shp-190-53,1,1
1458010,190,NEW_2,190 Lincoln St,,0,NEW_1190,NEW_shp-190-53,1,1
NEW_472020,190,NEW_3,190 Lincoln St,,0,NEW_1190,NEW_shp-190-53,1,1
NEW_364020,190,NEW_3,190 Lincoln St,,0,NEW_2190,NEW_shp-190-53,1,1
NEW_953070,190,NEW_1,190 Lincoln St,,0,4190,NEW_shp-190-53,1,1
259070,190,NEW_1,190 Lincoln St,,0,NEW_2190,NEW_shp-190-53,1,1
NEW_1332020,190,NEW_3,190 Lincoln St,,0,NEW_1190,NEW_shp-190-53,1,1
NEW_2083020,190,NEW_3,190 Lincoln St,,0,NEW_1190,NEW_shp-190-53,1,1
NEW_278070,190,NEW_1,190 Lincoln St,,0,NEW_1190,NEW_shp-190-53,1,1
1555010,190,NEW_2,190 Lincoln St,,0,NEW_2190,NEW_shp-190-53,1,1
1459010,190,NEW_2,190 Lincoln St,,0,NEW_2190,NEW_shp-190-53,1,1
1204070,190,NEW_1,190 Lincoln St,,0,NEW_2190,NEW_shp-190-53,1,1
2317020,190,NEW_3,190 Lincoln St,,0,NEW_1190,NEW_shp-190-53,1,1
296020,190,NEW_3,190 Lincoln St,,0,NEW_2190,NEW_shp-190-53,1,1
549010,190,NEW_2,190 Lincoln St,,0,NEW_2190,NEW_shp-190-53,1,1
NEW_162020,190,NEW_3,190 Lincoln St,,0,NEW_2190,NEW_shp-190-53,1,1
757020,190,NEW_3,190 Lincoln St,,0,NEW_2190,NEW_shp-190-53,1,1
1902070,190,NEW_1,190 Lincoln St,,0,NEW_2190,NEW_shp-190-53,1,1
2241070,190,NEW_1,190 Lincoln St,,0,NEW_1190,NEW_shp-190-53,1,1
NEW_1497070,190,NEW_1,190 Lincoln St,,0,NEW_2190,NEW_shp-190-53,1,1
213020,190,NEW_3,190 Lincoln St,,0,NEW_1190,NEW_shp-190-53,1,1
1809070,190,NEW_1,190 Lincoln St,,0,NEW_1190,NEW_shp-190-53,1,1
2493070,190,NEW_1,190 Lincoln St,,0,NEW_2190,NEW_shp-190-53,1,1
1900010,190,NEW_2,190 Lincoln St,,0,NEW_2190,NEW_shp-190-53,1,1
924010,190,NEW_2,190 Lincoln St,,0,NEW_1190,NEW_shp-190-53,1,1
1851070,190,NEW_1,190 Lincoln St,,0,NEW_1190,NEW_shp-190-53,1,1
1456070,190,NEW_1,190 Lincoln St,,0,3190,NEW_shp-190-53,1,1
971070,232,NEW_1,232 Cordata/WCC,,1,NEW_2232,NEW_shp-232-01,1,1
609020,232,NEW_3,232 Cordata/WCC,,1,NEW_4232,NEW_shp-232-01,1,1
407020,232,NEW_3,232 Cordata/WCC,,1,NEW_5232,NEW_shp-232-01,1,1
1732070,232,NEW_1,232 Cordata/WCC,,1,NEW_4232,NEW_shp-232-01,1,1
1136010,232,NEW_2,232 Cordata/WCC,,1,NEW_1232,NEW_shp-232-01,1,1
1150070,232,NEW_1,232 Cordata/WCC,,1,NEW_4232,NEW_shp-232-01,1,1
NEW_756010,232,NEW_2,232 Cordata/WCC,,1,NEW_2232,NEW_shp-232-01,1,1
1585070,232,NEW_1,232 Cordata/WCC,,1,NEW_4232,NEW_shp-232-01,1,1
40070,232,NEW_1,232 Cordata/WCC,,1,NEW_3232,NEW_shp-232-01,1,1
NEW_2419070,232,NEW_1,232 Cordata/WCC,,1,NEW_4232,NEW_shp-232-01,1,1
81010,232,NEW_2,232 Cordata/WCC,,1,NEW_2232,NEW_shp-232-01,1,1
763010,232,NEW_2,232 Cordata/WCC,,1,NEW_2232,NEW_shp-232-01,1,1
582020,232,NEW_3,232 Cordata/WCC,,1,NEW_3232,NEW_shp-232-01,1,1
NEW_133020,232,NEW_3,232 Cordata/WCC,,1,NEW_2232,NEW_shp-232-01,1,1
456010,232,NEW_2,232 Cordata/WCC,,1,NEW_1232,NEW_shp-232-01,1,1
8020,232,NEW_3,232 Cordata/WCC,,1,NEW_5232,NEW_shp-232-01,1,1
NEW_1768020,232,NEW_3,232 Cordata/WCC,,1,NEW_2232,NEW_shp-232-01,1,1
NEW_2214020,232,NEW_3,232 Cordata/WCC,,1,NEW_2232,NEW_shp-232-01,1,1
1466020,232,NEW_3,232 Cordata/WCC,,1,NEW_1232,NEW_shp-232-01,1,1
2451020,232,NEW_3,232 Cordata/WCC,,1,NEW_4232,NEW_shp-232-01,1,1
2161070,232,NEW_1,232 Cordata/WCC,,1,NEW_2232,NEW_shp-232-01,1,1
NEW_1194020,232,NEW_3,232 Cordata/WCC,,1,NEW_4232,NEW_shp-232-01,1,1
2053010,232,NEW_2,232 Cordata/WCC,,1,NEW_1232,NEW_shp-232-01,1,1
NEW_688020,232,NEW_3,232 Cordata/WCC,,1,NEW_1232,NEW_shp-232-01,1,1
1303010,232,NEW_2,232 Cordata/WCC,,1,NEW_2232,NEW_shp-232-01,1,1
NEW_808070,232,NEW_1,232 Cordata/WCC,,1,NEW_2232,NEW_shp-232-01,1,1
1158070,232,NEW_1,232 Cordata/WCC,,1,NEW_3232,NEW_shp-232-01,1,1
2259070,232,NEW_1,232 Cordata/WCC,,1,NEW_2232,NEW_shp-232-01,1,1
1948010,232,NEW_2,232 Cordata/WCC,,1,NEW_2232,NEW_shp-232-01,1,1
NEW_492070,232,NEW_1,232 Cordata/WCC,,1,NEW_1232,NEW_shp-232-01,1,1
352010,232,NEW_2,232 Cordata/WCC,,1,NEW_1232,NEW_shp-232-01,1,1
1317070,232,NEW_1,232 Cordata/WCC,,1,NEW_2232,NEW_shp-232-01,1,1
855020,232,NEW_3,232 Cordata/WCC,,1,NEW_3232,NEW_shp-232-01,1,1
2055020,232,NEW_3,232 Cordata/WCC,,1,NEW_2232,NEW_shp-232-01,1,1
1765070,232,NEW_1,232 Cordata/WCC,,1,NEW_2232,NEW_shp-232-01,1,1
510020,232,NEW_3,232 Cordata/WCC,,1,NEW_4232,NEW_shp-232-01,1,1
1113070,232,NEW_1,232 Cordata/WCC,,1,NEW_3232,NEW_shp-232-01,1,1
NEW_1337070,232,NEW_1,232 Cordata/WCC,,1,NEW_4232,NEW_shp-232-01,1,1
2261070,232,NEW_1,232 Cordata/WCC,,1,NEW_1232,NEW_shp-232-01,1,1
148010,232,NEW_2,232 Cordata/WCC,,1,NEW_2232,NEW_shp-232-01,1,1
2275010,232,NEW_2,232 Cordata/WCC,,1,NEW_2232,NEW_shp-232-01,1,1
1060070,232,NEW_1,232 Cordata/WCC,,1,NEW_4232,NEW_shp-232-01,1,1
NEW_45070,232,NEW_1,232 Cordata/WCC,,1,NEW_1232,NEW_shp-232-01,1,1
NEW_266070,232,NEW_1,232 Cordata/WCC,,1,NEW_4232,NEW_shp-232-01,1,1
NEW_455020,232,NEW_3,232 Cordata/WCC,,1,NEW_5232,NEW_shp-232-01,1,1
NEW_1461020,232,NEW_3,232 Cordata/WCC,,1,NEW_1232,NEW_shp-232-01,1,1
1042070,232,NEW_1,232 Cordata/WCC,,1,NEW_2232,NEW_shp-232-01,1,1
708010,232,NEW_2,232 Cordata/WCC,,1,NEW_1232,NEW_shp-232-01,1,1
772070,232,NEW_1,232 Cordata/WCC,,1,NEW_4232,NEW_shp-232-01,1,1
NEW_1627020,232,NEW_3,232 Cordata/WCC,,1,NEW_2232,NEW_shp-232-01,1,1
NEW_438020,232,NEW_3,232 Cordata/WCC,,1,NEW_2232,NEW_shp-232-01,1,1
936070,232,NEW_1,232 Cordata/WCC,,1,NEW_3232,NEW_shp-232-01,1,1
1512020,232,NEW_3,232 Cordata/WCC,,1,NEW_2232,NEW_shp-232-01,1,1
NEW_434020,232,NEW_3,232 Cordata/WCC,,1,NEW_5232,NEW_shp-232-01,1,1
874010,232,NEW_2,232 Cordata/WCC,,1,NEW_2232,NEW_shp-232-01,1,1
1101010,232,NEW_2,232 Cordata/WCC,,1,NEW_1232,NEW_shp-232-01,1,1
NEW_2089010,232,NEW_2,232 Cordata/WCC,,1,NEW_2232,NEW_shp-232-01,1,1
NEW_1431020,232,NEW_3,232 Cordata/WCC,,1,NEW_1232,NEW_shp-232-01,1,1
709070,232,NEW_1,232 Cordata/WCC,,1,NEW_2232,NEW_shp-232-01,1,1
1556070,232,NEW_1,232 Cordata/WCC,,1,NEW_1232,NEW_shp-232-01,1,1
NEW_1398020,232,NEW_3,232 Cordata/WCC,,1,NEW_1232,NEW_shp-232-01,1,1
NEW_625020,232,NEW_3,232 Cordata/WCC,,1,NEW_2232,NEW_shp-232-01,1,1
NEW_1805020,232,NEW_3,232 Cordata/WCC,,1,NEW_3232,NEW_shp-232-01,1,1
NEW_71020,232,NEW_3,232 Cordata/WCC,,1,NEW_4232,NEW_shp-232-01,1,1
NEW_58010,232,NEW_2,232 Cordata/WCC,,1,NEW_1232,NEW_shp-232-01,1,1
NEW_2140020,232,NEW_3,232 Cordata/WCC,,1,NEW_1232,NEW_shp-232-01,1,1
2029010,232,NEW_2,232 Cordata/WCC,,1,NEW_1232,NEW_shp-232-01,1,1
735020,232,NEW_3,232 Cordata/WCC,,1,NEW_2232,NEW_shp-232-01,1,1
2526020,232,NEW_3,232 Cordata/WCC,,1,NEW_1232,NEW_shp-232-01,1,1
563070,232,NEW_1,232 Cordata/WCC,,1,NEW_1232,NEW_shp-232-01,1,1
NEW_700020,232,NEW_3,232 Cordata/WCC,,1,NEW_4232,NEW_shp-232-01,1,1
1501070,232,NEW_1,232 Cordata/WCC,,1,NEW_4232,NEW_shp-232-01,1,1
NEW_1938070,232,NEW_1,232 Cordata/WCC,,1,NEW_2232,NEW_shp-232-01,1,1
2478010,232,NEW_2,232 Cordata/WCC,,1,NEW_2232,NEW_shp-232-01,1,1
2350070,232,NEW_1,232 Cordata/WCC,,1,NEW_1232,NEW_shp-232-01,1,1
NEW_2077020,232,NEW_3,232 Cordata/WCC,,1,NEW_1232,NEW_shp-232-01,1,1
60020,232,NEW_3,232 Cordata/WCC,,1,NEW_4232,NEW_shp-232-01,1,1
1001010,232,NEW_2,232 Cordata/WCC,,1,NEW_2232,NEW_shp-232-01,1,1
396070,232,NEW_1,232 Cordata/WCC,,1,NEW_3232,NEW_shp-232-01,1,1
384020,232,NEW_3,232 Cordata/WCC,,1,NEW_3232,NEW_shp-232-01,1,1
NEW_906020,232,NEW_3,232 Cordata/WCC,,1,NEW_4232,NEW_shp-232-01,1,1
NEW_1551070,232,NEW_1,232 Cordata/WCC,,1,NEW_4232,NEW_shp-232-01,1,1
NEW_175020,232,NEW_3,232 Cordata/WCC,,1,NEW_4232,NEW_shp-232-01,1,1
731020,232,NEW_3,232 Cordata/WCC,,1,NEW_2232,NEW_shp-232-01,1,1
2215010,232,NEW_2,232 Cordata/WCC,,1,NEW_1232,NEW_shp-232-01,1,1
699070,232,NEW_1,232 Cordata/WCC,,1,NEW_2232,NEW_shp-232-01,1,1
2085070,232,NEW_1,232 Cordata/WCC,,1,NEW_3232,NEW_shp-232-01,1,1
122020,232,NEW_3,232 Cordata/WCC,,1,NEW_1232,NEW_shp-232-01,1,1
NEW_1903020,232,NEW_3,232 Cordata/WCC,,1,NEW_2232,NEW_shp-232-01,1,1
2015070,232,NEW_1,232 Cordata/WCC,,1,NEW_4232,NEW_shp-232-01,1,1
607010,232,NEW_2,232 Cordata/WCC,,1,NEW_1232,NEW_shp-232-01,1,1
1298010,232,NEW_2,232 Cordata/WCC,,1,NEW_1232,NEW_shp-232-01,1,1
NEW_554020,232,NEW_3,232 Cordata/WCC,,1,NEW_3232,NEW_shp-232-01,1,1
10020,232,NEW_3,232 Cordata/WCC,,1,NEW_2232,NEW_shp-232-01,1,1
575070,232,NEW_1,232 Cordata/WCC,,1,NEW_1232,NEW_shp-232-01,1,1
252010,232,NEW_2,232 Cordata/WCC,,1,NEW_1232,NEW_shp-232-01,1,1
619070,232,NEW_1,232 Cordata/WCC,,1,NEW_2232,NEW_shp-232-01,1,1
NEW_1828070,232,NEW_1,232 Cordata/WCC,,1,NEW_1232,NEW_shp-232-01,1,1
NEW_722020,232,NEW_3,232 Cordata/WCC,,1,NEW_5232,NEW_shp-232-01,1,1
NEW_309020,232,NEW_3,232 Cordata/WCC,,1,NEW_1232,NEW_shp-232-01,1,1
NEW_2175070,232,NEW_1,232 Cordata/WCC,,1,NEW_1232,NEW_shp-232-01,1,1
NEW_1193020,232,NEW_3,232 Cordata/WCC,,1,NEW_1232,NEW_shp-232-01,1,1
NEW_1143020,232,NEW_3,232 Cordata/WCC,,1,NEW_5232,NEW_shp-232-01,1,1
349070,232,NEW_1,232 Cordata/WCC,,1,NEW_4232,NEW_shp-232-01,1,1
NEW_1140070,232,NEW_1,232 Cordata/WCC,,1,NEW_3232,NEW_shp-232-01,1,1
1755020,232,NEW_3,232 Cordata/WCC,,1,NEW_1232,NEW_shp-232-01,1,1
NEW_1104020,232,NEW_3,232 Cordata/WCC,,1,NEW_1232,NEW_shp-232-01,1,1
125070,232,NEW_1,232 Cordata/WCC,,1,NEW_3232,NEW_shp-232-01,1,1
1249070,232,NEW_1,232 Cordata/WCC,,1,NEW_4232,NEW_shp-232-01,1,1
1464070,232,NEW_1,232 Cordata/WCC,,1,NEW_3232,NEW_shp-232-01,1,1
751020,232,NEW_3,232 Cordata/WCC,,1,NEW_1232,NEW_shp-232-01,1,1
NEW_2272070,232,NEW_1,232 Cordata/WCC,,1,NEW_4232,NEW_shp-232-01,1,1
2109020,232,NEW_3,232 Cordata/WCC,,1,NEW_3232,NEW_shp-232-01,1,1
235070,232,NEW_1,232 Cordata/WCC,,1,NEW_2232,NEW_shp-232-01,1,1
1748070,232,NEW_1,232 Cordata/WCC,,1,NEW_4232,NEW_shp-232-01,1,1
836020,232,NEW_3,232 Cordata/WCC,,1,NEW_2232,NEW_shp-232-01,1,1
NEW_1650020,232,NEW_3,232 Cordata/WCC,,1,NEW_1232,NEW_shp-232-01,1,1
170010,232,NEW_2,232 Cordata/WCC,,1,NEW_2232,NEW_shp-232-01,1,1
NEW_2519020,232,NEW_3,232 Cordata/WCC,,1,NEW_3232,NEW_shp-232-01,1,1
NEW_620020,232,NEW_3,232 Cordata/WCC,,1,NEW_3232,NEW_shp-232-01,1,1
1485070,232,NEW_1,232 Cordata/WCC,,1,NEW_2232,NEW_shp-232-01,1,1
1376020,232,NEW_3,232 Cordata/WCC,,1,NEW_3232,NEW_shp-232-01,1,1
NEW_1757020,232,NEW_3,232 Downtown,,0,NEW_1331,NEW_shp-232-51,1,1
NEW_1157070,232,NEW_1,232 Downtown,,0,NEW_1331,NEW_shp-232-51,1,1
NEW_618020,232,NEW_3,232 Downtown,,0,NEW_4331,NEW_shp-232-51,1,1
755020,232,NEW_3,232 Downtown,,0,NEW_2331,NEW_shp-232-51,1,1
830070,232,NEW_1,232 Downtown,,0,NEW_4331,NEW_shp-232-51,1,1
1299010,232,NEW_2,232 Downtown,,0,NEW_1331,NEW_shp-232-51,1,1
1661020,232,NEW_3,232 Downtown,,0,NEW_4331,NEW_shp-232-51,1,1
209020,232,NEW_3,232 Downtown,,0,NEW_3331,NEW_shp-232-51,1,1
2065010,232,NEW_2,232 Downtown,,0,NEW_1331,NEW_shp-232-51,1,1
NEW_141020,232,NEW_3,232 Downtown,,0,NEW_1331,NEW_shp-232-51,1,1
2027070,232,NEW_1,232 Downtown,,0,NEW_1331,NEW_shp-232-51,1,1
1807020,232,NEW_3,232 Downtown,,0,NEW_5331,NEW_shp-232-51,1,1
1565010,232,NEW_2,232 Downtown,,0,NEW_2331,NEW_shp-232-51,1,1
622010,232,NEW_2,232 Downtown,,0,NEW_2331,NEW_shp-232-51,1,1
1175070,232,NEW_1,232 Downtown,,0,NEW_4331,NEW_shp-232-51,1,1
NEW_409010,232,NEW_2,232 Downtown,,0,NEW_1331,NEW_shp-232-51,1,1
2507020,232,NEW_3,232 Downtown,,0,NEW_2331,NEW_shp-232-51,1,1
1941010,232,NEW_2,232 Downtown,,0,NEW_1331,NEW_shp-232-51,1,1
382020,232,NEW_3,232 Downtown,,0,NEW_4331,NEW_shp-232-51,1,1
NEW_1105070,232,NEW_1,232 Downtown,,0,NEW_4331,NEW_shp-232-51,1,1
2148070,232,NEW_1,232 Downtown,,0,NEW_4331,NEW_shp-232-51,1,1
NEW_631010,232,NEW_2,232 Downtown,,0,NEW_1331,NEW_shp-232-51,1,1
1252020,232,NEW_3,232 Downtown,,0,NEW_2331,NEW_shp-232-51,1,1
NEW_1207020,232,NEW_3,232 Downtown,,0,NEW_4331,NEW_shp-232-51,1,1
NEW_1020070,232,NEW_1,232 Downtown,,0,NEW_3331,NEW_shp-232-51,1,1
NEW_2201070,232,NEW_1,232 Downtown,,0,NEW_2331,NEW_shp-232-51,1,1
NEW_193070,232,NEW_1,232 Downtown,,0,NEW_4331,NEW_shp-232-51,1,1
1857070,232,NEW_1,232 Downtown,,0,NEW_1331,NEW_shp-232-51,1,1
NEW_1199070,232,NEW_1,232 Downtown,,0,NEW_3331,NEW_shp-232-51,1,1
1914020,232,NEW_3,232 Downtown,,0,NEW_3331,NEW_shp-232-51,1,1
NEW_113020,232,NEW_3,232 Downtown,,0,NEW_4331,NEW_shp-232-51,1,1
NEW_1624010,232,NEW_2,232 Downtown,,0,NEW_2331,NEW_shp-232-51,1,1
794010,232,NEW_2,232 Downtown,,0,NEW_1331,NEW_shp-232-51,1,1
1149020,232,NEW_3,232 Downtown,,0,NEW_1331,NEW_shp-232-51,1,1
227020,232,NEW_3,232 Downtown,,0,NEW_5331,NEW_shp-232-51,1,1
NEW_1138020,232,NEW_3,232 Downtown,,0,NEW_4331,NEW_shp-232-51,1,1
NEW_2136010,232,NEW_2,232 Downtown,,0,NEW_2331,NEW_shp-232-51,1,1
1203020,232,NEW_3,232 Downtown,,0,NEW_5331,NEW_shp-232-51,1,1
NEW_2510070,232,NEW_1,232 Downtown,,0,NEW_3331,NEW_shp-232-51,1,1
NEW_1899070,232,NEW_1,232 Downtown,,0,NEW_2331,NEW_shp-232-51,1,1
2147070,232,NEW_1,232 Downtown,,0,NEW_3331,NEW_shp-232-51,1,1
2428020,232,NEW_3,232 Downtown,,0,NEW_4331,NEW_shp-232-51,1,1
2330070,232,NEW_1,232 Downtown,,0,NEW_2331,NEW_shp-232-51,1,1
2041020,232,NEW_3,232 Downtown,,0,NEW_2331,NEW_shp-232-51,1,1
1679020,232,NEW_3,232 Downtown,,0,NEW_3331,NEW_shp-232-51,1,1
988020,232,NEW_3,232 Downtown,,0,NEW_3331,NEW_shp-232-51,1,1
NEW_509010,232,NEW_2,232 Downtown,,0,NEW_2331,NEW_shp-232-51,1,1
NEW_2384020,232,NEW_3,232 Downtown,,0,NEW_4331,NEW_shp-232-51,1,1
1319020,232,NEW_3,232 Downtown,,0,NEW_4331,NEW_shp-232-51,1,1
NEW_621070,232,NEW_1,232 Downtown,,0,NEW_1331,NEW_shp-232-51,1,1
1328070,232,NEW_1,232 Downtown,,0,NEW_2331,NEW_shp-232-51,1,1
424020,232,NEW_3,232 Downtown,,0,NEW_4331,NEW_shp-232-51,1,1
367010,232,NEW_2,232 Downtown,,0,NEW_1331,NEW_shp-232-51,1,1
NEW_108070,232,NEW_1,232 Downtown,,0,NEW_2331,NEW_shp-232-51,1,1
NEW_1500020,232,NEW_3,232 Downtown,,0,NEW_3331,NEW_shp-232-51,1,1
522070,232,NEW_1,232 Downtown,,0,NEW_2331,NEW_shp-232-51,1,1
921010,232,NEW_2,232 Downtown,,0,NEW_2331,NEW_shp-232-51,1,1
NEW_1793070,232,NEW_1,232 Downtown,,0,NEW_2331,NEW_shp-232-51,1,1
769010,232,NEW_2,232 Downtown,,0,NEW_2331,NEW_shp-232-51,1,1
NEW_632070,232,NEW_1,232 Downtown,,0,NEW_3331,NEW_shp-232-51,1,1
2325070,232,NEW_1,232 Downtown,,0,NEW_4331,NEW_shp-232-51,1,1
1769070,232,NEW_1,232 Downtown,,0,NEW_4331,NEW_shp-232-51,1,1
1435070,232,NEW_1,232 Downtown,,0,NEW_1331,NEW_shp-232-51,1,1
2298070,232,NEW_1,232 Downtown,,0,NEW_1331,NEW_shp-232-51,1,1
2045020,232,NEW_3,232 Downtown,,0,NEW_2331,NEW_shp-232-51,1,1
1588070,232,NEW_1,232 Downtown,,0,NEW_2331,NEW_shp-232-51,1,1
NEW_126020,232,NEW_3,232 Downtown,,0,NEW_2331,NEW_shp-232-51,1,1
1038010,232,NEW_2,232 Downtown,,0,NEW_1331,NEW_shp-232-51,1,1
190020,232,NEW_3,232 Downtown,,0,NEW_2331,NEW_shp-232-51,1,1
1932010,232,NEW_2,232 Downtown,,0,NEW_1331,NEW_shp-232-51,1,1
847070,232,NEW_1,232 Downtown,,0,NEW_3331,NEW_shp-232-51,1,1
12070,232,NEW_1,232 Downtown,,0,NEW_4331,NEW_shp-232-51,1,1
506010,232,NEW_2,232 Downtown,,0,NEW_2331,NEW_shp-232-51,1,1
1609020,232,NEW_3,232 Downtown,,0,NEW_2331,NEW_shp-232-51,1,1
NEW_74070,232,NEW_1,232 Downtown,,0,NEW_2331,NEW_shp-232-51,1,1
NEW_1482020,232,NEW_3,232 Downtown,,0,NEW_3331,NEW_shp-232-51,1,1
1300020,232,NEW_3,232 Downtown,,0,NEW_4331,NEW_shp-232-51,1,1
1958070,232,NEW_1,232 Downtown,,0,NEW_3331,NEW_shp-232-51,1,1
NEW_1012070,232,NEW_1,232 Downtown,,0,NEW_4331,NEW_shp-232-51,1,1
1236070,232,NEW_1,232 Downtown,,0,NEW_4331,NEW_shp-232-51,1,1
NEW_85020,232,NEW_3,232 Downtown,,0,NEW_1331,NEW_shp-232-51,1,1
NEW_3020,232,NEW_3,232 Downtown,,0,NEW_1331,NEW_shp-232-51,1,1
865070,232,NEW_1,232 Downtown,,0,NEW_4331,NEW_shp-232-51,1,1
617010,232,NEW_2,232 Downtown,,0,NEW_1331,NEW_shp-232-51,1,1
858070,232,NEW_1,232 Downtown,,0,NEW_2331,NEW_shp-232-51,1,1
2496020,232,NEW_3,232 Downtown,,0,NEW_1331,NEW_shp-232-51,1,1
727070,232,NEW_1,232 Downtown,,0,NEW_2331,NEW_shp-232-51,1,1
1695020,232,NEW_3,232 Downtown,,0,NEW_3331,NEW_shp-232-51,1,1
2371020,232,NEW_3,232 Downtown,,0,NEW_3331,NEW_shp-232-51,1,1
2017010,232,NEW_2,232 Downtown,,0,NEW_2331,NEW_shp-232-51,1,1
653070,232,NEW_1,232 Downtown,,0,NEW_1331,NEW_shp-232-51,1,1
NEW_1667020,232,NEW_3,232 Downtown,,0,NEW_2331,NEW_shp-232-51,1,1
NEW_753020,232,NEW_3,232 Downtown,,0,NEW_1331,NEW_shp-232-51,1,1
1048070,232,NEW_1,232 Downtown,,0,NEW_2331,NEW_shp-232-51,1,1
1918070,232,NEW_1,232 Downtown,,0,NEW_4331,NEW_shp-232-51,1,1
486020,232,NEW_3,232 Downtown,,0,NEW_4331,NEW_shp-232-51,1,1
1068010,232,NEW_2,232 Downtown,,0,NEW_2331,NEW_shp-232-51,1,1
NEW_668010,232,NEW_2,232 Downtown,,0,NEW_1331,NEW_shp-232-51,1,1
263010,232,NEW_2,232 Downtown,,0,NEW_2331,NEW_shp-232-51,1,1
NEW_1511020,232,NEW_3,232 Downtown,,0,NEW_5331,NEW_shp-232-51,1,1
NEW_2079020,232,NEW_3,232 Downtown,,0,NEW_5331,NEW_shp-232-51,1,1
612070,232,NEW_1,232 Downtown,,0,NEW_1331,NEW_shp-232-51,1,1
1888010,232,NEW_2,232 Downtown,,0,NEW_1331,NEW_shp-232-51,1,1
50020,232,NEW_3,232 Downtown,,0,NEW_4331,NEW_shp-232-51,1,1
NEW_2437020,232,NEW_3,232 Downtown,,0,NEW_3331,NEW_shp-232-51,1,1
NEW_1567070,232,NEW_1,232 Downtown,,0,NEW_3331,NEW_shp-232-51,1,1
NEW_1952020,232,NEW_3,232 Downtown,,0,NEW_3331,NEW_shp-232-51,1,1
733020,232,NEW_3,232 Downtown,,0,NEW_1331,NEW_shp-232-51,1,1
NEW_1844010,232,NEW_2,232 Downtown,,0,NEW_2331,NEW_shp-232-51,1,1
NEW_1751020,232,NEW_3,232 Downtown,,0,NEW_2331,NEW_shp-232-51,1,1
NEW_2491020,232,NEW_3,232 Downtown,,0,NEW_3331,NEW_shp-232-51,1,1
1738070,232,NEW_1,232 Downtown,,0,NEW_1331,NEW_shp-232-51,1,1
NEW_2023020,232,NEW_3,232 Downtown,,0,NEW_2331,NEW_shp-232-51,1,1
2295070,232,NEW_1,232 Downtown,,0,NEW_1331,NEW_shp-232-51,1,1
1000020,232,NEW_3,232 Downtown,,0,NEW_1331,NEW_shp-232-51,1,1
NEW_446020,232,NEW_3,232 Downtown,,0,NEW_1331,NEW_shp-232-51,1,1
1223070,232,NEW_1,232 Downtown,,0,NEW_2331,NEW_shp-232-51,1,1
NEW_1094020,232,NEW_3,232 Downtown,,0,NEW_1331,NEW_shp-232-51,1,1
NEW_371020,232,NEW_3,232 Downtown,,0,NEW_4331,NEW_shp-232-51,1,1
1495020,232,NEW_3,232 Downtown,,0,NEW_3331,NEW_shp-232-51,1,1
NEW_518020,24,NEW_3,24 Cordata/WCC,,1,NEW_43,NEW_shp-24-01,1,1
NEW_2410020,24,NEW_3,24 Cordata/WCC,,1,NEW_13,NEW_shp-24-01,1,1
1978070,24,NEW_1,24 Cordata/WCC,,1,NEW_23,NEW_shp-24-01,1,1
1132020,24,NEW_3,24 Cordata/WCC,,1,NEW_214,NEW_shp-24-01,1,1
NEW_651070,24,NEW_1,24 Cordata/WCC,,1,NEW_329,NEW_shp-24-01,1,1
605010,24,NEW_2,24 Cordata/WCC,,1,NEW_114,NEW_shp-24-01,1,1
NEW_1663020,24,NEW_3,24 Cordata/WCC,,1,NEW_214,NEW_shp-24-01,1,1
NEW_2132070,24,NEW_1,24 Cordata/WCC,,1,NEW_43,NEW_shp-24-01,1,1
245070,24,NEW_1,24 Cordata/WCC,,1,NEW_23,NEW_shp-24-01,1,1
502070,24,NEW_1,24 Cordata/WCC,,1,NEW_13,NEW_shp-24-01,1,1
NEW_330020,24,NEW_3,24 Cordata/WCC,,1,NEW_23,NEW_shp-24-01,1,1
1334070,24,NEW_1,24 Cordata/WCC,,1,NEW_23,NEW_shp-24-01,1,1
1352070,24,NEW_1,24 Cordata/WCC,,1,NEW_429,NEW_shp-24-01,1,1
NEW_2440020,24,NEW_3,24 Cordata/WCC,,1,414,NEW_shp-24-01,1,1
2274020,24,NEW_3,24 Cordata/WCC,,1,NEW_33,NEW_shp-24-01,1,1
302010,24,NEW_2,24 Cordata/WCC,,1,NEW_114,NEW_shp-24-01,1,1
581020,24,NEW_3,24 Cordata/WCC,,1,NEW_43,NEW_shp-24-01,1,1
2278020,24,NEW_3,24 Cordata/WCC,,1,NEW_13,NEW_shp-24-01,1,1
1569070,24,NEW_1,24 Cordata/WCC,,1,NEW_429,NEW_shp-24-01,1,1
479070,24,NEW_1,24 Cordata/WCC,,1,NEW_33,NEW_shp-24-01,1,1
NEW_2312020,24,NEW_3,24 Cordata/WCC,,1,NEW_43,NEW_shp-24-01,1,1
1563070,24,NEW_1,24 Cordata/WCC,,1,NEW_43,NEW_shp-24-01,1,1
NEW_970010,24,NEW_2,24 Cordata/WCC,,1,NEW_214,NEW_shp-24-01,1,1
NEW_218070,24,NEW_1,24 Cordata/WCC,,1,NEW_329,NEW_shp-24-01,1,1
2321010,24,NEW_2,24 Cordata/WCC,,1,NEW_114,NEW_shp-24-01,1,1
256010,24,NEW_2,24 Cordata/WCC,,1,NEW_114,NEW_shp-24-01,1,1
NEW_2191070,24,NEW_1,24 Cordata/WCC,,1,NEW_13,NEW_shp-24-01,1,1
2431020,24,NEW_3,24 Cordata/WCC,,1,NEW_33,NEW_shp-24-01,1,1
186010,24,NEW_2,24 Cordata/WCC,,1,NEW_214,NEW_shp-24-01,1,1
NEW_2392020,24,NEW_3,24 Cordata/WCC,,1,414,NEW_shp-24-01,1,1
775070,24,NEW_1,24 Cordata/WCC,,1,NEW_13,NEW_shp-24-01,1,1
497020,24,NEW_3,24 Cordata/WCC,,1,NEW_13,NEW_shp-24-01,1,1
NEW_738010,24,NEW_2,24 Cordata/WCC,,1,NEW_114,NEW_shp-24-01,1,1
NEW_1208010,24,NEW_2,24 Cordata/WCC,,1,NEW_214,NEW_shp-24-01,1,1
2162020,24,NEW_3,24 Cordata/WCC,,1,NEW_23,NEW_shp-24-01,1,1
2359010,24,NEW_2,24 Cordata/WCC,,1,NEW_214,NEW_shp-24-01,1,1
1028010,24,NEW_2,24 Cordata/WCC,,1,NEW_214,NEW_shp-24-01,1,1
NEW_1151020,24,NEW_3,24 Cordata/WCC,,1,NEW_33,NEW_shp-24-01,1,1
1504070,24,NEW_1,24 Cordata/WCC,,1,NEW_33,NEW_shp-24-01,1,1
1945070,24,NEW_1,24 Cordata/WCC,,1,NEW_43,NEW_shp-24-01,1,1
1867020,24,NEW_3,24 Cordata/WCC,,1,NEW_23,NEW_shp-24-01,1,1
NEW_712010,24,NEW_2,24 Cordata/WCC,,1,NEW_114,NEW_shp-24-01,1,1
1231010,24,NEW_2,24 Cordata/WCC,,1,NEW_214,NEW_shp-24-01,1,1
1961010,24,NEW_2,24 Tremont,,0,NEW_214,NEW_shp-24-51,1,1
305020,24,NEW_3,24 Tremont,,0,NEW_13,NEW_shp-24-51,1,1
573010,24,NEW_2,24 Tremont,,0,NEW_214,NEW_shp-24-51,1,1
435020,24,NEW_3,24 Tremont,,0,NEW_43,NEW_shp-24-51,1,1
886020,24,NEW_3,24 Tremont,,0,NEW_23,NEW_shp-24-51,1,1
1731070,24,NEW_1,24 Tremont,,0,NEW_43,NEW_shp-24-51,1,1
NEW_440070,24,NEW_1,24 Tremont,,0,NEW_13,NEW_shp-24-51,1,1
863020,24,NEW_3,24 Tremont,,0,NEW_43,NEW_shp-24-51,1,1
NEW_740010,24,NEW_2,24 Tremont,,0,NEW_114,NEW_shp-24-51,1,1
NEW_1492020,24,NEW_3,24 Tremont,,0,NEW_23,NEW_shp-24-51,1,1
1477070,24,NEW_1,24 Tremont,,0,NEW_429,NEW_shp-24-51,1,1
2225020,24,NEW_3,24 Tremont,,0,NEW_13,NEW_shp-24-51,1,1
547020,24,NEW_3,24 Tremont,,0,NEW_43,NEW_shp-24-51,1,1
1954070,24,NEW_1,24 Tremont,,0,NEW_23,NEW_shp-24-51,1,1
NEW_1469070,24,NEW_1,24 Tremont,,0,NEW_43,NEW_shp-24-51,1,1
NEW_1629020,24,NEW_3,24 Tremont,,0,414,NEW_shp-24-51,1,1
NEW_1749070,24,NEW_1,24 Tremont,,0,NEW_13,NEW_shp-24-51,1,1
268020,24,NEW_3,24 Tremont,,0,NEW_33,NEW_shp-24-51,1,1
22020,24,NEW_3,24 Tremont,,0,NEW_33,NEW_shp-24-51,1,1
1970010,24,NEW_2,24 Tremont,,0,NEW_114,NEW_shp-24-51,1,1
NEW_1845020,24,NEW_3,24 Tremont,,0,NEW_214,NEW_shp-24-51,1,1
2078010,24,NEW_2,24 Tremont,,0,NEW_114,NEW_shp-24-51,1,1
1998010,24,NEW_2,24 Tremont,,0,NEW_114,NEW_shp-24-51,1,1
1345070,24,NEW_1,24 Tremont,,0,NEW_23,NEW_shp-24-51,1,1
1698010,24,NEW_2,24 Tremont,,0,NEW_114,NEW_shp-24-51,1,1
1295070,24,NEW_1,24 Tremont,,0,NEW_33,NEW_shp-24-51,1,1
NEW_784010,24,NEW_2,24 Tremont,,0,NEW_114,NEW_shp-24-51,1,1
944020,24,NEW_3,24 Tremont,,0,NEW_214,NEW_shp-24-51,1,1
NEW_487070,24,NEW_1,24 Tremont,,0,NEW_329,NEW_shp-24-51,1,1
NEW_1161020,24,NEW_3,24 Tremont,,0,NEW_23,NEW_shp-24-51,1,1
NEW_274020,24,NEW_3,24 Tremont,,0,414,NEW_shp-24-51,1,1
2134010,24,NEW_2,24 Tremont,,0,NEW_214,NEW_shp-24-51,1,1
647070,24,NEW_1,24 Tremont,,0,NEW_23,NEW_shp-24-51,1,1
627020,24,NEW_3,24 Tremont,,0,NEW_33,NEW_shp-24-51,1,1
2349010,24,NEW_2,24 Tremont,,0,NEW_214,NEW_shp-24-51,1,1
37070,24,NEW_1,24 Tremont,,0,NEW_33,NEW_shp-24-51,1,1
47070,24,NEW_1,24 Tremont,,0,NEW_329,NEW_shp-24-51,1,1
1956010,24,NEW_2,24 Tremont,,0,NEW_214,NEW_shp-24-51,1,1
NEW_261010,24,NEW_2,24 Tremont,,0,NEW_214,NEW_shp-24-51,1,1
105070,24,NEW_1,24 Tremont,,0,NEW_429,NEW_shp-24-51,1,1
NEW_2207070,24,NEW_1,24 Tremont,,0,NEW_13,NEW_shp-24-51,1,1
2060020,24,NEW_3,24 Tremont,,0,NEW_13,NEW_shp-24-51,1,1
1519070,24,NEW_1,24 Tremont,,0,NEW_43,NEW_shp-24-51,1,1
2193010,26,NEW_2,26 Cordata/WCC,,1,NEW_126,NEW_shp-26-01,1,1
931020,26,NEW_3,26 Cordata/WCC,,1,NEW_126,NEW_shp-26-01,1,1
NEW_1155070,26,NEW_1,26 Cordata/WCC,,1,NEW_226,NEW_shp-26-01,1,1
NEW_2098020,26,NEW_3,26 Cordata/WCC,,1,NEW_126,NEW_shp-26-01,1,1
2199010,26,NEW_2,26 Cordata/WCC,,1,NEW_126,NEW_shp-26-01,1,1
795020,26,NEW_3,26 Cordata/WCC,,1,NEW_126,NEW_shp-26-01,1,1
2273010,26,NEW_2,26 Cordata/WCC,,1,NEW_226,NEW_shp-26-01,1,1
1313070,26,NEW_1,26 Cordata/WCC,,1,NEW_126,NEW_shp-26-01,1,1
NEW_2181020,26,NEW_3,26 Cordata/WCC,,1,NEW_226,NEW_shp-26-01,1,1
778020,26,NEW_3,26 Cordata/WCC,,1,NEW_126,NEW_shp-26-02,1,1
NEW_860020,26,NEW_3,26 Cordata/WCC,,1,NEW_4232,NEW_shp-26-01,1,1
NEW_2178020,26,NEW_3,26 Cordata/WCC,,1,NEW_126,NEW_shp-26-01,1,1
NEW_2173010,26,NEW_2,26 Cordata/WCC,,1,NEW_226,NEW_shp-26-01,1,1
NEW_76070,26,NEW_1,26 Cordata/WCC,,1,NEW_226,NEW_shp-26-01,1,1
2489070,26,NEW_1,26 Cordata/WCC,,1,NEW_226,NEW_shp-26-01,1,1
1704070,26,NEW_1,26 Cordata/WCC,,1,NEW_126,NEW_shp-26-01,1,1
NEW_112010,26,NEW_2,26 Cordata/WCC,,1,NEW_126,NEW_shp-26-01,1,1
2532070,26,NEW_1,26 Cordata/WCC,,1,NEW_126,NEW_shp-26-01,1,1
80010,26,NEW_2,26 Cordata/WCC,,1,NEW_126,NEW_shp-26-01,1,1
41020,26,NEW_3,26 Cordata/WCC,,1,NEW_226,NEW_shp-26-01,1,1
1035020,26,NEW_3,26 Cordata/WCC,,1,NEW_126,NEW_shp-26-01,1,1
NEW_1383070,26,NEW_1,26 Cordata/WCC,,1,NEW_126,NEW_shp-26-01,1,1
714010,26,NEW_2,26 Cordata/WCC,,1,NEW_126,NEW_shp-26-01,1,1
7010,26,NEW_2,26 Cordata/WCC,,1,NEW_226,NEW_shp-26-01,1,1
1240070,26,NEW_1,26 Cordata/WCC,,1,NEW_126,NEW_shp-26-01,1,1
NEW_1297070,26,NEW_1,26 Cordata/WCC,,1,NEW_126,NEW_shp-26-01,1,1
1550070,26,NEW_1,26 Cordata/WCC,,1,NEW_226,NEW_shp-26-01,1,1
NEW_499020,26,NEW_3,26 Cordata/WCC,,1,NEW_226,NEW_shp-26-01,1,1
2040010,26,NEW_2,26 Cordata/WCC,,1,NEW_226,NEW_shp-26-01,1,1
NEW_469020,26,NEW_3,26 Cordata/WCC,,1,NEW_226,NEW_shp-26-01,1,1
706020,26,NEW_3,26 Cordata/WCC,,1,NEW_126,NEW_shp-26-01,1,1
925070,26,NEW_1,26 Cordata/WCC,,1,NEW_226,NEW_shp-26-01,1,1
NEW_1443020,26,NEW_3,26 Cordata/WCC,,1,NEW_126,NEW_shp-26-01,1,1
1294010,26,NEW_2,26 Cordata/WCC,,1,NEW_226,NEW_shp-26-01,1,1
854010,26,NEW_2,26 Cordata/WCC,,1,NEW_126,NEW_shp-26-01,1,1
NEW_1502020,26,NEW_3,26 Cordata/WCC,,1,NEW_226,NEW_shp-26-01,1,1
1702070,26,NEW_1,26 Cordata/WCC,,1,NEW_226,NEW_shp-26-01,1,1
NEW_810020,26,NEW_3,26 Cordata/WCC,,1,NEW_226,NEW_shp-26-01,1,1
NEW_1789070,26,NEW_1,26 Lynden,,0,NEW_226,NEW_shp-26-52,1,1
2198020,26,NEW_3,26 Lynden,,0,NEW_226,NEW_shp-26-52,1,1
1373020,26,NEW_3,26 Lynden,,0,NEW_126,NEW_shp-26-52,1,1
NEW_737020,26,NEW_3,26 Lynden,,0,NEW_4232,NEW_shp-26-51,1,1
NEW_473020,26,NEW_3,26 Lynden,,0,NEW_126,NEW_shp-26-52,1,1
1049010,26,NEW_2,26 Lynden,,0,NEW_126,NEW_shp-26-52,1,1
228070,26,NEW_1,26 Lynden,,0,NEW_226,NEW_shp-26-52,1,1
1982070,26,NEW_1,26 Lynden,,0,NEW_126,NEW_shp-26-52,1,1
2030020,26,NEW_3,26 Lynden,,0,NEW_126,NEW_shp-26-52,1,1
NEW_2432020,26,NEW_3,26 Lynden,,0,NEW_126,NEW_shp-26-52,1,1
NEW_2231010,26,NEW_2,26 Lynden,,0,NEW_226,NEW_shp-26-52,1,1
957010,26,NEW_2,26 Lynden,,0,NEW_126,NEW_shp-26-52,1,1
26070,26,NEW_1,26 Lynden,,0,NEW_126,NEW_shp-26-52,1,1
NEW_2123020,26,NEW_3,26 Lynden,,0,NEW_226,NEW_shp-26-52,1,1
567020,26,NEW_3,26 Lynden,,0,NEW_226,NEW_shp-26-52,1,1
1353010,26,NEW_2,26 Lynden,,0,NEW_126,NEW_shp-26-52,1,1
376070,26,NEW_1,26 Lynden,,0,NEW_126,NEW_shp-26-52,1,1
1088010,26,NEW_2,26 Lynden,,0,NEW_126,NEW_shp-26-52,1,1
1472010,26,NEW_2,26 Lynden,,0,NEW_226,NEW_shp-26-52,1,1
154020,26,NEW_3,26 Lynden,,0,NEW_126,NEW_shp-26-52,1,1
515010,26,NEW_2,26 Lynden,,0,NEW_226,NEW_shp-26-52,1,1
NEW_451020,26,NEW_3,26 Lynden,,0,NEW_126,NEW_shp-26-52,1,1
811070,26,NEW_1,26 Lynden,,0,NEW_226,NEW_shp-26-52,1,1
177020,26,NEW_3,26 Lynden,,0,NEW_126,NEW_shp-26-52,1,1
2498070,26,NEW_1,26 Lynden,,0,NEW_126,NEW_shp-26-52,1,1
520020,26,NEW_3,26 Lynden,,0,NEW_126,NEW_shp-26-52,1,1
NEW_1966010,26,NEW_2,26 Lynden,,0,NEW_126,NEW_shp-26-52,1,1
1583020,26,NEW_3,26 Lynden,,0,NEW_226,NEW_shp-26-52,1,1
1529070,26,NEW_1,26 Lynden,,0,NEW_126,NEW_shp-26-52,1,1
201010,26,NEW_2,26 Lynden,,0,NEW_126,NEW_shp-26-52,1,1
2366070,26,NEW_1,26 Lynden,,0,NEW_226,NEW_shp-26-51,1,1
1821020,26,NEW_3,26 Lynden,,0,NEW_226,NEW_shp-26-52,1,1
NEW_1089020,26,NEW_3,26 Lynden,,0,NEW_226,NEW_shp-26-52,1,1
129010,26,NEW_2,26 Lynden,,0,NEW_226,NEW_shp-26-52,1,1
NEW_115070,26,NEW_1,26 Lynden,,0,NEW_226,NEW_shp-26-52,1,1
NEW_439070,26,NEW_1,26 Lynden,,0,NEW_226,NEW_shp-26-52,1,1
1592010,26,NEW_2,26 Lynden,,0,NEW_226,NEW_shp-26-52,1,1
1181070,26,NEW_1,26 Lynden,,0,NEW_126,NEW_shp-26-52,1,1
NEW_1834010,27,NEW_2,27 Cordata/WCC,,1,NEW_127,NEW_shp-27-01,1,1
1794010,27,NEW_2,27 Cordata/WCC,,1,NEW_127,NEW_shp-27-01,1,1
NEW_1467070,27,NEW_1,27 Cordata/WCC,,1,NEW_13,NEW_shp-27-01,1,1
NEW_1425020,27,NEW_3,27 Cordata/WCC,,1,NEW_33,NEW_shp-27-01,1,1
1239010,27,NEW_2,27 Cordata/WCC,,1,NEW_127,NEW_shp-27-01,1,1
1891020,27,NEW_3,27 Cordata/WCC,,1,NEW_23,NEW_shp-27-01,1,1
NEW_335020,27,NEW_3,27 Cordata/WCC,,1,NEW_43,NEW_shp-27-01,1,1
NEW_289070,27,NEW_1,27 Cordata/WCC,,1,NEW_33,NEW_shp-27-01,1,1
576070,27,NEW_1,27 Cordata/WCC,,1,NEW_13,NEW_shp-27-01,1,1
725020,27,NEW_3,27 Cordata/WCC,,1,NEW_23,NEW_shp-27-01,1,1
1767020,27,NEW_3,27 Cordata/WCC,,1,NEW_23,NEW_shp-27-01,1,1
1576010,27,NEW_2,27 Cordata/WCC,,1,NEW_127,NEW_shp-27-01,1,1
1118020,27,NEW_3,27 Cordata/WCC,,1,NEW_43,NEW_shp-27-01,1,1
1429070,27,NEW_1,27 Cordata/WCC,,1,NEW_43,NEW_shp-27-01,1,1
1686020,27,NEW_3,27 Cordata/WCC,,1,NEW_43,NEW_shp-27-01,1,1
1604010,27,NEW_2,27 Cordata/WCC,,1,NEW_127,NEW_shp-27-01,1,1
NEW_1213070,27,NEW_1,27 Cordata/WCC,,1,NEW_33,NEW_shp-27-01,1,1
NEW_2462020,27,NEW_3,27 Cordata/WCC,,1,NEW_33,NEW_shp-27-01,1,1
533010,27,NEW_2,27 Cordata/WCC,,1,NEW_127,NEW_shp-27-01,1,1
1470020,27,NEW_3,27 Cordata/WCC,,1,NEW_13,NEW_shp-27-01,1,1
NEW_1802020,27,NEW_3,27 Cordata/WCC,,1,NEW_13,NEW_shp-27-01,1,1
861010,27,NEW_2,27 Cordata/WCC,,1,NEW_127,NEW_shp-27-01,1,1
893070,27,NEW_1,27 Cordata/WCC,,1,NEW_23,NEW_shp-27-01,1,1
NEW_453070,27,NEW_1,27 Cordata/WCC,,1,NEW_43,NEW_shp-27-01,1,1
310070,27,NEW_1,27 Cordata/WCC,,1,NEW_13,NEW_shp-27-01,1,1
1718020,27,NEW_3,27 Cordata/WCC,,1,NEW_43,NEW_shp-27-01,1,1
1573070,27,NEW_1,27 Cordata/WCC,,1,NEW_23,NEW_shp-27-01,1,1
NEW_1812020,27,NEW_3,27 Cordata/WCC,,1,NEW_43,NEW_shp-27-01,1,1
2311070,27,NEW_1,27 Cordata/WCC,,1,NEW_43,NEW_shp-27-01,1,1
2379010,27,NEW_2,27 Cordata/WCC,,1,NEW_127,NEW_shp-27-01,1,1
1103020,27,NEW_3,27 Cordata/WCC,,1,NEW_13,NEW_shp-27-01,1,1
NEW_1750020,27,NEW_3,27 Cordata/WCC,,1,NEW_33,NEW_shp-27-01,1,1
NEW_2090020,27,NEW_3,27 Cordata/WCC,,1,NEW_13,NEW_shp-27-01,1,1
1215070,27,NEW_1,27 Cordata/WCC,,1,NEW_33,NEW_shp-27-01,1,1
NEW_2342010,27,NEW_2,27 Ferndale,,0,NEW_127,NEW_shp-27-51,1,1
1395070,27,NEW_1,27 Ferndale,,0,NEW_13,NEW_shp-27-51,1,1
1726010,27,NEW_2,27 Ferndale,,0,NEW_127,NEW_shp-27-51,1,1
879070,27,NEW_1,27 Ferndale,,0,NEW_13,NEW_shp-27-51,1,1
171070,27,NEW_1,27 Ferndale,,0,NEW_23,NEW_shp-27-51,1,1
294010,27,NEW_2,27 Ferndale,,0,NEW_127,NEW_shp-27-51,1,1
654020,27,NEW_3,27 Ferndale,,0,NEW_43,NEW_shp-27-51,1,1
NEW_1662020,27,NEW_3,27 Ferndale,,0,NEW_43,NEW_shp-27-51,1,1
2369010,27,NEW_2,27 Ferndale,,0,NEW_127,NEW_shp-27-51,1,1
NEW_1006020,27,NEW_3,27 Ferndale,,0,NEW_33,NEW_shp-27-51,1,1
NEW_1593020,27,NEW_3,27 Ferndale,,0,NEW_13,NEW_shp-27-51,1,1
397020,27,NEW_3,27 Ferndale,,0,NEW_13,NEW_shp-27-51,1,1
NEW_2163070,27,NEW_1,27 Ferndale,,0,NEW_33,NEW_shp-27-51,1,1
351020,27,NEW_3,27 Ferndale,,0,NEW_33,NEW_shp-27-51,1,1
562070,27,NEW_1,27 Ferndale,,0,NEW_43,NEW_shp-27-51,1,1
NEW_2129020,27,NEW_3,27 Ferndale,,0,NEW_43,NEW_shp-27-51,1,1
1050010,27,NEW_2,27 Ferndale,,0,NEW_127,NEW_shp-27-51,1,1
1601070,27,NEW_1,27 Ferndale,,0,NEW_33,NEW_shp-27-51,1,1
656010,27,NEW_2,27 Ferndale,,0,NEW_127,NEW_shp-27-51,1,1
430020,27,NEW_3,27 Ferndale,,0,NEW_43,NEW_shp-27-51,1,1
NEW_675070,27,NEW_1,27 Ferndale,,0,NEW_43,NEW_shp-27-51,1,1
1304070,27,NEW_1,27 Ferndale,,0,NEW_13,NEW_shp-27-51,1,1
NEW_517010,27,NEW_2,27 Ferndale,,0,NEW_127,NEW_shp-27-51,1,1
710020,27,NEW_3,27 Ferndale,,0,NEW_23,NEW_shp-27-51,1,1
NEW_918020,27,NEW_3,27 Ferndale,,0,NEW_13,NEW_shp-27-51,1,1
57070,27,NEW_1,27 Ferndale,,0,NEW_43,NEW_shp-27-51,1,1
1603020,27,NEW_3,27 Ferndale,,0,NEW_23,NEW_shp-27-51,1,1
303020,27,NEW_3,27 Ferndale,,0,NEW_33,NEW_shp-27-51,1,1
NEW_339010,27,NEW_2,27 Ferndale,,0,NEW_127,NEW_shp-27-51,1,1
395070,27,NEW_1,27 Ferndale,,0,NEW_33,NEW_shp-27-51,1,1
NEW_1095020,27,NEW_3,27 Ferndale,,0,NEW_13,NEW_shp-27-51,1,1
NEW_892020,27,NEW_3,27 Ferndale,,0,NEW_43,NEW_shp-27-51,1,1
1516070,27,NEW_1,27 Ferndale,,0,NEW_23,NEW_shp-27-51,1,1
2066020,27,NEW_3,27 Ferndale,,0,NEW_23,NEW_shp-27-51,1,1
NEW_1487070,29,NEW_1,29 Cordata/WCC,,1,NEW_129,NEW_shp-29-01,1,1
NEW_356070,29,NEW_1,29 Cordata/WCC,,1,NEW_229,NEW_shp-29-01,1,1
NEW_1976010,29,NEW_2,29 Cordata/WCC,,1,NEW_226,NEW_shp-29-01,1,1
55070,29,NEW_1,29 Cordata/WCC,,1,NEW_129,NEW_shp-29-01,1,1
692020,29,NEW_3,29 Cordata/WCC,,1,314,NEW_shp-29-01,1,1
NEW_1681020,29,NEW_3,29 Cordata/WCC,,1,NEW_114,NEW_shp-29-01,1,1
658010,29,NEW_2,29 Cordata/WCC,,1,NEW_226,NEW_shp-29-01,1,1
NEW_1559070,29,NEW_1,29 Cordata/WCC,,1,NEW_229,NEW_shp-29-01,1,1
142070,29,NEW_1,29 Cordata/WCC,,1,NEW_129,NEW_shp-29-01,1,1
1442010,29,NEW_2,29 Cordata/WCC,,1,NEW_226,NEW_shp-29-01,1,1
592010,29,NEW_2,29 Cordata/WCC,,1,NEW_126,NEW_shp-29-01,1,1
2280070,29,NEW_1,29 Cordata/WCC,,1,NEW_129,NEW_shp-29-01,1,1
NEW_2443020,29,NEW_3,29 Cordata/WCC,,1,314,NEW_shp-29-01,1,1
NEW_1924070,29,NEW_1,29 Cordata/WCC,,1,NEW_229,NEW_shp-29-01,1,1
2472020,29,NEW_3,29 Cordata/WCC,,1,NEW_114,NEW_shp-29-01,1,1
1336010,29,NEW_2,29 Cordata/WCC,,1,NEW_226,NEW_shp-29-01,1,1
986010,29,NEW_2,29 Cordata/WCC,,1,NEW_226,NEW_shp-29-01,1,1
2546020,29,NEW_3,29 Cordata/WCC,,1,314,NEW_shp-29-01,1,1
2006010,29,NEW_2,29 Cordata/WCC,,1,NEW_126,NEW_shp-29-01,1,1
NEW_2460010,29,NEW_2,29 Cordata/WCC,,1,NEW_126,NEW_shp-29-01,1,1
889010,29,NEW_2,29 Cordata/WCC,,1,NEW_226,NEW_shp-29-01,1,1
1237070,29,NEW_1,29 Cordata/WCC,,1,NEW_229,NEW_shp-29-01,1,1
NEW_719020,29,NEW_3,29 Cordata/WCC,,1,314,NEW_shp-29-01,1,1
2364010,29,NEW_2,29 Cordata/WCC,,1,NEW_126,NEW_shp-29-01,1,1
NEW_1589020,29,NEW_3,29 Cordata/WCC,,1,NEW_114,NEW_shp-29-01,1,1
NEW_2063070,29,NEW_1,29 Cordata/WCC,,1,NEW_129,NEW_shp-29-01,1,1
948020,29,NEW_3,29 Cordata/WCC,,1,314,NEW_shp-29-01,1,1
NEW_2009070,29,NEW_1,29 Cordata/WCC,,1,NEW_229,NEW_shp-29-01,1,1
NEW_1096020,29,NEW_3,29 Cordata/WCC,,1,NEW_114,NEW_shp-29-01,1,1
2141010,29,NEW_2,29 Cordata/WCC,,1,NEW_126,NEW_shp-29-01,1,1
NEW_887020,29,NEW_3,29 Cordata/WCC,,1,314,NEW_shp-29-01,1,1
1170020,29,NEW_3,29 Cordata/WCC,,1,NEW_114,NEW_shp-29-01,1,1
2002010,29,NEW_2,29 Kline,,0,NEW_126,NEW_shp-29-51,1,1
206010,29,NEW_2,29 Kline,,0,NEW_126,NEW_shp-29-51,1,1
2426010,29,NEW_2,29 Kline,,0,NEW_226,NEW_shp-29-51,1,1
NEW_1168020,29,NEW_3,29 Kline,,0,314,NEW_shp-29-51,1,1
NEW_1167020,29,NEW_3,29 Kline,,0,NEW_114,NEW_shp-29-51,1,1
139070,29,NEW_1,29 Kline,,0,NEW_129,NEW_shp-29-51,1,1
288020,29,NEW_3,29 Kline,,0,NEW_114,NEW_shp-29-51,1,1
NEW_1188010,29,NEW_2,29 Kline,,0,NEW_126,NEW_shp-29-51,1,1
NEW_1242020,29,NEW_3,29 Kline,,0,314,NEW_shp-29-51,1,1
329070,29,NEW_1,29 Kline,,0,NEW_229,NEW_shp-29-51,1,1
NEW_2287070,29,NEW_1,29 Kline,,0,NEW_229,NEW_shp-29-51,1,1
1871070,29,NEW_1,29 Kline,,0,NEW_129,NEW_shp-29-51,1,1
NEW_2270020,29,NEW_3,29 Kline,,0,NEW_114,NEW_shp-29-51,1,1
NEW_965020,29,NEW_3,29 Kline,,0,314,NEW_shp-29-51,1,1
1386020,29,NEW_3,29 Kline,,0,314,NEW_shp-29-51,1,1
695020,29,NEW_3,29 Kline,,0,314,NEW_shp-29-51,1,1
1517010,29,NEW_2,29 Kline,,0,NEW_226,NEW_shp-29-51,1,1
1409070,29,NEW_1,29 Kline,,0,NEW_229,NEW_shp-29-51,1,1
NEW_251020,29,NEW_3,29 Kline,,0,314,NEW_shp-29-51,1,1
2169070,29,NEW_1,29 Kline,,0,NEW_129,NEW_shp-29-51,1,1
NEW_1677020,29,NEW_3,29 Kline,,0,NEW_114,NEW_shp-29-51,1,1
2475070,29,NEW_1,29 Kline,,0,NEW_229,NEW_shp-29-51,1,1
1481020,29,NEW_3,29 Kline,,0,NEW_114,NEW_shp-29-51,1,1
1697010,29,NEW_2,29 Kline,,0,NEW_226,NEW_shp-29-51,1,1
418070,29,NEW_1,29 Kline,,0,NEW_129,NEW_shp-29-51,1,1
NEW_2276070,29,NEW_1,29 Kline,,0,NEW_129,NEW_shp-29-51,1,1
1142010,29,NEW_2,29 Kline,,0,NEW_126,NEW_shp-29-51,1,1
2305010,29,NEW_2,29 Kline,,0,NEW_126,NEW_shp-29-51,1,1
1957010,29,NEW_2,29 Kline,,0,NEW_226,NEW_shp-29-51,1,1
NEW_211010,29,NEW_2,29 Kline,,0,NEW_226,NEW_shp-29-51,1,1
NEW_1090010,29,NEW_2,29 Kline,,0,NEW_226,NEW_shp-29-51,1,1
2057070,29,NEW_1,29 Kline,,0,NEW_229,NEW_shp-29-51,1,1
739070,3,NEW_1,3 Airport / Cordata,,1,NEW_33,NEW_shp-3-01,1,1
436020,3,NEW_3,3 Airport / Cordata,,1,NEW_13,NEW_shp-3-01,1,1
545010,3,NEW_2,3 Airport / Cordata,,1,NEW_23,NEW_shp-3-01,1,1
1886070,3,NEW_1,3 Airport / Cordata,,1,NEW_23,NEW_shp-3-01,1,1
1724020,3,NEW_3,3 Airport / Cordata,,1,NEW_23,NEW_shp-3-01,1,1
1341010,3,NEW_2,3 Airport / Cordata,,1,NEW_23,NEW_shp-3-01,1,1
480070,3,NEW_1,3 Airport / Cordata,,1,NEW_43,NEW_shp-3-01,1,1
145020,3,NEW_3,3 Airport / Cordata,,1,NEW_23,NEW_shp-3-01,1,1
NEW_866020,3,NEW_3,3 Airport / Cordata,,1,NEW_33,NEW_shp-3-01,1,1
1919070,3,NEW_1,3 Airport / Cordata,,1,NEW_13,NEW_shp-3-01,1,1
1523020,3,NEW_3,3 Airport / Cordata,,1,NEW_13,NEW_shp-3-01,1,1
1014010,3,NEW_2,3 Airport / Cordata,,1,NEW_13,NEW_shp-3-01,1,1
2396010,3,NEW_2,3 Airport / Cordata,,1,NEW_13,NEW_shp-3-01,1,1
1693070,3,NEW_1,3 Airport / Cordata,,1,NEW_43,NEW_shp-3-01,1,1
2470020,3,NEW_3,3 Airport / Cordata,,1,NEW_43,NEW_shp-3-01,1,1
NEW_191020,3,NEW_3,3 Airport / Cordata,,1,NEW_23,NEW_shp-3-01,1,1
NEW_2542020,3,NEW_3,3 Airport / Cordata,,1,NEW_43,NEW_shp-3-01,1,1
1981010,3,NEW_2,3 Airport / Cordata,,1,NEW_13,NEW_shp-3-01,1,1
2316070,3,NEW_1,3 Airport / Cordata,,1,NEW_13,NEW_shp-3-01,1,1
2285070,3,NEW_1,3 Airport / Cordata,,1,NEW_23,NEW_shp-3-01,1,1
NEW_244010,3,NEW_2,3 Airport / Cordata,,1,NEW_23,NEW_shp-3-01,1,1
146020,3,NEW_3,3 Airport / Cordata,,1,NEW_13,NEW_shp-3-01,1,1
1606010,3,NEW_2,3 Airport / Cordata,,1,NEW_13,NEW_shp-3-01,1,1
1790070,3,NEW_1,3 Airport / Cordata,,1,NEW_43,NEW_shp-3-01,1,1
2104010,3,NEW_2,3 Airport / Cordata,,1,NEW_13,NEW_shp-3-01,1,1
NEW_1735020,3,NEW_3,3 Airport / Cordata,,1,NEW_43,NEW_shp-3-01,1,1
448020,3,NEW_3,3 Airport / Cordata,,1,NEW_33,NEW_shp-3-01,1,1
104070,3,NEW_1,3 Airport / Cordata,,1,NEW_33,NEW_shp-3-01,1,1
2253020,3,NEW_3,3 Airport / Cordata,,1,NEW_33,NEW_shp-3-01,1,1
1257020,3,NEW_3,3 Airport / Cordata,,1,NEW_43,NEW_shp-3-01,1,1
NEW_138070,3,NEW_1,3 Airport / Cordata,,1,NEW_23,NEW_shp-3-01,1,1
NEW_841010,3,NEW_2,3 Airport / Cordata,,1,NEW_23,NEW_shp-3-01,1,1
427010,3,NEW_2,3 Airport / Cordata,,1,NEW_23,NEW_shp-3-01,1,1
NEW_2250070,3,NEW_1,3 Airport / Cordata,,1,NEW_33,NEW_shp-3-01,1,1
2113070,3,NEW_1,3 Airport/Downtown,,0,NEW_23,NEW_shp-3-51,1,1
NEW_2449020,3,NEW_3,3 Airport/Downtown,,0,NEW_43,NEW_shp-3-51,1,1
NEW_1106070,3,NEW_1,3 Airport/Downtown,,0,NEW_43,NEW_shp-3-51,1,1
NEW_1505020,3,NEW_3,3 Airport/Downtown,,0,NEW_33,NEW_shp-3-51,1,1
701010,3,NEW_2,3 Airport/Downtown,,0,NEW_23,NEW_shp-3-51,1,1
NEW_413020,3,NEW_3,3 Airport/Downtown,,0,NEW_23,NEW_shp-3-51,1,1
1846010,3,NEW_2,3 Airport/Downtown,,0,NEW_23,NEW_shp-3-51,1,1
758070,3,NEW_1,3 Airport/Downtown,,0,NEW_23,NEW_shp-3-51,1,1
NEW_1005020,3,NEW_3,3 Airport/Downtown,,0,NEW_13,NEW_shp-3-51,1,1
NEW_2479020,3,NEW_3,3 Airport/Downtown,,0,NEW_23,NEW_shp-3-51,1,1
524020,3,NEW_3,3 Airport/Downtown,,0,NEW_23,NEW_shp-3-51,1,1
NEW_966010,3,NEW_2,3 Airport/Downtown,,0,NEW_13,NEW_shp-3-51,1,1
2345070,3,NEW_1,3 Airport/Downtown,,0,NEW_43,NEW_shp-3-51,1,1
174070,3,NEW_1,3 Airport/Downtown,,0,NEW_23,NEW_shp-3-51,1,1
NEW_2447020,3,NEW_3,3 Airport/Downtown,,0,NEW_13,NEW_shp-3-51,1,1
2308070,3,NEW_1,3 Airport/Downtown,,0,NEW_33,NEW_shp-3-51,1,1
452010,3,NEW_2,3 Airport/Downtown,,0,NEW_13,NEW_shp-3-51,1,1
152010,3,NEW_2,3 Airport/Downtown,,0,NEW_23,NEW_shp-3-51,1,1
907010,3,NEW_2,3 Airport/Downtown,,0,NEW_23,NEW_shp-3-51,1,1
488010,3,NEW_2,3 Airport/Downtown,,0,NEW_23,NEW_shp-3-51,1,1
NEW_1314020,3,NEW_3,3 Airport/Downtown,,0,NEW_43,NEW_shp-3-51,1,1
NEW_870020,3,NEW_3,3 Airport/Downtown,,0,NEW_43,NEW_shp-3-51,1,1
1612070,3,NEW_1,3 Airport/Downtown,,0,NEW_13,NEW_shp-3-51,1,1
571010,3,NEW_2,3 Airport/Downtown,,0,NEW_13,NEW_shp-3-51,1,1
2018020,3,NEW_3,3 Airport/Downtown,,0,NEW_13,NEW_shp-3-51,1,1
269070,3,NEW_1,3 Airport/Downtown,,0,NEW_13,NEW_shp-3-51,1,1
1034070,3,NEW_1,3 Airport/Downtown,,0,NEW_33,NEW_shp-3-51,1,1
2506020,3,NEW_3,3 Airport/Downtown,,0,NEW_33,NEW_shp-3-51,1,1
NEW_284020,3,NEW_3,3 Airport/Downtown,,0,NEW_33,NEW_shp-3-51,1,1
747010,3,NEW_2,3 Airport/Downtown,,0,NEW_13,NEW_shp-3-51,1,1
901010,3,NEW_2,3 Airport/Downtown,,0,NEW_13,NEW_shp-3-51,1,1
237070,3,NEW_1,3 Airport/Downtown,,0,NEW_33,NEW_shp-3-51,1,1
2008070,3,NEW_1,3 Airport/Downtown,,0,NEW_13,NEW_shp-3-51,1,1
2186020,3,NEW_3,3 Airport/Downtown,,0,NEW_33,NEW_shp-3-51,1,1
NEW_782020,331,NEW_3,331 Cordata/WCC,,1,NEW_5331,NEW_shp-331-01,1,1
1644020,331,NEW_3,331 Cordata/WCC,,1,NEW_4331,NEW_shp-331-01,1,1
2390010,331,NEW_2,331 Cordata/WCC,,1,NEW_2331,NEW_shp-331-01,1,1
NEW_248020,331,NEW_3,331 Cordata/WCC,,1,NEW_1331,NEW_shp-331-01,1,1
NEW_1129020,331,NEW_3,331 Cordata/WCC,,1,NEW_1331,NEW_shp-331-01,1,1
393070,331,NEW_1,331 Cordata/WCC,,1,NEW_3331,NEW_shp-331-01,1,1
98070,331,NEW_1,331 Cordata/WCC,,1,NEW_1331,NEW_shp-331-01,1,1
2404020,331,NEW_3,331 Cordata/WCC,,1,NEW_1331,NEW_shp-331-01,1,1
880020,331,NEW_3,331 Cordata/WCC,,1,NEW_2331,NEW_shp-331-01,1,1
161020,331,NEW_3,331 Cordata/WCC,,1,NEW_3331,NEW_shp-331-01,1,1
NEW_1233010,331,NEW_2,331 Cordata/WCC,,1,NEW_2331,NEW_shp-331-01,1,1
2117020,331,NEW_3,331 Cordata/WCC,,1,NEW_2331,NEW_shp-331-01,1,1
11070,331,NEW_1,331 Cordata/WCC,,1,NEW_2331,NEW_shp-331-01,1,1
2184070,331,NEW_1,331 Cordata/WCC,,1,NEW_1331,NEW_shp-331-01,1,1
2013070,331,NEW_1,331 Cordata/WCC,,1,NEW_4331,NEW_shp-331-01,1,1
388070,331,NEW_1,331 Cordata/WCC,,1,NEW_4331,NEW_shp-331-01,1,1
2310010,331,NEW_2,331 Cordata/WCC,,1,NEW_2331,NEW_shp-331-01,1,1
NEW_503070,331,NEW_1,331 Cordata/WCC,,1,NEW_1331,NEW_shp-331-01,1,1
1128020,331,NEW_3,331 Cordata/WCC,,1,NEW_3331,NEW_shp-331-01,1,1
1026010,331,NEW_2,331 Cordata/WCC,,1,NEW_2331,NEW_shp-331-01,1,1
NEW_1947010,331,NEW_2,331 Cordata/WCC,,1,NEW_2331,NEW_shp-331-01,1,1
14020,331,NEW_3,331 Cordata/WCC,,1,NEW_4331,NEW_shp-331-01,1,1
655070,331,NEW_1,331 Cordata/WCC,,1,NEW_2331,NEW_shp-331-01,1,1
2080020,331,NEW_3,331 Cordata/WCC,,1,NEW_1331,NEW_shp-331-01,1,1
1670070,331,NEW_1,331 Cordata/WCC,,1,NEW_3331,NEW_shp-331-01,1,1
150010,331,NEW_2,331 Cordata/WCC,,1,NEW_2331,NEW_shp-331-01,1,1
75010,331,NEW_2,331 Cordata/WCC,,1,NEW_1331,NEW_shp-331-01,1,1
NEW_2262070,331,NEW_1,331 Cordata/WCC,,1,NEW_4331,NEW_shp-331-01,1,1
840010,331,NEW_2,331 Cordata/WCC,,1,NEW_1331,NEW_shp-331-01,1,1
748070,331,NEW_1,331 Cordata/WCC,,1,NEW_4331,NEW_shp-331-01,1,1
2304070,331,NEW_1,331 Cordata/WCC,,1,NEW_3331,NEW_shp-331-01,1,1
NEW_1391020,331,NEW_3,331 Cordata/WCC,,1,NEW_4331,NEW_shp-331-01,1,1
398010,331,NEW_2,331 Cordata/WCC,,1,NEW_2331,NEW_shp-331-01,1,1
2142070,331,NEW_1,331 Cordata/WCC,,1,NEW_1331,NEW_shp-331-01,1,1
350070,331,NEW_1,331 Cordata/WCC,,1,NEW_2331,NEW_shp-331-01,1,1
NEW_1875070,331,NEW_1,331 Cordata/WCC,,1,NEW_4331,NEW_shp-331-01,1,1
764070,331,NEW_1,331 Cordata/WCC,,1,NEW_1331,NEW_shp-331-01,1,1
561010,331,NEW_2,331 Cordata/WCC,,1,NEW_1331,NEW_shp-331-01,1,1
2284070,331,NEW_1,331 Cordata/WCC,,1,NEW_2331,NEW_shp-331-01,1,1
1369020,331,NEW_3,331 Cordata/WCC,,1,NEW_5331,NEW_shp-331-01,1,1
679010,331,NEW_2,331 Cordata/WCC,,1,NEW_1331,NEW_shp-331-01,1,1
NEW_338020,331,NEW_3,331 Cordata/WCC,,1,NEW_3331,NEW_shp-331-01,1,1
NEW_859070,331,NEW_1,331 Cordata/WCC,,1,NEW_1331,NEW_shp-331-01,1,1
1047020,331,NEW_3,331 Cordata/WCC,,1,NEW_1331,NEW_shp-331-01,1,1
1447070,331,NEW_1,331 Cordata/WCC,,1,NEW_1331,NEW_shp-331-01,1,1
NEW_1536020,331,NEW_3,331 Cordata/WCC,,1,NEW_4331,NEW_shp-331-01,1,1
NEW_178010,331,NEW_2,331 Cordata/WCC,,1,NEW_1331,NEW_shp-331-01,1,1
1648070,331,NEW_1,331 Cordata/WCC,,1,NEW_4331,NEW_shp-331-01,1,1
NEW_1864020,331,NEW_3,331 Cordata/WCC,,1,NEW_3331,NEW_shp-331-01,1,1
815070,331,NEW_1,331 Cordata/WCC,,1,NEW_2331,NEW_shp-331-01,1,1
559020,331,NEW_3,331 Cordata/WCC,,1,NEW_3331,NEW_shp-331-01,1,1
1953010,331,NEW_2,331 Cordata/WCC,,1,NEW_2331,NEW_shp-331-01,1,1
NEW_1894070,331,NEW_1,331 Cordata/WCC,,1,NEW_2331,NEW_shp-331-01,1,1
NEW_1338070,331,NEW_1,331 Cordata/WCC,,1,NEW_2331,NEW_shp-331-01,1,1
2011020,331,NEW_3,331 Cordata/WCC,,1,NEW_3331,NEW_shp-331-01,1,1
NEW_1868020,331,NEW_3,331 Cordata/WCC,,1,NEW_3331,NEW_shp-331-01,1,1
258070,331,NEW_1,331 Cordata/WCC,,1,NEW_1331,NEW_shp-331-01,1,1
677070,331,NEW_1,331 Cordata/WCC,,1,NEW_4331,NEW_shp-331-01,1,1
NEW_585070,331,NEW_1,331 Cordata/WCC,,1,NEW_3331,NEW_shp-331-01,1,1
137020,331,NEW_3,331 Cordata/WCC,,1,NEW_1331,NEW_shp-331-01,1,1
1560070,331,NEW_1,331 Cordata/WCC,,1,NEW_2331,NEW_shp-331-01,1,1
158010,331,NEW_2,331 Cordata/WCC,,1,NEW_2331,NEW_shp-331-01,1,1
979020,331,NEW_3,331 Cordata/WCC,,1,NEW_4331,NEW_shp-331-01,1,1
1411020,331,NEW_3,331 Cordata/WCC,,1,NEW_2331,NEW_shp-331-01,1,1
960020,331,NEW_3,331 Cordata/WCC,,1,NEW_2331,NEW_shp-331-01,1,1
NEW_312020,331,NEW_3,331 Cordata/WCC,,1,NEW_4331,NEW_shp-331-01,1,1
839010,331,NEW_2,331 Cordata/WCC,,1,NEW_1331,NEW_shp-331-01,1,1
2486020,331,NEW_3,331 Cordata/WCC,,1,NEW_4331,NEW_shp-331-01,1,1
1093020,331,NEW_3,331 Cordata/WCC,,1,NEW_2331,NEW_shp-331-01,1,1
766070,331,NEW_1,331 Cordata/WCC,,1,NEW_2331,NEW_shp-331-01,1,1
591020,331,NEW_3,331 Cordata/WCC,,1,NEW_1331,NEW_shp-331-01,1,1
933020,331,NEW_3,331 Cordata/WCC,,1,NEW_5331,NEW_shp-331-01,1,1
1271010,331,NEW_2,331 Cordata/WCC,,1,NEW_1331,NEW_shp-331-01,1,1
1831070,331,NEW_1,331 Cordata/WCC,,1,NEW_4331,NEW_shp-331-01,1,1
NEW_242020,331,NEW_3,331 Cordata/WCC,,1,NEW_3331,NEW_shp-331-01,1,1
1226010,331,NEW_2,331 Cordata/WCC,,1,NEW_1331,NEW_shp-331-01,1,1
1990010,331,NEW_2,331 Cordata/WCC,,1,NEW_2331,NEW_shp-331-01,1,1
1929020,331,NEW_3,331 Cordata/WCC,,1,NEW_4331,NEW_shp-331-01,1,1
357010,331,NEW_2,331 Cordata/WCC,,1,NEW_1331,NEW_shp-331-01,1,1
135010,331,NEW_2,331 Cordata/WCC,,1,NEW_2331,NEW_shp-331-01,1,1
1422070,331,NEW_1,331 Cordata/WCC,,1,NEW_1331,NEW_shp-331-01,1,1
36020,331,NEW_3,331 Cordata/WCC,,1,NEW_3331,NEW_shp-331-01,1,1
NEW_90070,331,NEW_1,331 Cordata/WCC,,1,NEW_3331,NEW_shp-331-01,1,1
NEW_1605020,331,NEW_3,331 Cordata/WCC,,1,NEW_2331,NEW_shp-331-01,1,1
NEW_313020,331,NEW_3,331 Cordata/WCC,,1,NEW_4331,NEW_shp-331-01,1,1
1673070,331,NEW_1,331 Cordata/WCC,,1,NEW_4331,NEW_shp-331-01,1,1
827020,331,NEW_3,331 Cordata/WCC,,1,NEW_2331,NEW_shp-331-01,1,1
779070,331,NEW_1,331 Cordata/WCC,,1,NEW_3331,NEW_shp-331-01,1,1
1444070,331,NEW_1,331 Cordata/WCC,,1,NEW_3331,NEW_shp-331-01,1,1
2365020,331,NEW_3,331 Cordata/WCC,,1,NEW_2331,NEW_shp-331-01,1,1
2277010,331,NEW_2,331 Cordata/WCC,,1,NEW_1331,NEW_shp-331-01,1,1
521010,331,NEW_2,331 Cordata/WCC,,1,NEW_1331,NEW_shp-331-01,1,1
2087010,331,NEW_2,331 Cordata/WCC,,1,NEW_2331,NEW_shp-331-01,1,1
NEW_1440020,331,NEW_3,331 Cordata/WCC,,1,NEW_4331,NEW_shp-331-01,1,1
NEW_475020,331,NEW_3,331 Cordata/WCC,,1,NEW_3331,NEW_shp-331-01,1,1
2530020,331,NEW_3,331 Cordata/WCC,,1,NEW_4331,NEW_shp-331-01,1,1
2105020,331,NEW_3,331 Cordata/WCC,,1,NEW_4331,NEW_shp-331-01,1,1
NEW_2508020,331,NEW_3,331 Cordata/WCC,,1,NEW_4331,NEW_shp-331-01,1,1
1302070,331,NEW_1,331 Cordata/WCC,,1,NEW_4331,NEW_shp-331-01,1,1
NEW_271020,331,NEW_3,331 Cordata/WCC,,1,NEW_2331,NEW_shp-331-01,1,1
NEW_1107070,331,NEW_1,331 Cordata/WCC,,1,NEW_3331,NEW_shp-331-01,1,1
NEW_1708070,331,NEW_1,331 Cordata/WCC,,1,NEW_4331,NEW_shp-331-01,1,1
NEW_167020,331,NEW_3,331 Cordata/WCC,,1,NEW_3331,NEW_shp-331-01,1,1
NEW_989070,331,NEW_1,331 Cordata/WCC,,1,NEW_2331,NEW_shp-331-01,1,1
NEW_280020,331,NEW_3,331 Cordata/WCC,,1,NEW_4331,NEW_shp-331-01,1,1
18010,331,NEW_2,331 Cordata/WCC,,1,NEW_1331,NEW_shp-331-01,1,1
375070,331,NEW_1,331 Cordata/WCC,,1,NEW_2331,NEW_shp-331-01,1,1
17070,331,NEW_1,331 Cordata/WCC,,1,NEW_4331,NEW_shp-331-01,1,1
NEW_2314020,331,NEW_3,331 Cordata/WCC,,1,NEW_3331,NEW_shp-331-01,1,1
NEW_820020,331,NEW_3,331 Cordata/WCC,,1,NEW_1331,NEW_shp-331-01,1,1
279020,331,NEW_3,331 Cordata/WCC,,1,NEW_3331,NEW_shp-331-01,1,1
NEW_2144020,331,NEW_3,331 Cordata/WCC,,1,NEW_5331,NEW_shp-331-01,1,1
NEW_1625020,331,NEW_3,331 Cordata/WCC,,1,NEW_1331,NEW_shp-331-01,1,1
457020,331,NEW_3,331 Cordata/WCC,,1,NEW_1331,NEW_shp-331-01,1,1
225070,331,NEW_1,331 Cordata/WCC,,1,NEW_1331,NEW_shp-331-01,1,1
2239070,331,NEW_1,331 Cordata/WCC,,1,NEW_4331,NEW_shp-331-01,1,1
1195070,331,NEW_1,331 Cordata/WCC,,1,NEW_2331,NEW_shp-331-01,1,1
1229020,331,NEW_3,331 Cordata/WCC,,1,NEW_1331,NEW_shp-331-01,1,1
1960070,331,NEW_1,331 Cordata/WCC,,1,NEW_2331,NEW_shp-331-01,1,1
1309070,331,NEW_1,331 Cordata/WCC,,1,NEW_3331,NEW_shp-331-01,1,1
249020,331,NEW_3,331 Cordata/WCC,,1,NEW_2331,NEW_shp-331-01,1,1
NEW_1241020,331,NEW_3,331 Downtown,,0,NEW_1232,NEW_shp-331-51,1,1
NEW_1130070,331,NEW_1,331 Downtown,,0,NEW_4232,NEW_shp-331-51,1,1
NEW_2264010,331,NEW_2,331 Downtown,,0,NEW_2232,NEW_shp-331-51,1,1
82070,331,NEW_1,331 Downtown,,0,NEW_4232,NEW_shp-331-51,1,1
NEW_523020,331,NEW_3,331 Downtown,,0,NEW_3232,NEW_shp-331-51,1,1
84020,331,NEW_3,331 Downtown,,0,NEW_4232,NEW_shp-331-51,1,1
1575070,331,NEW_1,331 Downtown,,0,NEW_3232,NEW_shp-331-51,1,1
595020,331,NEW_3,331 Downtown,,0,NEW_4232,NEW_shp-331-51,1,1
NEW_2120070,331,NEW_1,331 Downtown,,0,NEW_2232,NEW_shp-331-51,1,1
1070,331,NEW_1,331 Downtown,,0,NEW_2232,NEW_shp-331-51,1,1
2473010,331,NEW_2,331 Downtown,,0,NEW_1232,NEW_shp-331-51,1,1
449020,331,NEW_3,331 Downtown,,0,NEW_3232,NEW_shp-331-51,1,1
215020,331,NEW_3,331 Downtown,,0,NEW_2232,NEW_shp-331-51,1,1
NEW_1549070,331,NEW_1,331 Downtown,,0,NEW_3232,NEW_shp-331-51,1,1
NEW_816010,331,NEW_2,331 Downtown,,0,NEW_2232,NEW_shp-331-51,1,1
973020,331,NEW_3,331 Downtown,,0,NEW_3232,NEW_shp-331-51,1,1
NEW_669070,331,NEW_1,331 Downtown,,0,NEW_4232,NEW_shp-331-51,1,1
NEW_912020,331,NEW_3,331 Downtown,,0,NEW_4232,NEW_shp-331-51,1,1
1660010,331,NEW_2,331 Downtown,,0,NEW_1232,NEW_shp-331-51,1,1
19070,331,NEW_1,331 Downtown,,0,NEW_3232,NEW_shp-331-51,1,1
800010,331,NEW_2,331 Downtown,,0,NEW_1232,NEW_shp-331-51,1,1
NEW_1631070,331,NEW_1,331 Downtown,,0,NEW_3232,NEW_shp-331-51,1,1
NEW_2503010,331,NEW_2,331 Downtown,,0,NEW_1232,NEW_shp-331-51,1,1
1915020,331,NEW_3,331 Downtown,,0,NEW_2232,NEW_shp-331-51,1,1
NEW_1066070,331,NEW_1,331 Downtown,,0,NEW_4232,NEW_shp-331-51,1,1
NEW_761020,331,NEW_3,331 Downtown,,0,NEW_4232,NEW_shp-331-51,1,1
560020,331,NEW_3,331 Downtown,,0,NEW_2232,NEW_shp-331-51,1,1
2020020,331,NEW_3,331 Downtown,,0,NEW_2232,NEW_shp-331-51,1,1
NEW_1658020,331,NEW_3,331 Downtown,,0,NEW_3232,NEW_shp-331-51,1,1
1808070,331,NEW_1,331 Downtown,,0,NEW_1232,NEW_shp-331-51,1,1
NEW_574020,331,NEW_3,331 Downtown,,0,NEW_1232,NEW_shp-331-51,1,1
NEW_354020,331,NEW_3,331 Downtown,,0,NEW_2232,NEW_shp-331-51,1,1
2092070,331,NEW_1,331 Downtown,,0,NEW_1232,NEW_shp-331-51,1,1
903070,331,NEW_1,331 Downtown,,0,NEW_4232,NEW_shp-331-51,1,1
NEW_46020,331,NEW_3,331 Downtown,,0,NEW_4232,NEW_shp-331-51,1,1
2439070,331,NEW_1,331 Downtown,,0,NEW_2232,NEW_shp-331-51,1,1
NEW_192070,331,NEW_1,331 Downtown,,0,NEW_2232,NEW_shp-331-51,1,1
1817010,331,NEW_2,331 Downtown,,0,NEW_1232,NEW_shp-331-51,1,1
NEW_415020,331,NEW_3,331 Downtown,,0,NEW_2232,NEW_shp-331-51,1,1
NEW_897070,331,NEW_1,331 Downtown,,0,NEW_4232,NEW_shp-331-51,1,1
1291010,331,NEW_2,331 Downtown,,0,NEW_1232,NEW_shp-331-51,1,1
15070,331,NEW_1,331 Downtown,,0,NEW_4232,NEW_shp-331-51,1,1
16070,331,NEW_1,331 Downtown,,0,NEW_2232,NEW_shp-331-51,1,1
1705020,331,NEW_3,331 Downtown,,0,NEW_2232,NEW_shp-331-51,1,1
1087070,331,NEW_1,331 Downtown,,0,NEW_4232,NEW_shp-331-51,1,1
NEW_2516070,331,NEW_1,331 Downtown,,0,NEW_1232,NEW_shp-331-51,1,1
2230010,331,NEW_2,331 Downtown,,0,NEW_1232,NEW_shp-331-51,1,1
1759070,331,NEW_1,331 Downtown,,0,NEW_1232,NEW_shp-331-51,1,1
2180020,331,NEW_3,331 Downtown,,0,NEW_4232,NEW_shp-331-51,1,1
NEW_478020,331,NEW_3,331 Downtown,,0,NEW_4232,NEW_shp-331-51,1,1
NEW_673070,331,NEW_1,331 Downtown,,0,NEW_2232,NEW_shp-331-51,1,1
2511010,331,NEW_2,331 Downtown,,0,NEW_1232,NEW_shp-331-51,1,1
1772070,331,NEW_1,331 Downtown,,0,NEW_4232,NEW_shp-331-51,1,1
959070,331,NEW_1,331 Downtown,,0,NEW_4232,NEW_shp-331-51,1,1
NEW_2485020,331,NEW_3,331 Downtown,,0,NEW_1232,NEW_shp-331-51,1,1
100010,331,NEW_2,331 Downtown,,0,NEW_1232,NEW_shp-331-51,1,1
NEW_2155010,331,NEW_2,331 Downtown,,0,NEW_2232,NEW_shp-331-51,1,1
NEW_2054070,331,NEW_1,331 Downtown,,0,NEW_2232,NEW_shp-331-51,1,1
849010,331,NEW_2,331 Downtown,,0,NEW_2232,NEW_shp-331-51,1,1
NEW_1053020,331,NEW_3,331 Downtown,,0,NEW_1232,NEW_shp-331-51,1,1
NEW_1126020,331,NEW_3,331 Downtown,,0,NEW_5232,NEW_shp-331-51,1,1
NEW_342020,331,NEW_3,331 Downtown,,0,NEW_2232,NEW_shp-331-51,1,1
23020,331,NEW_3,331 Downtown,,0,NEW_5232,NEW_shp-331-51,1,1
781070,331,NEW_1,331 Downtown,,0,NEW_4232,NEW_shp-331-51,1,1
1542020,331,NEW_3,331 Downtown,,0,NEW_3232,NEW_shp-331-51,1,1
88020,331,NEW_3,331 Downtown,,0,NEW_1232,NEW_shp-331-51,1,1
NEW_1525020,331,NEW_3,331 Downtown,,0,NEW_2232,NEW_shp-331-51,1,1
NEW_173020,331,NEW_3,331 Downtown,,0,NEW_5232,NEW_shp-331-51,1,1
NEW_2537020,331,NEW_3,331 Downtown,,0,NEW_2232,NEW_shp-331-51,1,1
NEW_935020,331,NEW_3,331 Downtown,,0,NEW_2232,NEW_shp-331-51,1,1
NEW_1568020,331,NEW_3,331 Downtown,,0,NEW_1232,NEW_shp-331-51,1,1
902010,331,NEW_2,331 Downtown,,0,NEW_2232,NEW_shp-331-51,1,1
NEW_2210070,331,NEW_1,331 Downtown,,0,NEW_1232,NEW_shp-331-51,1,1
1980020,331,NEW_3,331 Downtown,,0,NEW_1232,NEW_shp-331-51,1,1
2385020,331,NEW_3,331 Downtown,,0,NEW_1232,NEW_shp-331-51,1,1
NEW_623010,331,NEW_2,331 Downtown,,0,NEW_2232,NEW_shp-331-51,1,1
1720070,331,NEW_1,331 Downtown,,0,NEW_3232,NEW_shp-331-51,1,1
NEW_2454020,331,NEW_3,331 Downtown,,0,NEW_1232,NEW_shp-331-51,1,1
NEW_1201020,331,NEW_3,331 Downtown,,0,NEW_3232,NEW_shp-331-51,1,1
NEW_696070,331,NEW_1,331 Downtown,,0,NEW_2232,NEW_shp-331-51,1,1
NEW_187020,331,NEW_3,331 Downtown,,0,NEW_4232,NEW_shp-331-51,1,1
NEW_1823070,331,NEW_1,331 Downtown,,0,NEW_3232,NEW_shp-331-51,1,1
1178010,331,NEW_2,331 Downtown,,0,NEW_2232,NEW_shp-331-51,1,1
NEW_2372070,331,NEW_1,331 Downtown,,0,NEW_1232,NEW_shp-331-51,1,1
212020,331,NEW_3,331 Downtown,,0,NEW_1232,NEW_shp-331-51,1,1
NEW_421070,331,NEW_1,331 Downtown,,0,NEW_1232,NEW_shp-331-51,1,1
1396070,331,NEW_1,331 Downtown,,0,NEW_2232,NEW_shp-331-51,1,1
2401020,331,NEW_3,331 Downtown,,0,NEW_3232,NEW_shp-331-51,1,1
NEW_1174010,331,NEW_2,331 Downtown,,0,NEW_1232,NEW_shp-331-51,1,1
682070,331,NEW_1,331 Downtown,,0,NEW_4232,NEW_shp-331-51,1,1
NEW_1069020,331,NEW_3,331 Downtown,,0,NEW_1232,NEW_shp-331-51,1,1
2254020,331,NEW_3,331 Downtown,,0,NEW_5232,NEW_shp-331-51,1,1
NEW_2425010,331,NEW_2,331 Downtown,,0,NEW_1232,NEW_shp-331-51,1,1
1763070,331,NEW_1,331 Downtown,,0,NEW_3232,NEW_shp-331-51,1,1
2367020,331,NEW_3,331 Downtown,,0,NEW_1232,NEW_shp-331-51,1,1
NEW_1268070,331,NEW_1,331 Downtown,,0,NEW_4232,NEW_shp-331-51,1,1
374020,331,NEW_3,331 Downtown,,0,NEW_4232,NEW_shp-331-51,1,1
2452020,331,NEW_3,331 Downtown,,0,NEW_1232,NEW_shp-331-51,1,1
NEW_857070,331,NEW_1,331 Downtown,,0,NEW_2232,NEW_shp-331-51,1,1
NEW_982020,331,NEW_3,331 Downtown,,0,NEW_3232,NEW_shp-331-51,1,1
NEW_978070,331,NEW_1,331 Downtown,,0,NEW_2232,NEW_shp-331-51,1,1
657020,331,NEW_3,331 Downtown,,0,NEW_3232,NEW_shp-331-51,1,1
NEW_600020,331,NEW_3,331 Downtown,,0,NEW_5232,NEW_shp-331-51,1,1
282020,331,NEW_3,331 Downtown,,0,NEW_2232,NEW_shp-331-51,1,1
1424070,331,NEW_1,331 Downtown,,0,NEW_4232,NEW_shp-331-51,1,1
1114010,331,NEW_2,331 Downtown,,0,NEW_2232,NEW_shp-331-51,1,1
NEW_759020,331,NEW_3,331 Downtown,,0,NEW_5232,NEW_shp-331-51,1,1
NEW_2495070,331,NEW_1,331 Downtown,,0,NEW_2232,NEW_shp-331-51,1,1
NEW_399020,331,NEW_3,331 Downtown,,0,NEW_1232,NEW_shp-331-51,1,1
1455010,331,NEW_2,331 Downtown,,0,NEW_2232,NEW_shp-331-51,1,1
1815020,331,NEW_3,331 Downtown,,0,NEW_2232,NEW_shp-331-51,1,1
2260070,331,NEW_1,331 Downtown,,0,NEW_2232,NEW_shp-331-51,1,1
2217010,331,NEW_2,331 Downtown,,0,NEW_1232,NEW_shp-331-51,1,1
1009010,331,NEW_2,331 Downtown,,0,NEW_2232,NEW_shp-331-51,1,1
2094070,331,NEW_1,331 Downtown,,0,NEW_1232,NEW_shp-331-51,1,1
NEW_1654070,331,NEW_1,331 Downtown,,0,NEW_3232,NEW_shp-331-51,1,1
205010,331,NEW_2,331 Downtown,,0,NEW_2232,NEW_shp-331-51,1,1
NEW_1913020,331,NEW_3,331 Downtown,,0,NEW_1232,NEW_shp-331-51,1,1
2118070,331,NEW_1,331 Downtown,,0,NEW_1232,NEW_shp-331-51,1,1
1488070,45,NEW_1,45 Cordata/WCC,,1,NEW_226,NEW_shp-45-01,1,1
NEW_2073020,45,NEW_3,45 Cordata/WCC,,1,NEW_126,NEW_shp-45-01,1,1
570020,45,NEW_3,45 Cordata/WCC,,1,NEW_226,NEW_shp-45-01,1,1
NEW_1010020,45,NEW_3,45 Cordata/WCC,,1,NEW_226,NEW_shp-45-01,1,1
896070,45,NEW_1,45 Cordata/WCC,,1,NEW_126,NEW_shp-45-01,1,1
NEW_2003070,45,NEW_1,45 Cordata/WCC,,1,NEW_126,NEW_shp-45-01,1,1
646070,45,NEW_1,45 Cordata/WCC,,1,NEW_226,NEW_shp-45-01,1,1
144020,45,NEW_3,45 Cordata/WCC,,1,NEW_226,NEW_shp-45-01,1,1
1394070,45,NEW_1,45 Cordata/WCC,,1,NEW_126,NEW_shp-45-01,1,1
NEW_68020,45,NEW_3,45 Cordata/WCC,,1,NEW_126,NEW_shp-45-01,1,1
291020,45,NEW_3,45 Cordata/WCC,,1,NEW_226,NEW_shp-45-01,1,1
1234020,45,NEW_3,45 Cordata/WCC,,1,NEW_226,NEW_shp-45-01,1,1
584070,45,NEW_1,45 Cordata/WCC,,1,NEW_126,NEW_shp-45-01,1,1
NEW_2061070,45,NEW_1,45 Cordata/WCC,,1,NEW_126,NEW_shp-45-01,1,1
307070,45,NEW_1,45 Cordata/WCC,,1,NEW_126,NEW_shp-45-01,1,1
1822020,45,NEW_3,45 Cordata/WCC,,1,NEW_226,NEW_shp-45-01,1,1
NEW_320020,45,NEW_3,45 Cordata/WCC,,1,NEW_126,NEW_shp-45-01,1,1
665020,45,NEW_3,45 Cordata/WCC,,1,NEW_226,NEW_shp-45-01,1,1
NEW_911070,45,NEW_1,45 Cordata/WCC,,1,NEW_226,NEW_shp-45-01,1,1
NEW_1343020,45,NEW_3,45 Cordata/WCC,,1,NEW_126,NEW_shp-45-01,1,1
NEW_31070,45,NEW_1,45 Cordata/WCC,,1,NEW_126,NEW_shp-45-01,1,1
NEW_1655020,45,NEW_3,45 Cordata/WCC,,1,NEW_126,NEW_shp-45-01,1,1
1333020,45,NEW_3,45 Cordata/WCC,,1,NEW_126,NEW_shp-45-01,1,1
NEW_1687070,45,NEW_1,45 Cordata/WCC,,1,NEW_226,NEW_shp-45-01,1,1
NEW_1727070,45,NEW_1,45 Cordata/WCC,,1,NEW_226,NEW_shp-45-01,1,1
NEW_873070,45,NEW_1,45 King Mountain,,0,NEW_126,NEW_shp-45-51,1,1
NEW_240070,45,NEW_1,45 King Mountain,,0,NEW_226,NEW_shp-45-51,1,1
1656070,45,NEW_1,45 King Mountain,,0,NEW_226,NEW_shp-45-51,1,1
386020,45,NEW_3,45 King Mountain,,0,NEW_126,NEW_shp-45-51,1,1
NEW_1091020,45,NEW_3,45 King Mountain,,0,NEW_226,NEW_shp-45-51,1,1
2037020,45,NEW_3,45 King Mountain,,0,NEW_226,NEW_shp-45-51,1,1
1046070,45,NEW_1,45 King Mountain,,0,NEW_126,NEW_shp-45-51,1,1
491070,45,NEW_1,45 King Mountain,,0,NEW_226,NEW_shp-45-51,1,1
NEW_106070,45,NEW_1,45 King Mountain,,0,NEW_226,NEW_shp-45-51,1,1
NEW_2356020,45,NEW_3,45 King Mountain,,0,NEW_226,NEW_shp-45-51,1,1
NEW_2202070,45,NEW_1,45 King Mountain,,0,NEW_126,NEW_shp-45-51,1,1
NEW_630020,45,NEW_3,45 King Mountain,,0,NEW_126,NEW_shp-45-51,1,1
1110070,45,NEW_1,45 King Mountain,,0,NEW_126,NEW_shp-45-51,1,1
NEW_2448070,45,NEW_1,45 King Mountain,,0,NEW_126,NEW_shp-45-51,1,1
NEW_1989070,45,NEW_1,45 King Mountain,,0,NEW_126,NEW_shp-45-51,1,1
423020,45,NEW_3,45 King Mountain,,0,NEW_126,NEW_shp-45-51,1,1
NEW_995020,45,NEW_3,45 King Mountain,,0,NEW_226,NEW_shp-45-51,1,1
NEW_72020,45,NEW_3,45 King Mountain,,0,NEW_226,NEW_shp-45-51,1,1
2244020,45,NEW_3,45 King Mountain,,0,NEW_226,NEW_shp-45-51,1,1
NEW_1840020,45,NEW_3,45 King Mountain,,0,NEW_126,NEW_shp-45-51,1,1
NEW_2049020,45,NEW_3,45 King Mountain,,0,NEW_226,NEW_shp-45-51,1,1
2368070,45,NEW_1,45 King Mountain,,0,NEW_226,NEW_shp-45-51,1,1
NEW_2482020,45,NEW_3,45 King Mountain,,0,NEW_126,NEW_shp-45-51,1,1
272020,45,NEW_3,45 King Mountain,,0,NEW_126,NEW_shp-45-51,1,1
1134070,45,NEW_1,45 King Mountain,,0,NEW_226,NEW_shp-45-51,1,1
370070,45,NEW_1,45 King Mountain,,0,NEW_126,NEW_shp-45-51,1,1
1665010,47,NEW_2,47 Downtown,,1,NEW_147,NEW_shp-47-01,1,1
321070,47,NEW_1,47 Downtown,,1,NEW_147,NEW_shp-47-01,1,1
400010,47,NEW_2,47 Downtown,,1,NEW_147,NEW_shp-47-01,1,1
NEW_1813070,47,NEW_1,47 Downtown,,1,NEW_147,NEW_shp-47-01,1,1
1043020,47,NEW_3,47 Downtown,,1,NEW_147,NEW_shp-47-01,1,1
59070,47,NEW_1,47 Downtown,,1,NEW_147,NEW_shp-47-01,1,1
NEW_1637020,47,NEW_3,47 Downtown,,1,NEW_147,NEW_shp-47-01,1,1
589070,47,NEW_1,47 Downtown,,1,NEW_147,NEW_shp-47-01,1,1
1166070,47,NEW_1,47 Downtown,,1,NEW_147,NEW_shp-47-01,1,1
NEW_387070,47,NEW_1,47 Downtown,,1,NEW_147,NEW_shp-47-01,1,1
1715020,47,NEW_3,47 Downtown,,1,NEW_147,NEW_shp-47-01,1,1
2377020,47,NEW_3,47 Downtown,,1,NEW_147,NEW_shp-47-01,1,1
NEW_1524020,47,NEW_3,47 Downtown,,1,NEW_147,NEW_shp-47-01,1,1
NEW_2048020,47,NEW_3,47 Downtown,,1,NEW_147,NEW_shp-47-01,1,1
568010,47,NEW_2,47 Downtown,,1,NEW_147,NEW_shp-47-01,1,1
529010,47,NEW_2,47 Downtown,,1,NEW_147,NEW_shp-47-01,1,1
NEW_919070,47,NEW_1,47 Downtown,,1,NEW_147,NEW_shp-47-01,1,1
2121070,47,NEW_1,47 Downtown,,1,NEW_147,NEW_shp-47-01,1,1
2383020,47,NEW_3,47 Downtown,,1,NEW_147,NEW_shp-47-01,1,1
681020,47,NEW_3,47 Downtown,,1,NEW_147,NEW_shp-47-01,1,1
NEW_972020,47,NEW_3,47 Downtown,,1,NEW_147,NEW_shp-47-01,1,1
270020,47,NEW_3,47 Downtown,,1,NEW_147,NEW_shp-47-01,1,1
1779010,47,NEW_2,47 Downtown,,1,NEW_147,NEW_shp-47-01,1,1
1643010,47,NEW_2,47 Downtown,,1,NEW_147,NEW_shp-47-01,1,1
540010,47,NEW_2,47 Downtown,,1,NEW_147,NEW_shp-47-01,1,1
638070,47,NEW_1,47 Downtown,,1,NEW_147,NEW_shp-47-01,1,1
2518010,47,NEW_2,47 Downtown,,1,NEW_147,NEW_shp-47-01,1,1
NEW_2289010,47,NEW_2,47 Downtown,,1,NEW_147,NEW_shp-47-01,1,1
NEW_188020,47,NEW_3,47 Downtown,,1,NEW_147,NEW_shp-47-01,1,1
1597010,47,NEW_2,47 Downtown,,1,NEW_147,NEW_shp-47-01,1,1
2187010,47,NEW_2,47 Downtown,,1,NEW_147,NEW_shp-47-01,1,1
13020,47,NEW_3,47 Downtown,,1,NEW_147,NEW_shp-47-01,1,1
2158010,47,NEW_2,47 Downtown,,1,NEW_147,NEW_shp-47-01,1,1
2242070,47,NEW_1,47 Downtown,,1,NEW_147,NEW_shp-47-01,1,1
1967010,47,NEW_2,47 Downtown,,1,NEW_147,NEW_shp-47-01,1,1
476020,47,NEW_3,47 Downtown,,1,NEW_147,NEW_shp-47-01,1,1
2302070,47,NEW_1,47 Downtown,,1,NEW_147,NEW_shp-47-01,1,1
1061010,47,NEW_2,47 Downtown,,1,NEW_147,NEW_shp-47-01,1,1
1701020,47,NEW_3,47 Downtown,,1,NEW_147,NEW_shp-47-01,1,1
275070,47,NEW_1,47 Downtown,,1,NEW_147,NEW_shp-47-01,1,1
1212070,47,NEW_1,47 Downtown,,1,NEW_147,NEW_shp-47-01,1,1
535070,47,NEW_1,47 Downtown,,1,NEW_147,NEW_shp-47-01,1,1
2075020,47,NEW_3,47 Downtown,,1,NEW_147,NEW_shp-47-01,1,1
132070,47,NEW_1,47 Downtown,,1,NEW_147,NEW_shp-47-01,1,1
NEW_635010,47,NEW_2,47 Downtown,,1,NEW_147,NEW_shp-47-01,1,1
2010,47,NEW_2,47 Downtown,,1,NEW_147,NEW_shp-47-01,1,1
NEW_723020,47,NEW_3,47 Downtown,,1,NEW_147,NEW_shp-47-01,1,1
NEW_1869020,47,NEW_3,47 Downtown,,1,NEW_147,NEW_shp-47-01,1,1
334020,47,NEW_3,47 Downtown,,1,NEW_147,NEW_shp-47-01,1,1
2415070,47,NEW_1,47 Downtown,,1,NEW_147,NEW_shp-47-01,1,1
1260070,47,NEW_1,47 Downtown,,1,NEW_147,NEW_shp-47-01,1,1
NEW_2000020,47,NEW_3,47 Downtown,,1,NEW_147,NEW_shp-47-01,1,1
862010,47,NEW_2,47 Downtown,,1,NEW_147,NEW_shp-47-01,1,1
NEW_1571010,47,NEW_2,47 Downtown,,1,NEW_147,NEW_shp-47-01,1,1
639020,47,NEW_3,47 Downtown,,1,NEW_147,NEW_shp-47-01,1,1
1910010,47,NEW_2,47 Downtown,,1,NEW_147,NEW_shp-47-01,1,1
NEW_2111010,47,NEW_2,47 Downtown,,1,NEW_147,NEW_shp-47-01,1,1
2522020,47,NEW_3,47 Downtown,,1,NEW_147,NEW_shp-47-01,1,1
NEW_716020,47,NEW_3,47 Downtown,,1,NEW_147,NEW_shp-47-01,1,1
1711070,47,NEW_1,47 Downtown,,1,NEW_147,NEW_shp-47-01,1,1
NEW_2043020,47,NEW_3,47 Downtown,,1,NEW_147,NEW_shp-47-01,1,1
1423070,47,NEW_1,47 Downtown,,1,NEW_147,NEW_shp-47-01,1,1
454010,47,NEW_2,47 Downtown,,1,NEW_147,NEW_shp-47-01,1,1
169070,47,NEW_1,47 Downtown,,1,NEW_147,NEW_shp-47-01,1,1
346020,47,NEW_3,47 Downtown,,1,NEW_147,NEW_shp-47-01,1,1
1719010,47,NEW_2,47 Downtown,,1,NEW_147,NEW_shp-47-01,1,1
267070,47,NEW_1,47 Downtown,,1,NEW_147,NEW_shp-47-01,1,1
NEW_1322070,47,NEW_1,47 Downtown,,1,NEW_147,NEW_shp-47-01,1,1
1287020,47,NEW_3,47 Downtown,,1,NEW_147,NEW_shp-47-01,1,1
1445070,47,NEW_1,47 Downtown,,1,NEW_147,NEW_shp-47-01,1,1
1936070,47,NEW_1,47 Downtown,,1,NEW_147,NEW_shp-47-01,1,1
1607020,47,NEW_3,47 Downtown,,1,NEW_147,NEW_shp-47-01,1,1
945020,47,NEW_3,47 Downtown,,1,NEW_147,NEW_shp-47-01,1,1
NEW_1602020,47,NEW_3,47 Downtown,,1,NEW_147,NEW_shp-47-01,1,1
NEW_1617020,47,NEW_3,47 Downtown,,1,NEW_147,NEW_shp-47-01,1,1
587020,47,NEW_3,47 Downtown,,1,NEW_147,NEW_shp-47-01,1,1
254070,47,NEW_1,47 Downtown,,1,NEW_147,NEW_shp-47-01,1,1
2183010,47,NEW_2,47 Downtown,,1,NEW_147,NEW_shp-47-01,1,1
NEW_915010,47,NEW_2,47 Downtown,,1,NEW_147,NEW_shp-47-01,1,1
NEW_941070,47,NEW_1,47 Downtown,,1,NEW_147,NEW_shp-47-01,1,1
2490020,47,NEW_3,47 Downtown,,1,NEW_147,NEW_shp-47-01,1,1
391020,47,NEW_3,47 Downtown,,1,NEW_147,NEW_shp-47-01,1,1
1920070,47,NEW_1,47 Downtown,,1,NEW_147,NEW_shp-47-01,1,1
2458070,47,NEW_1,47 Downtown,,1,NEW_147,NEW_shp-47-01,1,1
NEW_2517070,47,NEW_1,47 Downtown,,1,NEW_147,NEW_shp-47-01,1,1
1329010,47,NEW_2,47 Downtown,,1,NEW_147,NEW_shp-47-01,1,1
NEW_463070,47,NEW_1,47 Downtown,,1,NEW_147,NEW_shp-47-01,1,1
1917070,47,NEW_1,47 Harbor,,0,NEW_147,NEW_shp-47-51,1,1
247010,47,NEW_2,47 Harbor,,0,NEW_147,NEW_shp-47-51,1,1
1614020,47,NEW_3,47 Harbor,,0,NEW_147,NEW_shp-47-51,1,1
1210010,47,NEW_2,47 Harbor,,0,NEW_147,NEW_shp-47-51,1,1
2520010,47,NEW_2,47 Harbor,,0,NEW_147,NEW_shp-47-51,1,1
1071070,47,NEW_1,47 Harbor,,0,NEW_147,NEW_shp-47-51,1,1
1311010,47,NEW_2,47 Harbor,,0,NEW_147,NEW_shp-47-51,1,1
2461070,47,NEW_1,47 Harbor,,0,NEW_147,NEW_shp-47-51,1,1
219020,47,NEW_3,47 Harbor,,0,NEW_147,NEW_shp-47-51,1,1
318020,47,NEW_3,47 Harbor,,0,NEW_147,NEW_shp-47-51,1,1
NEW_2058070,47,NEW_1,47 Harbor,,0,NEW_147,NEW_shp-47-51,1,1
2406010,47,NEW_2,47 Harbor,,0,NEW_147,NEW_shp-47-51,1,1
1745020,47,NEW_3,47 Harbor,,0,NEW_147,NEW_shp-47-51,1,1
NEW_1761010,47,NEW_2,47 Harbor,,0,NEW_147,NEW_shp-47-51,1,1
2512020,47,NEW_3,47 Harbor,,0,NEW_147,NEW_shp-47-51,1,1
246070,47,NEW_1,47 Harbor,,0,NEW_147,NEW_shp-47-51,1,1
NEW_1261010,47,NEW_2,47 Harbor,,0,NEW_147,NEW_shp-47-51,1,1
2164070,47,NEW_1,47 Harbor,,0,NEW_147,NEW_shp-47-51,1,1
1305070,47,NEW_1,47 Harbor,,0,NEW_147,NEW_shp-47-51,1,1
2480020,47,NEW_3,47 Harbor,,0,NEW_147,NEW_shp-47-51,1,1
2016020,47,NEW_3,47 Harbor,,0,NEW_147,NEW_shp-47-51,1,1
NEW_1493010,47,NEW_2,47 Harbor,,0,NEW_147,NEW_shp-47-51,1,1
2082020,47,NEW_3,47 Harbor,,0,NEW_147,NEW_shp-47-51,1,1
1775070,47,NEW_1,47 Harbor,,0,NEW_147,NEW_shp-47-51,1,1
NEW_1848020,47,NEW_3,47 Harbor,,0,NEW_147,NEW_shp-47-51,1,1
1843010,47,NEW_2,47 Harbor,,0,NEW_147,NEW_shp-47-51,1,1
1839020,47,NEW_3,47 Harbor,,0,NEW_147,NEW_shp-47-51,1,1
1973070,47,NEW_1,47 Harbor,,0,NEW_147,NEW_shp-47-51,1,1
1877010,47,NEW_2,47 Harbor,,0,NEW_147,NEW_shp-47-51,1,1
1921020,47,NEW_3,47 Harbor,,0,NEW_147,NEW_shp-47-51,1,1
406020,47,NEW_3,47 Harbor,,0,NEW_147,NEW_shp-47-51,1,1
1244010,47,NEW_2,47 Harbor,,0,NEW_147,NEW_shp-47-51,1,1
2196010,47,NEW_2,47 Harbor,,0,NEW_147,NEW_shp-47-51,1,1
1393020,47,NEW_3,47 Harbor,,0,NEW_147,NEW_shp-47-51,1,1
273020,47,NEW_3,47 Harbor,,0,NEW_147,NEW_shp-47-51,1,1
1883020,47,NEW_3,47 Harbor,,0,NEW_147,NEW_shp-47-51,1,1
1358070,47,NEW_1,47 Harbor,,0,NEW_147,NEW_shp-47-51,1,1
744070,47,NEW_1,47 Harbor,,0,NEW_147,NEW_shp-47-51,1,1
1684070,47,NEW_1,47 Harbor,,0,NEW_147,NEW_shp-47-51,1,1
NEW_1862010,47,NEW_2,47 Harbor,,0,NEW_147,NEW_shp-47-51,1,1
NEW_2195070,47,NEW_1,47 Harbor,,0,NEW_147,NEW_shp-47-51,1,1
120010,47,NEW_2,47 Harbor,,0,NEW_147,NEW_shp-47-51,1,1
417020,47,NEW_3,47 Harbor,,0,NEW_147,NEW_shp-47-51,1,1
NEW_732070,47,NEW_1,47 Harbor,,0,NEW_147,NEW_shp-47-51,1,1
NEW_490070,47,NEW_1,47 Harbor,,0,NEW_147,NEW_shp-47-51,1,1
564070,47,NEW_1,47 Harbor,,0,NEW_147,NEW_shp-47-51,1,1
NEW_1513020,47,NEW_3,47 Harbor,,0,NEW_147,NEW_shp-47-51,1,1
1874070,47,NEW_1,47 Harbor,,0,NEW_147,NEW_shp-47-51,1,1
NEW_569020,47,NEW_3,47 Harbor,,0,NEW_147,NEW_shp-47-51,1,1
1892070,47,NEW_1,47 Harbor,,0,NEW_147,NEW_shp-47-51,1,1
1272010,47,NEW_2,47 Harbor,,0,NEW_147,NEW_shp-47-51,1,1
1448070,47,NEW_1,47 Harbor,,0,NEW_147,NEW_shp-47-51,1,1
1152010,47,NEW_2,47 Harbor,,0,NEW_147,NEW_shp-47-51,1,1
443010,47,NEW_2,47 Harbor,,0,NEW_147,NEW_shp-47-51,1,1
2294010,47,NEW_2,47 Harbor,,0,NEW_147,NEW_shp-47-51,1,1
NEW_767020,47,NEW_3,47 Harbor,,0,NEW_147,NEW_shp-47-51,1,1
616020,47,NEW_3,47 Harbor,,0,NEW_147,NEW_shp-47-51,1,1
NEW_1031020,47,NEW_3,47 Harbor,,0,NEW_147,NEW_shp-47-51,1,1
NEW_1756020,47,NEW_3,47 Harbor,,0,NEW_147,NEW_shp-47-51,1,1
1217070,47,NEW_1,47 Harbor,,0,NEW_147,NEW_shp-47-51,1,1
2405070,47,NEW_1,47 Harbor,,0,NEW_147,NEW_shp-47-51,1,1
NEW_65020,47,NEW_3,47 Harbor,,0,NEW_147,NEW_shp-47-51,1,1
NEW_2007010,47,NEW_2,47 Harbor,,0,NEW_147,NEW_shp-47-51,1,1
2457070,47,NEW_1,47 Harbor,,0,NEW_147,NEW_shp-47-51,1,1
199010,47,NEW_2,47 Harbor,,0,NEW_147,NEW_shp-47-51,1,1
NEW_785070,47,NEW_1,47 Harbor,,0,NEW_147,NEW_shp-47-51,1,1
467010,47,NEW_2,47 Harbor,,0,NEW_147,NEW_shp-47-51,1,1
1804010,47,NEW_2,47 Harbor,,0,NEW_147,NEW_shp-47-51,1,1
981070,47,NEW_1,47 Harbor,,0,NEW_147,NEW_shp-47-51,1,1
NEW_314020,47,NEW_3,47 Harbor,,0,NEW_147,NEW_shp-47-51,1,1
NEW_678070,47,NEW_1,47 Harbor,,0,NEW_147,NEW_shp-47-51,1,1
389010,47,NEW_2,47 Harbor,,0,NEW_147,NEW_shp-47-51,1,1
648020,47,NEW_3,47 Harbor,,0,NEW_147,NEW_shp-47-51,1,1
2021070,47,NEW_1,47 Harbor,,0,NEW_147,NEW_shp-47-51,1,1
363020,47,NEW_3,47 Harbor,,0,NEW_147,NEW_shp-47-51,1,1
1814070,47,NEW_1,47 Harbor,,0,NEW_147,NEW_shp-47-51,1,1
347010,47,NEW_2,47 Harbor,,0,NEW_147,NEW_shp-47-51,1,1
NEW_1541020,47,NEW_3,47 Harbor,,0,NEW_147,NEW_shp-47-51,1,1
NEW_1191010,47,NEW_2,47 Harbor,,0,NEW_147,NEW_shp-47-51,1,1
2492070,47,NEW_1,47 Harbor,,0,NEW_147,NEW_shp-47-51,1,1
1428070,47,NEW_1,47 Harbor,,0,NEW_147,NEW_shp-47-51,1,1
NEW_946020,47,NEW_3,47 Harbor,,0,NEW_147,NEW_shp-47-51,1,1
NEW_2038020,47,NEW_3,47 Harbor,,0,NEW_147,NEW_shp-47-51,1,1
1063070,47,NEW_1,47 Harbor,,0,NEW_147,NEW_shp-47-51,1,1
NEW_241020,47,NEW_3,47 Harbor,,0,NEW_147,NEW_shp-47-51,1,1
NEW_379020,47,NEW_3,47 Harbor,,0,NEW_147,NEW_shp-47-51,1,1
NEW_2386020,47,NEW_3,47 Harbor,,0,NEW_147,NEW_shp-47-51,1,1
2288070,48,NEW_1,48 Bakerview Spur,,1,NEW_171X,NEW_shp-48-01,1,1
NEW_734070,48,NEW_1,48 Bakerview Spur,,1,NEW_371X,NEW_shp-48-01,1,1
786020,48,NEW_3,48 Bakerview Spur,,1,NEW_271X,NEW_shp-48-01,1,1
2052070,48,NEW_1,48 Bakerview Spur,,1,NEW_271X,NEW_shp-48-01,1,1
2174020,48,NEW_3,48 Bakerview Spur,,1,NEW_171X,NEW_shp-48-01,1,1
NEW_534020,48,NEW_3,48 Bakerview Spur,,1,NEW_571X,NEW_shp-48-01,1,1
2032020,48,NEW_3,48 Bakerview Spur,,1,NEW_371X,NEW_shp-48-01,1,1
650020,48,NEW_3,48 Bakerview Spur,,1,NEW_471X,NEW_shp-48-01,1,1
2413020,48,NEW_3,48 Cordata/WCC,,0,NEW_271X,NEW_shp-48-51,1,1
661020,48,NEW_3,48 Cordata/WCC,,0,NEW_371X,NEW_shp-48-51,1,1
NEW_2523070,48,NEW_1,48 Cordata/WCC,,0,NEW_271X,NEW_shp-48-51,1,1
2047070,48,NEW_1,48 Cordata/WCC,,0,NEW_371X,NEW_shp-48-51,1,1
NEW_67020,48,NEW_3,48 Cordata/WCC,,0,NEW_471X,NEW_shp-48-51,1,1
1169070,49,NEW_1,49 Bakerview Spur,,1,NEW_372X,NEW_shp-49-01,1,1
1931020,49,NEW_3,49 Bakerview Spur,,1,NEW_475,NEW_shp-49-01,1,1
777020,49,NEW_3,49 Bakerview Spur,,1,NEW_172X,NEW_shp-49-01,1,1
NEW_728020,49,NEW_3,49 Bakerview Spur,,1,NEW_275,NEW_shp-49-01,1,1
NEW_768020,49,NEW_3,49 Bakerview Spur,,1,NEW_4331,NEW_shp-49-01,1,1
899070,49,NEW_1,49 Bakerview Spur,,1,NEW_172X,NEW_shp-49-01,1,1
NEW_1441070,49,NEW_1,49 Bakerview Spur,,1,NEW_272X,NEW_shp-49-01,1,1
NEW_1100020,49,NEW_3,49 Bakerview Spur,,1,NEW_675,NEW_shp-49-01,1,1
1253020,49,NEW_3,49 Bakerview Spur,,1,NEW_372X,NEW_shp-49-01,1,1
NEW_2130020,49,NEW_3,49 Downtown,,0,NEW_1175,NEW_shp-49-51,1,1
NEW_671020,49,NEW_3,49 Downtown,,0,NEW_472X,NEW_shp-49-51,1,1
2467070,49,NEW_1,49 Downtown,,0,NEW_472X,NEW_shp-49-51,1,1
NEW_2153070,49,NEW_1,49 Downtown,,0,NEW_272X,NEW_shp-49-51,1,1
1259020,49,NEW_3,49 Downtown,,0,NEW_1275,NEW_shp-49-51,1,1
NEW_2208020,49,NEW_3,49 Downtown,,0,NEW_975,NEW_shp-49-51,1,1
1496070,49,NEW_1,49 Downtown,,0,NEW_372X,NEW_shp-49-51,1,1
NEW_2464020,49,NEW_3,49 Downtown,,0,NEW_1375,NEW_shp-49-51,1,1
NEW_1389020,5,NEW_3,5 Samish/Downtown,,1,45,shp-5-01,1,1
1402010,5,NEW_2,5 Samish/Downtown,,1,15,shp-5-01,1,1
1595070,5,NEW_1,5 Samish/Downtown,,1,45,shp-5-01,1,1
NEW_94070,5,NEW_1,5 Samish/Downtown,,1,25,shp-5-01,1,1
2328010,5,NEW_2,5 Samish/Downtown,,1,15,shp-5-01,1,1
NEW_1471070,5,NEW_1,5 Samish/Downtown,,1,45,shp-5-01,1,1
1816070,5,NEW_1,5 Samish/Downtown,,1,35,shp-5-01,1,1
937020,5,NEW_3,5 Samish/Downtown,,1,35,shp-5-01,1,1
NEW_1584070,5,NEW_1,5 Samish/Downtown,,1,15,shp-5-01,1,1
634010,5,NEW_2,5 Samish/Downtown,,1,15,shp-5-01,1,1
NEW_796020,5,NEW_3,5 Samish/Downtown,,1,35,shp-5-01,1,1
1255010,5,NEW_2,5 Samish/Downtown,,1,15,shp-5-01,1,1
54070,5,NEW_1,5 Samish/Downtown,,1,25,shp-5-01,1,1
NEW_1400070,5,NEW_1,5 Samish/Downtown,,1,35,shp-5-01,1,1
1123070,5,NEW_1,5 Samish/Downtown,,1,45,shp-5-01,1,1
203010,5,NEW_2,5 Samish/Downtown,,1,15,shp-5-01,1,1
NEW_2051010,5,NEW_2,5 Samish/Downtown,,1,15,shp-5-01,1,1
NEW_2505020,5,NEW_3,5 Samish/Downtown,,1,15,shp-5-01,1,1
1826070,5,NEW_1,5 Samish/Downtown,,1,45,shp-5-01,1,1
1798070,5,NEW_1,5 Samish/Downtown,,1,15,shp-5-01,1,1
2340010,5,NEW_2,5 Samish/Downtown,,1,15,shp-5-01,1,1
NEW_730020,5,NEW_3,5 Samish/Downtown,,1,25,shp-5-01,1,1
818020,5,NEW_3,5 Samish/Downtown,,1,25,shp-5-01,1,1
2352010,5,NEW_2,5 Samish/Downtown,,1,15,shp-5-01,1,1
2258020,5,NEW_3,5 Samish/Downtown,,1,35,shp-5-01,1,1
NEW_1572010,5,NEW_2,5 Samish/Downtown,,1,15,shp-5-01,1,1
2455010,5,NEW_2,5 Samish/Downtown,,1,15,shp-5-01,1,1
674020,5,NEW_3,5 Samish/Downtown,,1,15,shp-5-01,1,1
464020,5,NEW_3,5 Samish/Downtown,,1,25,shp-5-01,1,1
NEW_224020,5,NEW_3,5 Samish/Downtown,,1,35,shp-5-01,1,1
NEW_1434070,5,NEW_1,5 Samish/Downtown,,1,35,shp-5-01,1,1
1926020,5,NEW_3,5 Samish/Downtown,,1,45,shp-5-01,1,1
NEW_659020,5,NEW_3,5 Samish/Downtown,,1,45,shp-5-01,1,1
NEW_362020,5,NEW_3,5 Samish/Downtown,,1,45,shp-5-01,1,1
718070,5,NEW_1,5 Samish/Downtown,,1,15,shp-5-01,1,1
2005010,5,NEW_2,5 Samish/Downtown,,1,15,shp-5-01,1,1
2033010,5,NEW_2,5 Samish/Downtown,,1,15,shp-5-01,1,1
2536020,5,NEW_3,5 Samish/Downtown,,1,15,shp-5-01,1,1
1884070,5,NEW_1,5 Samish/Downtown,,1,35,shp-5-01,1,1
NEW_2246020,5,NEW_3,5 Samish/Fairhaven,,0,25,shp-5-51,1,1
1457070,5,NEW_1,5 Samish/Fairhaven,,0,35,shp-5-51,1,1
614020,5,NEW_3,5 Samish/Fairhaven,,0,35,shp-5-51,1,1
NEW_1901020,5,NEW_3,5 Samish/Fairhaven,,0,45,shp-5-51,1,1
156020,5,NEW_3,5 Samish/Fairhaven,,0,35,shp-5-51,1,1
1561070,5,NEW_1,5 Samish/Fairhaven,,0,35,shp-5-51,1,1
NEW_1460070,5,NEW_1,5 Samish/Fairhaven,,0,15,shp-5-51,1,1
NEW_1446010,5,NEW_2,5 Samish/Fairhaven,,0,15,shp-5-51,1,1
1740020,5,NEW_3,5 Samish/Fairhaven,,0,45,shp-5-51,1,1
NEW_210020,5,NEW_3,5 Samish/Fairhaven,,0,45,shp-5-51,1,1
1694020,5,NEW_3,5 Samish/Fairhaven,,0,35,shp-5-51,1,1
1634020,5,NEW_3,5 Samish/Fairhaven,,0,35,shp-5-51,1,1
NEW_666070,5,NEW_1,5 Samish/Fairhaven,,0,45,shp-5-51,1,1
597010,5,NEW_2,5 Samish/Fairhaven,,0,15,shp-5-51,1,1
1678020,5,NEW_3,5 Samish/Fairhaven,,0,25,shp-5-51,1,1
1858010,5,NEW_2,5 Samish/Fairhaven,,0,15,shp-5-51,1,1
NEW_809070,5,NEW_1,5 Samish/Fairhaven,,0,35,shp-5-51,1,1
1771010,5,NEW_2,5 Samish/Fairhaven,,0,15,shp-5-51,1,1
2394070,5,NEW_1,5 Samish/Fairhaven,,0,35,shp-5-51,1,1
2370010,5,NEW_2,5 Samish/Fairhaven,,0,15,shp-5-51,1,1
1586010,5,NEW_2,5 Samish/Fairhaven,,0,15,shp-5-51,1,1
NEW_1578020,5,NEW_3,5 Samish/Fairhaven,,0,15,shp-5-51,1,1
670010,5,NEW_2,5 Samish/Fairhaven,,0,15,shp-5-51,1,1
180010,5,NEW_2,5 Samish/Fairhaven,,0,15,shp-5-51,1,1
1773010,5,NEW_2,5 Samish/Fairhaven,,0,15,shp-5-51,1,1
1209010,5,NEW_2,5 Samish/Fairhaven,,0,15,shp-5-51,1,1
157070,5,NEW_1,5 Samish/Fairhaven,,0,45,shp-5-51,1,1
183020,5,NEW_3,5 Samish/Fairhaven,,0,45,shp-5-51,1,1
2044020,5,NEW_3,5 Samish/Fairhaven,,0,15,shp-5-51,1,1
1160070,5,NEW_1,5 Samish/Fairhaven,,0,15,shp-5-51,1,1
412070,5,NEW_1,5 Samish/Fairhaven,,0,15,shp-5-51,1,1
1021070,5,NEW_1,5 Samish/Fairhaven,,0,25,shp-5-51,1,1
NEW_2067020,5,NEW_3,5 Samish/Fairhaven,,0,25,shp-5-51,1,1
1638010,5,NEW_2,5 Samish/Fairhaven,,0,15,shp-5-51,1,1
136010,5,NEW_2,5 Samish/Fairhaven,,0,15,shp-5-51,1,1
1450070,5,NEW_1,5 Samish/Fairhaven,,0,25,shp-5-51,1,1
NEW_1486020,5,NEW_3,5 Samish/Fairhaven,,0,15,shp-5-51,1,1
NEW_1029070,5,NEW_1,5 Samish/Fairhaven,,0,45,shp-5-51,1,1
611070,5,NEW_1,5 Samish/Fairhaven,,0,45,shp-5-51,1,1
1354070,50,NEW_1,50 Cordata/WCC,,1,NEW_118,NEW_shp-50-01,1,1
1036070,50,NEW_1,50 Cordata/WCC,,1,NEW_218,NEW_shp-50-01,1,1
2395070,50,NEW_1,50 Cordata/WCC,,1,NEW_118,NEW_shp-50-01,1,1
2212010,50,NEW_2,50 Cordata/WCC,,1,NEW_218,NEW_shp-50-01,1,1
301020,50,NEW_3,50 Cordata/WCC,,1,NEW_218,NEW_shp-50-01,1,1
835020,50,NEW_3,50 Cordata/WCC,,1,NEW_218,NEW_shp-50-01,1,1
333010,50,NEW_2,50 Cordata/WCC,,1,NEW_118,NEW_shp-50-01,1,1
2046020,50,NEW_3,50 Cordata/WCC,,1,NEW_118,NEW_shp-50-01,1,1
856070,50,NEW_1,50 Cordata/WCC,,1,NEW_118,NEW_shp-50-01,1,1
NEW_2320020,50,NEW_3,50 Cordata/WCC,,1,NEW_118,NEW_shp-50-01,1,1
1861070,50,NEW_1,50 Cordata/WCC,,1,NEW_218,NEW_shp-50-01,1,1
826020,50,NEW_3,50 Cordata/WCC,,1,NEW_218,NEW_shp-50-01,1,1
NEW_2397070,50,NEW_1,50 Cordata/WCC,,1,NEW_218,NEW_shp-50-01,1,1
NEW_2039020,50,NEW_3,50 Cordata/WCC,,1,NEW_218,NEW_shp-50-01,1,1
878070,50,NEW_1,50 Cordata/WCC,,1,NEW_118,NEW_shp-50-01,1,1
2219010,50,NEW_2,50 Cordata/WCC,,1,NEW_218,NEW_shp-50-01,1,1
NEW_2434020,50,NEW_3,50 Cordata/WCC,,1,NEW_118,NEW_shp-50-01,1,1
2291020,50,NEW_3,50 Cordata/WCC,,1,NEW_118,NEW_shp-50-01,1,1
64010,50,NEW_2,50 Cordata/WCC,,1,NEW_118,NEW_shp-50-01,1,1
1619010,50,NEW_2,50 Cordata/WCC,,1,NEW_218,NEW_shp-50-01,1,1
NEW_56020,50,NEW_3,50 Cordata/WCC,,1,NEW_218,NEW_shp-50-01,1,1
579010,50,NEW_2,50 Cordata/WCC,,1,NEW_218,NEW_shp-50-01,1,1
NEW_474070,50,NEW_1,50 Cordata/WCC,,1,NEW_218,NEW_shp-50-01,1,1
1214010,50,NEW_2,50 Cordata/WCC,,1,NEW_118,NEW_shp-50-01,1,1
414010,50,NEW_2,50 Cordata/WCC,,1,NEW_118,NEW_shp-50-01,1,1
NEW_951020,50,NEW_3,50 Cordata/WCC,,1,NEW_218,NEW_shp-50-01,1,1
1626070,50,NEW_1,50 Cordata/WCC,,1,NEW_118,NEW_shp-50-01,1,1
1127020,50,NEW_3,50 Cordata/WCC,,1,NEW_118,NEW_shp-50-01,1,1
2337070,50,NEW_1,50 Cordata/WCC,,1,NEW_118,NEW_shp-50-01,1,1
NEW_508070,50,NEW_1,50 Cordata/WCC,,1,NEW_218,NEW_shp-50-01,1,1
1378010,50,NEW_2,50 Cordata/WCC,,1,NEW_218,NEW_shp-50-01,1,1
1621020,50,NEW_3,50 Cordata/WCC,,1,NEW_118,NEW_shp-50-01,1,1
1182020,50,NEW_3,50 Cordata/WCC,,1,NEW_118,NEW_shp-50-01,1,1
2375020,50,NEW_3,50 Cordata/WCC,,1,NEW_218,NEW_shp-50-01,1,1
1163010,50,NEW_2,50 Cordata/WCC,,1,NEW_118,NEW_shp-50-01,1,1
NEW_1870010,50,NEW_2,50 Lummi Nation,,0,NEW_218,NEW_shp-50-51,1,1
1991020,50,NEW_3,50 Lummi Nation,,0,NEW_118,NEW_shp-50-51,1,1
NEW_1179020,50,NEW_3,50 Lummi Nation,,0,NEW_118,NEW_shp-50-51,1,1
2143010,50,NEW_2,50 Lummi Nation,,0,NEW_218,NEW_shp-50-51,1,1
NEW_1266070,50,NEW_1,50 Lummi Nation,,0,NEW_218,NEW_shp-50-51,1,1
NEW_1408070,50,NEW_1,50 Lummi Nation,,0,NEW_118,NEW_shp-50-51,1,1
NEW_52020,50,NEW_3,50 Lummi Nation,,0,NEW_218,NEW_shp-50-51,1,1
NEW_1421020,50,NEW_3,50 Lummi Nation,,0,NEW_118,NEW_shp-50-51,1,1
461020,50,NEW_3,50 Lummi Nation,,0,NEW_118,NEW_shp-50-51,1,1
1361020,50,NEW_3,50 Lummi Nation,,0,NEW_218,NEW_shp-50-51,1,1
208010,50,NEW_2,50 Lummi Nation,,0,NEW_218,NEW_shp-50-51,1,1
2200070,50,NEW_1,50 Lummi Nation,,0,NEW_118,NEW_shp-50-51,1,1
1734020,50,NEW_3,50 Lummi Nation,,0,NEW_118,NEW_shp-50-51,1,1
NEW_489020,50,NEW_3,50 Lummi Nation,,0,NEW_118,NEW_shp-50-51,1,1
2028020,50,NEW_3,50 Lummi Nation,,0,NEW_218,NEW_shp-50-51,1,1
1824010,50,NEW_2,50 Lummi Nation,,0,NEW_118,NEW_shp-50-51,1,1
652020,50,NEW_3,50 Lummi Nation,,0,NEW_118,NEW_shp-50-51,1,1
1384020,50,NEW_3,50 Lummi Nation,,0,NEW_218,NEW_shp-50-51,1,1
1360020,50,NEW_3,50 Lummi Nation,,0,NEW_218,NEW_shp-50-51,1,1
1712010,50,NEW_2,50 Lummi Nation,,0,NEW_118,NEW_shp-50-51,1,1
NEW_1776070,50,NEW_1,50 Lummi Nation,,0,NEW_218,NEW_shp-50-51,1,1
624070,50,NEW_1,50 Lummi Nation,,0,NEW_218,NEW_shp-50-51,1,1
NEW_1962010,50,NEW_2,50 Lummi Nation,,0,NEW_118,NEW_shp-50-51,1,1
NEW_2527070,50,NEW_1,50 Lummi Nation,,0,NEW_118,NEW_shp-50-51,1,1
1141070,50,NEW_1,50 Lummi Nation,,0,NEW_218,NEW_shp-50-51,1,1
961010,50,NEW_2,50 Lummi Nation,,0,NEW_118,NEW_shp-50-51,1,1
1985070,50,NEW_1,50 Lummi Nation,,0,NEW_118,NEW_shp-50-51,1,1
1080020,50,NEW_3,50 Lummi Nation,,0,NEW_218,NEW_shp-50-51,1,1
NEW_2236070,50,NEW_1,50 Lummi Nation,,0,NEW_218,NEW_shp-50-51,1,1
1806070,50,NEW_1,50 Lummi Nation,,0,NEW_118,NEW_shp-50-51,1,1
881010,50,NEW_2,50 Lummi Nation,,0,NEW_118,NEW_shp-50-51,1,1
NEW_2252070,50,NEW_1,50 Lummi Nation,,0,NEW_118,NEW_shp-50-51,1,1
NEW_1717020,50,NEW_3,50 Lummi Nation,,0,NEW_218,NEW_shp-50-51,1,1
NEW_1865010,50,NEW_2,50 Lummi Nation,,0,NEW_218,NEW_shp-50-51,1,1
1786010,50,NEW_2,50 Lummi Nation,,0,NEW_218,NEW_shp-50-51,1,1
NEW_947020,512,NEW_3,512 Downtown,,1,NEW_1512,NEW_shp-512-02,1,1
1019010,512,NEW_2,512 Downtown,,1,NEW_1512,NEW_shp-512-02,1,1
1785070,512,NEW_1,512 Downtown,,1,NEW_1512,NEW_shp-512-02,1,1
NEW_1206070,512,NEW_1,512 Downtown,,1,NEW_1512,NEW_shp-512-02,1,1
2168070,512,NEW_1,512 Downtown,,1,NEW_1512,NEW_shp-512-02,1,1
458020,512,NEW_3,512 Downtown,,1,NEW_1512,NEW_shp-512-02,1,1
NEW_586070,512,NEW_1,512 Downtown,,1,NEW_1512,NEW_shp-512-02,1,1
2402020,512,NEW_3,512 Downtown,,1,NEW_1512,NEW_shp-512-02,1,1
470010,512,NEW_2,512 Downtown,,1,NEW_1512,NEW_shp-512-02,1,1
1854020,512,NEW_3,512 Downtown,,1,NEW_1512,NEW_shp-512-02,1,1
NEW_984070,512,NEW_1,512 Downtown,,1,NEW_1512,NEW_shp-512-02,1,1
348070,512,NEW_1,512 Downtown,,1,NEW_1512,NEW_shp-512-02,1,1
1372010,512,NEW_2,512 Downtown,,1,NEW_1512,NEW_shp-512-02,1,1
NEW_1700020,512,NEW_3,512 Downtown,,1,NEW_1512,NEW_shp-512-02,1,1
851010,512,NEW_2,512 Downtown,,1,NEW_1512,NEW_shp-512-02,1,1
NEW_2412020,512,NEW_3,512 Downtown,,1,NEW_1512,NEW_shp-512-02,1,1
2388010,512,NEW_2,512 Downtown,,1,NEW_1512,NEW_shp-512-02,1,1
1039010,512,NEW_2,512 Downtown,,1,NEW_1512,NEW_shp-512-02,1,1
1974020,512,NEW_3,512 Downtown,,1,NEW_1512,NEW_shp-512-02,1,1
NEW_789020,512,NEW_3,512 Downtown,,1,NEW_1512,NEW_shp-512-02,1,1
780010,512,NEW_2,512 Downtown,,1,NEW_1512,NEW_shp-512-02,1,1
615010,512,NEW_2,512 Downtown,,1,NEW_1512,NEW_shp-512-02,1,1
NEW_994020,512,NEW_3,512 Downtown,,1,NEW_1512,NEW_shp-512-02,1,1
583070,512,NEW_1,512 Downtown,,1,NEW_1512,NEW_shp-512-02,1,1
526020,512,NEW_3,512 Downtown,,1,NEW_1512,NEW_shp-512-02,1,1
504070,512,NEW_1,512 Downtown,,1,NEW_1512,NEW_shp-512-02,1,1
NEW_976070,512,NEW_1,512 Downtown,,1,NEW_1512,NEW_shp-512-01,1,1
717010,512,NEW_2,512 Downtown,,1,NEW_1512,NEW_shp-512-02,1,1
NEW_1729020,512,NEW_3,512 Downtown,,1,NEW_1512,NEW_shp-512-01,1,1
292070,512,NEW_1,512 Downtown,,1,NEW_1512,NEW_shp-512-02,1,1
2398070,512,NEW_1,512 Downtown,,1,NEW_1512,NEW_shp-512-02,1,1
1853070,512,NEW_1,512 Downtown,,1,NEW_1512,NEW_shp-512-02,1,1
NEW_181070,512,NEW_1,512 Downtown,,1,NEW_1512,NEW_shp-512-02,1,1
NEW_1436010,512,NEW_2,512 Downtown,,1,NEW_1512,NEW_shp-512-02,1,1
2374070,512,NEW_1,512 Downtown,,1,NEW_1512,NEW_shp-512-02,1,1
2255020,512,NEW_3,512 Downtown,,1,NEW_1512,NEW_shp-512-02,1,1
1032010,512,NEW_2,512 Downtown,,1,NEW_1512,NEW_shp-512-02,1,1
2116020,512,NEW_3,512 Downtown,,1,NEW_1512,NEW_shp-512-02,1,1
1882010,512,NEW_2,512 Downtown,,1,NEW_1512,NEW_shp-512-02,1,1
923070,512,NEW_1,512 Downtown,,1,NEW_1512,NEW_shp-512-02,1,1
1668020,512,NEW_3,512 Downtown,,1,NEW_1512,NEW_shp-512-02,1,1
1986010,512,NEW_2,512 Downtown,,1,NEW_1512,NEW_shp-512-02,1,1
962020,512,NEW_3,512 Downtown,,1,NEW_1512,NEW_shp-512-02,1,1
NEW_373020,512,NEW_3,512 Downtown,,1,NEW_1512,NEW_shp-512-02,1,1
644020,512,NEW_3,512 Lakeway,,0,NEW_1512,NEW_shp-512-51,1,1
2189070,512,NEW_1,512 Lakeway,,0,NEW_1512,NEW_shp-512-51,1,1
1390010,512,NEW_2,512 Sudden Valley,,0,NEW_1512,NEW_shp-512-52,1,1
1040070,512,NEW_1,512 Sudden Valley,,0,NEW_1512,NEW_shp-512-52,1,1
2156070,512,NEW_1,512 Sudden Valley,,0,NEW_1512,NEW_shp-512-52,1,1
1993020,512,NEW_3,512 Sudden Valley,,0,NEW_1512,NEW_shp-512-52,1,1
232010,512,NEW_2,512 Sudden Valley,,0,NEW_1512,NEW_shp-512-52,1,1
NEW_1754070,512,NEW_1,512 Sudden Valley,,0,NEW_1512,NEW_shp-512-52,1,1
262010,512,NEW_2,512 Sudden Valley,,0,NEW_1512,NEW_shp-512-52,1,1
NEW_1023070,512,NEW_1,512 Sudden Valley,,0,NEW_1512,NEW_shp-512-52,1,1
NEW_1279010,512,NEW_2,512 Sudden Valley,,0,NEW_1512,NEW_shp-512-52,1,1
2099020,512,NEW_3,512 Sudden Valley,,0,NEW_1512,NEW_shp-512-52,1,1
NEW_231070,512,NEW_1,512 Sudden Valley,,0,NEW_1512,NEW_shp-512-52,1,1
NEW_968020,512,NEW_3,512 Sudden Valley,,0,NEW_1512,NEW_shp-512-52,1,1
NEW_1801020,512,NEW_3,512 Sudden Valley,,0,NEW_1512,NEW_shp-512-52,1,1
539070,512,NEW_1,512 Sudden Valley,,0,NEW_1512,NEW_shp-512-52,1,1
1618020,512,NEW_3,512 Sudden Valley,,0,NEW_1512,NEW_shp-512-52,1,1
2059020,512,NEW_3,512 Sudden Valley,,0,NEW_1512,NEW_shp-512-52,1,1
672070,512,NEW_1,512 Sudden Valley,,0,NEW_1512,NEW_shp-512-52,1,1
NEW_465020,512,NEW_3,512 Sudden Valley,,0,NEW_1512,NEW_shp-512-52,1,1
1404020,512,NEW_3,512 Sudden Valley,,0,NEW_1512,NEW_shp-512-52,1,1
2194070,512,NEW_1,512 Sudden Valley,,0,NEW_1512,NEW_shp-512-52,1,1
NEW_147070,512,NEW_1,512 Sudden Valley,,0,NEW_1512,NEW_shp-512-52,1,1
317010,512,NEW_2,512 Sudden Valley,,0,NEW_1512,NEW_shp-512-52,1,1
2335010,512,NEW_2,512 Sudden Valley,,0,NEW_1512,NEW_shp-512-52,1,1
NEW_498010,512,NEW_2,512 Sudden Valley,,0,NEW_1512,NEW_shp-512-52,1,1
996010,512,NEW_2,512 Sudden Valley,,0,NEW_1512,NEW_shp-512-52,1,1
42010,512,NEW_2,512 Sudden Valley,,0,NEW_1512,NEW_shp-512-52,1,1
114020,512,NEW_3,512 Sudden Valley,,0,NEW_1512,NEW_shp-512-52,1,1
2122010,512,NEW_2,512 Sudden Valley,,0,NEW_1512,NEW_shp-512-52,1,1
1339020,512,NEW_3,512 Sudden Valley,,0,NEW_1512,NEW_shp-512-52,1,1
NEW_1898070,512,NEW_1,512 Sudden Valley,,0,NEW_1512,NEW_shp-512-53,1,1
2176070,512,NEW_1,512 Sudden Valley,,0,NEW_1512,NEW_shp-512-52,1,1
1680010,512,NEW_2,512 Sudden Valley,,0,NEW_1512,NEW_shp-512-52,1,1
NEW_2249070,512,NEW_1,512 Sudden Valley,,0,NEW_1512,NEW_shp-512-52,1,1
1635070,512,NEW_1,512 Sudden Valley,,0,NEW_1512,NEW_shp-512-52,1,1
1289070,512,NEW_1,512 Sudden Valley,,0,NEW_1512,NEW_shp-512-52,1,1
NEW_590020,512,NEW_3,512 Sudden Valley,,0,NEW_1512,NEW_shp-512-52,1,1
1736020,512,NEW_3,512 Sudden Valley,,0,NEW_1512,NEW_shp-512-52,1,1
NEW_754020,512,NEW_3,512 Sudden Valley,,0,NEW_1512,NEW_shp-512-52,1,1
1498010,512,NEW_2,512 Sudden Valley,,0,NEW_1512,NEW_shp-512-52,1,1
900020,512,NEW_3,512 Sudden Valley,,0,NEW_1512,NEW_shp-512-52,1,1
1742010,512,NEW_2,512 Sudden Valley,,0,NEW_1512,NEW_shp-512-53,1,1
471020,512,NEW_3,512 Sudden Valley,,0,NEW_1512,NEW_shp-512-52,1,1
2227010,525,NEW_2,525 Barkley,,1,NEW_1525,NEW_shp-525-51,1,1
1379010,525,NEW_2,525 Barkley,,1,NEW_1525,NEW_shp-525-51,1,1
1002010,525,NEW_2,525 Barkley,,1,NEW_1525,NEW_shp-525-51,1,1
1930070,525,NEW_1,525 Barkley,,1,NEW_1525,NEW_shp-525-51,1,1
NEW_940020,525,NEW_3,525 Barkley,,1,NEW_1525,NEW_shp-525-51,1,1
NEW_1183070,525,NEW_1,525 Barkley,,1,NEW_1525,NEW_shp-525-51,1,1
2528020,525,NEW_3,525 Barkley,,1,NEW_1525,NEW_shp-525-51,1,1
2157010,525,NEW_2,525 Barkley,,1,NEW_1525,NEW_shp-525-51,1,1
NEW_801070,525,NEW_1,525 Barkley,,1,NEW_1525,NEW_shp-525-51,1,1
1200010,525,NEW_2,525 Barkley,,1,NEW_1525,NEW_shp-525-51,1,1
NEW_1153010,525,NEW_2,525 Barkley,,1,NEW_1525,NEW_shp-525-51,1,1
773010,525,NEW_2,525 Barkley,,1,NEW_1525,NEW_shp-525-51,1,1
NEW_1996020,525,NEW_3,525 Barkley,,1,NEW_1525,NEW_shp-525-51,1,1
NEW_793070,525,NEW_1,525 Barkley,,1,NEW_1525,NEW_shp-525-51,1,1
2042070,525,NEW_1,525 Barkley,,1,NEW_1525,NEW_shp-525-51,1,1
NEW_752020,525,NEW_3,525 Barkley,,1,NEW_1525,NEW_shp-525-51,1,1
2416020,525,NEW_3,525 Barkley,,1,NEW_1525,NEW_shp-525-51,1,1
NEW_2133020,525,NEW_3,525 Barkley,,1,NEW_1525,NEW_shp-525-51,1,1
1412010,525,NEW_2,525 Barkley,,1,NEW_1525,NEW_shp-525-51,1,1
1928070,525,NEW_1,525 Barkley,,1,NEW_1525,NEW_shp-525-51,1,1
2331070,525,NEW_1,525 Barkley,,1,NEW_1525,NEW_shp-525-51,1,1
1574020,525,NEW_3,525 Barkley,,1,NEW_1525,NEW_shp-525-51,1,1
883010,525,NEW_2,525 Barkley,,1,NEW_1525,NEW_shp-525-51,1,1
NEW_550070,525,NEW_1,525 Barkley,,1,NEW_1525,NEW_shp-525-51,1,1
NEW_73070,525,NEW_1,525 Barkley,,1,NEW_1525,NEW_shp-525-51,1,1
NEW_151020,525,NEW_3,525 Barkley,,1,NEW_1525,NEW_shp-525-51,1,1
1017010,525,NEW_2,525 Barkley,,1,NEW_1525,NEW_shp-525-51,1,1
NEW_1747070,525,NEW_1,525 Barkley,,1,NEW_1525,NEW_shp-525-51,1,1
649020,525,NEW_3,525 Barkley,,1,NEW_1525,NEW_shp-525-51,1,1
1475070,525,NEW_1,525 Barkley,,1,NEW_1525,NEW_shp-525-51,1,1
NEW_1547020,525,NEW_3,525 Barkley,,1,NEW_1525,NEW_shp-525-51,1,1
NEW_807020,525,NEW_3,525 Barkley,,1,NEW_1525,NEW_shp-525-51,1,1
426010,525,NEW_2,525 Barkley,,1,NEW_1525,NEW_shp-525-51,1,1
NEW_238020,525,NEW_3,525 Barkley,,1,NEW_1525,NEW_shp-525-51,1,1
1318020,525,NEW_3,525 Barkley,,1,NEW_672X,NEW_shp-525-51,1,1
594020,525,NEW_3,525 Downtown,,0,NEW_672X,NEW_shp-525-03,1,1
460070,525,NEW_1,525 Downtown,,0,NEW_1525,NEW_shp-525-03,1,1
2307020,525,NEW_3,525 Downtown,,0,NEW_1525,NEW_shp-525-03,1,1
NEW_2086010,525,NEW_2,525 Downtown,,0,NEW_1525,NEW_shp-525-03,1,1
1250070,525,NEW_1,525 Downtown,,0,NEW_1525,NEW_shp-525-03,1,1
99010,525,NEW_2,525 Downtown,,0,NEW_1525,NEW_shp-525-03,1,1
2420070,525,NEW_1,525 Downtown,,0,NEW_1525,NEW_shp-525-03,1,1
1355070,525,NEW_1,525 Downtown,,0,NEW_1525,NEW_shp-525-03,1,1
NEW_1037070,525,NEW_1,525 Downtown,,0,NEW_1525,NEW_shp-525-03,1,1
2240010,525,NEW_2,525 Downtown,,0,NEW_1525,NEW_shp-525-03,1,1
1534010,525,NEW_2,525 Downtown,,0,NEW_1525,NEW_shp-525-03,1,1
NEW_929020,525,NEW_3,525 Downtown,,0,NEW_1525,NEW_shp-525-03,1,1
833010,525,NEW_2,525 Downtown,,0,NEW_1525,NEW_shp-525-03,1,1
NEW_298020,525,NEW_3,525 Downtown,,0,NEW_1525,NEW_shp-525-03,1,1
1792020,525,NEW_3,525 Downtown,,0,NEW_1525,NEW_shp-525-03,1,1
1856010,525,NEW_2,525 Downtown,,0,NEW_1525,NEW_shp-525-03,1,1
NEW_1190010,525,NEW_2,525 Downtown,,0,NEW_1525,NEW_shp-525-03,1,1
NEW_34020,525,NEW_3,525 Downtown,,0,NEW_1525,NEW_shp-525-03,1,1
729070,525,NEW_1,525 Downtown,,0,NEW_1525,NEW_shp-525-03,1,1
NEW_2389020,525,NEW_3,525 Downtown,,0,NEW_1525,NEW_shp-525-03,1,1
NEW_1685010,525,NEW_2,525 Downtown,,0,NEW_1525,NEW_shp-525-03,1,1
NEW_1256070,525,NEW_1,525 Downtown,,0,NEW_1525,NEW_shp-525-03,1,1
87020,525,NEW_3,525 Downtown,,0,NEW_1525,NEW_shp-525-03,1,1
1878020,525,NEW_3,525 Downtown,,0,NEW_1525,NEW_shp-525-03,1,1
1426020,525,NEW_3,525 Downtown,,0,NEW_1525,NEW_shp-525-03,1,1
1983070,525,NEW_1,525 Downtown,,0,NEW_1525,NEW_shp-525-03,1,1
NEW_1507020,525,NEW_3,525 Downtown,,0,NEW_1525,NEW_shp-525-03,1,1
1420010,525,NEW_2,525 Downtown,,0,NEW_1525,NEW_shp-525-03,1,1
NEW_344070,525,NEW_1,525 Downtown,,0,NEW_1525,NEW_shp-525-03,1,1
NEW_2192020,525,NEW_3,525 Downtown,,0,NEW_1525,NEW_shp-525-03,1,1
1674010,525,NEW_2,525 Downtown,,0,NEW_1525,NEW_shp-525-03,1,1
1427010,525,NEW_2,525 Downtown,,0,NEW_1525,NEW_shp-525-03,1,1
1479070,525,NEW_1,525 Downtown,,0,NEW_1525,NEW_shp-525-03,1,1
1582020,525,NEW_3,525 Downtown,,0,NEW_1525,NEW_shp-525-03,1,1
NEW_495020,525,NEW_3,525 Downtown,,0,NEW_1525,NEW_shp-525-03,1,1
1799020,533,NEW_3,533 Downtown,,1,NEW_2533,NEW_shp-533-03,1,1
NEW_1025070,533,NEW_1,533 Downtown,,1,NEW_1533,NEW_shp-533-03,1,1
1251070,533,NEW_1,533 Downtown,,1,NEW_2533,NEW_shp-533-03,1,1
402070,533,NEW_1,533 Downtown,,1,NEW_2533,NEW_shp-533-03,1,1
1067020,533,NEW_3,533 Downtown,,1,NEW_2533,NEW_shp-533-03,1,1
1109020,533,NEW_3,533 Downtown,,1,NEW_2533,NEW_shp-533-03,1,1
NEW_1968070,533,NEW_1,533 Downtown,,1,NEW_1533,NEW_shp-533-03,1,1
NEW_2361070,533,NEW_1,533 Downtown,,1,NEW_2533,NEW_shp-533-03,1,1
NEW_917020,533,NEW_3,533 Downtown,,1,NEW_1533,NEW_shp-533-03,1,1
890020,533,NEW_3,533 Downtown,,1,NEW_1533,NEW_shp-533-03,1,1
2190070,533,NEW_1,533 Downtown,,1,NEW_2533,NEW_shp-533-03,1,1
NEW_2001020,533,NEW_3,533 Downtown,,1,NEW_2533,NEW_shp-533-03,1,1
1057020,533,NEW_3,533 Downtown,,1,NEW_1533,NEW_shp-533-03,1,1
1083020,533,NEW_3,533 Downtown,,1,NEW_2533,NEW_shp-533-03,1,1
NEW_1999070,533,NEW_1,533 Downtown,,1,NEW_1533,NEW_shp-533-03,1,1
NEW_552020,533,NEW_3,533 Downtown,,1,NEW_2533,NEW_shp-533-03,1,1
NEW_1570020,533,NEW_3,533 Downtown,,1,NEW_1533,NEW_shp-533-03,1,1
667070,533,NEW_1,533 Downtown,,1,NEW_1533,NEW_shp-533-03,1,1
250020,533,NEW_3,533 Downtown,,1,NEW_1533,NEW_shp-533-03,1,1
1518070,533,NEW_1,533 Downtown,,1,NEW_1533,NEW_shp-533-03,1,1
1811020,533,NEW_3,533 Downtown,,1,NEW_1533,NEW_shp-533-03,1,1
1927070,533,NEW_1,533 Downtown,,1,NEW_2533,NEW_shp-533-03,1,1
NEW_2445070,533,NEW_1,533 Yew St,,0,NEW_2533,NEW_shp-533-02,1,1
1220070,533,NEW_1,533 Yew St,,0,NEW_1533,NEW_shp-533-02,1,1
1842020,533,NEW_3,533 Yew St,,0,NEW_2533,NEW_shp-533-02,1,1
NEW_1278070,533,NEW_1,533 Yew St,,0,NEW_1533,NEW_shp-533-02,1,1
1714020,533,NEW_3,533 Yew St,,0,NEW_2533,NEW_shp-533-02,1,1
NEW_260070,533,NEW_1,533 Yew St,,0,NEW_2533,NEW_shp-533-02,1,1
2453070,533,NEW_1,533 Yew St,,0,NEW_1533,NEW_shp-533-02,1,1
1263070,533,NEW_1,533 Yew St,,0,NEW_1533,NEW_shp-533-02,1,1
1906020,533,NEW_3,533 Yew St,,0,NEW_1533,NEW_shp-533-02,1,1
NEW_1675020,533,NEW_3,533 Yew St,,0,NEW_2533,NEW_shp-533-02,1,1
2465020,533,NEW_3,533 Yew St,,0,NEW_1533,NEW_shp-533-02,1,1
NEW_1676070,533,NEW_1,533 Yew St,,0,NEW_2533,NEW_shp-533-02,1,1
NEW_2213070,533,NEW_1,533 Yew St,,0,NEW_2533,NEW_shp-533-02,1,1
485020,533,NEW_3,533 Yew St,,0,NEW_1533,NEW_shp-533-02,1,1
NEW_530020,533,NEW_3,533 Yew St,,0,NEW_1533,NEW_shp-533-02,1,1
NEW_1703020,533,NEW_3,533 Yew St,,0,NEW_2533,NEW_shp-533-02,1,1
429070,533,NEW_1,533 Yew St,,0,NEW_2533,NEW_shp-533-02,1,1
NEW_1671020,533,NEW_3,533 Yew St,,0,NEW_1533,NEW_shp-533-02,1,1
2509020,533,NEW_3,533 Yew St,,0,NEW_2533,NEW_shp-533-02,1,1
422020,533,NEW_3,533 Yew St,,0,NEW_1533,NEW_shp-533-02,1,1
NEW_2341070,533,NEW_1,533 Yew St,,0,NEW_1533,NEW_shp-533-02,1,1
626020,533,NEW_3,533 Yew St,,0,NEW_2533,NEW_shp-533-02,1,1
NEW_991070,540,NEW_1,540 Downtown,,1,NEW_2533,NEW_shp-540-02,1,1
NEW_1531020,540,NEW_3,540 Downtown,,1,NEW_2533,NEW_shp-540-02,1,1
1173020,540,NEW_3,540 Downtown,,1,NEW_2533,NEW_shp-540-02,1,1
NEW_1672020,540,NEW_3,540 Downtown,,1,NEW_1533,NEW_shp-540-02,1,1
NEW_117020,540,NEW_3,540 Downtown,,1,NEW_2533,NEW_shp-540-02,1,1
1433070,540,NEW_1,540 Downtown,,1,NEW_1533,NEW_shp-540-02,1,1
128070,540,NEW_1,540 Downtown,,1,NEW_1533,NEW_shp-540-02,1,1
NEW_496070,540,NEW_1,540 Downtown,,1,NEW_2533,NEW_shp-540-02,1,1
NEW_2226070,540,NEW_1,540 Downtown,,1,NEW_1533,NEW_shp-540-02,1,1
89020,540,NEW_3,540 Downtown,,1,NEW_1533,NEW_shp-540-02,1,1
2376070,540,NEW_1,540 Downtown,,1,NEW_2533,NEW_shp-540-02,1,1
1350020,540,NEW_3,540 Downtown,,1,NEW_2533,NEW_shp-540-02,1,1
895070,540,NEW_1,540 Downtown,,1,NEW_1533,NEW_shp-540-02,1,1
2309020,540,NEW_3,540 Downtown,,1,NEW_2533,NEW_shp-540-02,1,1
369020,540,NEW_3,540 Downtown,,1,NEW_1533,NEW_shp-540-02,1,1
NEW_1377020,540,NEW_3,540 Downtown,,1,NEW_1533,NEW_shp-540-02,1,1
NEW_1599070,540,NEW_1,540 Downtown,,1,NEW_2533,NEW_shp-540-02,1,1
NEW_1147070,540,NEW_1,540 Downtown,,1,NEW_2533,NEW_shp-540-02,1,1
NEW_2418020,540,NEW_3,540 Downtown,,1,NEW_1533,NEW_shp-540-02,1,1
NEW_2074020,540,NEW_3,540 Downtown,,1,NEW_2533,NEW_shp-540-02,1,1
NEW_1872020,540,NEW_3,540 Downtown,,1,NEW_1533,NEW_shp-540-02,1,1
2103070,540,NEW_1,540 Downtown,,1,NEW_1533,NEW_shp-540-02,1,1
1995070,540,NEW_1,540 Sunset,,0,NEW_2533,NEW_shp-540-51,1,1
NEW_1478070,540,NEW_1,540 Sunset,,0,NEW_1533,NEW_shp-540-51,1,1
2115020,540,NEW_3,540 Sunset,,0,NEW_2533,NEW_shp-540-51,1,1
2172020,540,NEW_3,540 Sunset,,0,NEW_1533,NEW_shp-540-51,1,1
164070,540,NEW_1,540 Sunset,,0,NEW_2533,NEW_shp-540-51,1,1
358020,540,NEW_3,540 Sunset,,0,NEW_1533,NEW_shp-540-51,1,1
2411070,540,NEW_1,540 Sunset,,0,NEW_2533,NEW_shp-540-51,1,1
641070,540,NEW_1,540 Sunset,,0,NEW_1533,NEW_shp-540-51,1,1
992020,540,NEW_3,540 Sunset,,0,NEW_1533,NEW_shp-540-51,1,1
2036020,540,NEW_3,540 Sunset,,0,NEW_2533,NEW_shp-540-51,1,1
323020,540,NEW_3,540 Sunset,,1,NEW_1533,NEW_shp-540-01,1,1
459020,540,NEW_3,540 Sunset,,0,NEW_1533,NEW_shp-540-51,1,1
1647070,540,NEW_1,540 Sunset,,1,NEW_2533,NEW_shp-540-01,1,1
2514020,540,NEW_3,540 Sunset,,0,NEW_1533,NEW_shp-540-51,1,1
1074070,540,NEW_1,540 Sunset,,0,NEW_2533,NEW_shp-540-51,1,1
1162070,540,NEW_1,540 Sunset,,0,NEW_1533,NEW_shp-540-51,1,1
2362020,540,NEW_3,540 Sunset,,0,NEW_2533,NEW_shp-540-51,1,1
1905070,540,NEW_1,540 Sunset,,0,NEW_1533,NEW_shp-540-51,1,1
1579070,540,NEW_1,540 Sunset,,0,NEW_1533,NEW_shp-540-51,1,1
93020,540,NEW_3,540 Sunset,,0,NEW_2533,NEW_shp-540-51,1,1
1092020,540,NEW_3,540 Sunset,,0,NEW_2533,NEW_shp-540-51,1,1
NEW_645020,540,NEW_3,540 Sunset,,0,NEW_1533,NEW_shp-540-51,1,1
222020,540,NEW_3,540 Sunset,,0,NEW_2533,NEW_shp-540-51,1,1
680070,540,NEW_1,540 Sunset,,0,NEW_2533,NEW_shp-540-51,1,1
NEW_1987020,6,NEW_3,6 Downtown,,1,25,shp-6-01,1,1
NEW_1265070,6,NEW_1,6 Downtown,,1,45,shp-6-01,1,1
1825070,6,NEW_1,6 Downtown,,1,15,shp-6-01,1,1
NEW_1616070,6,NEW_1,6 Downtown,,1,25,shp-6-01,1,1
2257070,6,NEW_1,6 Downtown,,1,35,shp-6-01,1,1
2334020,6,NEW_3,6 Downtown,,1,15,shp-6-01,1,1
2541070,6,NEW_1,6 Downtown,,1,15,shp-6-01,1,1
2531070,6,NEW_1,6 Downtown,,1,45,shp-6-01,1,1
NEW_1133020,6,NEW_3,6 Downtown,,1,15,shp-6-01,1,1
NEW_1232020,6,NEW_3,6 Downtown,,1,25,shp-6-01,1,1
NEW_1522020,6,NEW_3,6 Downtown,,1,35,shp-6-01,1,1
308070,6,NEW_1,6 Downtown,,1,45,shp-6-01,1,1
501020,6,NEW_3,6 Downtown,,1,35,shp-6-01,1,1
123070,6,NEW_1,6 Downtown,,1,35,shp-6-01,1,1
NEW_1321070,6,NEW_1,6 Downtown,,1,35,shp-6-01,1,1
NEW_405070,6,NEW_1,6 Downtown,,1,35,shp-6-01,1,1
791020,6,NEW_3,6 Downtown,,1,45,shp-6-01,1,1
1780020,6,NEW_3,6 Downtown,,1,15,shp-6-01,1,1
2220020,6,NEW_3,6 Downtown,,1,35,shp-6-01,1,1
NEW_9070,6,NEW_1,6 Downtown,,1,15,shp-6-01,1,1
153020,6,NEW_3,6 Downtown,,1,45,shp-6-01,1,1
NEW_1837020,6,NEW_3,6 Downtown,,1,45,shp-6-01,1,1
462020,6,NEW_3,6 Downtown,,1,45,shp-6-01,1,1
1713070,6,NEW_1,6 Downtown,,1,45,shp-6-01,1,1
NEW_1222020,6,NEW_3,6 Downtown,,1,25,shp-6-01,1,1
NEW_264020,6,NEW_3,6 Downtown,,1,35,shp-6-01,1,1
1758070,6,NEW_1,6 Downtown,,1,25,shp-6-01,1,1
1847020,6,NEW_3,6 Fraser,,0,45,shp-6-51,1,1
NEW_2332070,6,NEW_1,6 Fraser,,0,35,shp-6-51,1,1
111020,6,NEW_3,6 Fraser,,0,45,shp-6-51,1,1
975070,6,NEW_1,6 Fraser,,0,25,shp-6-51,1,1
217070,6,NEW_1,6 Fraser,,0,45,shp-6-51,1,1
821070,6,NEW_1,6 Fraser,,0,15,shp-6-51,1,1
NEW_1264070,6,NEW_1,6 Fraser,,0,45,shp-6-51,1,1
NEW_1787020,6,NEW_3,6 Fraser,,0,15,shp-6-51,1,1
2138020,6,NEW_3,6 Fraser,,0,15,shp-6-51,1,1
NEW_2382020,6,NEW_3,6 Fraser,,0,25,shp-6-51,1,1
1533070,6,NEW_1,6 Fraser,,0,45,shp-6-51,1,1
103020,6,NEW_3,6 Fraser,,0,25,shp-6-51,1,1
1859070,6,NEW_1,6 Fraser,,0,35,shp-6-51,1,1
86020,6,NEW_3,6 Fraser,,0,25,shp-6-51,1,1
NEW_1225020,6,NEW_3,6 Fraser,,0,15,shp-6-51,1,1
1841070,6,NEW_1,6 Fraser,,0,15,shp-6-51,1,1
1896070,6,NEW_1,6 Fraser,,0,35,shp-6-51,1,1
601020,6,NEW_3,6 Fraser,,0,35,shp-6-51,1,1
1078070,6,NEW_1,6 Fraser,,0,45,shp-6-51,1,1
NEW_33020,6,NEW_3,6 Fraser,,0,45,shp-6-51,1,1
2135070,6,NEW_1,6 Fraser,,0,25,shp-6-51,1,1
44020,6,NEW_3,6 Fraser,,0,35,shp-6-51,1,1
596070,6,NEW_1,6 Fraser,,0,15,shp-6-51,1,1
NEW_1764070,6,NEW_1,6 Fraser,,0,35,shp-6-51,1,1
293020,6,NEW_3,6 Fraser,,0,35,shp-6-51,1,1
1331020,6,NEW_3,6 Fraser,,0,35,shp-6-51,1,1
NEW_1119020,6,NEW_3,6 Fraser,,0,45,shp-6-51,1,1
1344020,7,NEW_3,7 Samish/Downtown,,1,25,shp-7-01,1,1
1172070,7,NEW_1,7 Samish/Downtown,,1,15,shp-7-01,1,1
NEW_2100020,7,NEW_3,7 Samish/Downtown,,1,15,shp-7-01,1,1
483020,7,NEW_3,7 Samish/Downtown,,1,35,shp-7-01,1,1
2494070,7,NEW_1,7 Samish/Downtown,,1,45,shp-7-01,1,1
2438020,7,NEW_3,7 Samish/Downtown,,1,45,shp-7-01,1,1
NEW_1581020,7,NEW_3,7 Samish/Downtown,,1,25,shp-7-01,1,1
1803070,7,NEW_1,7 Samish/Downtown,,1,15,shp-7-01,1,1
NEW_1474070,7,NEW_1,7 Samish/Downtown,,1,35,shp-7-01,1,1
1054070,7,NEW_1,7 Samish/Downtown,,1,25,shp-7-01,1,1
NEW_216020,7,NEW_3,7 Samish/Downtown,,1,25,shp-7-01,1,1
381020,7,NEW_3,7 Samish/Downtown,,1,35,shp-7-01,1,1
NEW_195020,7,NEW_3,7 Samish/Downtown,,1,45,shp-7-01,1,1
2501070,7,NEW_1,7 Samish/Downtown,,1,35,shp-7-01,1,1
2301070,7,NEW_1,7 Samish/Downtown,,1,45,shp-7-01,1,1
NEW_1796020,7,NEW_3,7 Samish/Downtown,,1,35,shp-7-01,1,1
NEW_1004070,7,NEW_1,7 Samish/Downtown,,1,35,shp-7-01,1,1
NEW_1335070,7,NEW_1,7 Samish/Downtown,,1,45,shp-7-01,1,1
NEW_116070,7,NEW_1,7 Samish/Downtown,,1,25,shp-7-01,1,1
1860070,7,NEW_1,7 Samish/Downtown,,1,25,shp-7-01,1,1
NEW_812020,7,NEW_3,7 Samish/Downtown,,1,45,shp-7-01,1,1
711020,7,NEW_3,7 Samish/Downtown,,1,45,shp-7-01,1,1
1454020,7,NEW_3,7 Samish/Downtown,,1,15,shp-7-01,1,1
NEW_1330020,7,NEW_3,7 Samish/Downtown,,1,15,shp-7-01,1,1
2228070,7,NEW_1,7 Samish/Downtown,,1,45,shp-7-01,1,1
1180020,7,NEW_3,7 Samish/Downtown,,1,35,shp-7-01,1,1
640070,7,NEW_1,7 Samish/WWU,,0,45,shp-7-51,1,1
977070,7,NEW_1,7 Samish/WWU,,0,25,shp-7-51,1,1
NEW_1753020,7,NEW_3,7 Samish/WWU,,0,45,shp-7-51,1,1
257020,7,NEW_3,7 Samish/WWU,,0,35,shp-7-51,1,1
NEW_1117070,7,NEW_1,7 Samish/WWU,,0,35,shp-7-51,1,1
NEW_1935070,7,NEW_1,7 Samish/WWU,,0,35,shp-7-51,1,1
NEW_2499020,7,NEW_3,7 Samish/WWU,,0,45,shp-7-51,1,1
NEW_1788020,7,NEW_3,7 Samish/WWU,,0,35,shp-7-51,1,1
341070,7,NEW_1,7 Samish/WWU,,0,45,shp-7-51,1,1
NEW_2344070,7,NEW_1,7 Samish/WWU,,0,45,shp-7-51,1,1
2237020,7,NEW_3,7 Samish/WWU,,0,35,shp-7-51,1,1
1642070,7,NEW_1,7 Samish/WWU,,0,15,shp-7-51,1,1
4020,7,NEW_3,7 Samish/WWU,,0,15,shp-7-51,1,1
NEW_1388070,7,NEW_1,7 Samish/WWU,,0,25,shp-7-51,1,1
853020,7,NEW_3,7 Samish/WWU,,0,25,shp-7-51,1,1
1283020,7,NEW_3,7 Samish/WWU,,0,25,shp-7-51,1,1
NEW_481020,7,NEW_3,7 Samish/WWU,,0,45,shp-7-51,1,1
336070,7,NEW_1,7 Samish/WWU,,0,45,shp-7-51,1,1
NEW_1363020,7,NEW_3,7 Samish/WWU,,0,15,shp-7-51,1,1
1407070,7,NEW_1,7 Samish/WWU,,0,25,shp-7-51,1,1
NEW_2095020,7,NEW_3,7 Samish/WWU,,0,15,shp-7-51,1,1
2283070,7,NEW_1,7 Samish/WWU,,0,15,shp-7-51,1,1
27020,7,NEW_3,7 Samish/WWU,,0,35,shp-7-51,1,1
NEW_2268020,7,NEW_3,7 Samish/WWU,,0,45,shp-7-51,1,1
NEW_604070,7,NEW_1,7 Samish/WWU,,0,35,shp-7-51,1,1
884020,7,NEW_3,7 Samish/WWU,,0,25,shp-7-51,1,1
NEW_1951020,71X,NEW_3,71X Cordata/WCC,,1,NEW_171X,NEW_shp-71X-01,1,1
1324020,71X,NEW_3,71X Cordata/WCC,,1,NEW_271X,NEW_shp-71X-01,1,1
NEW_1292020,71X,NEW_3,71X Cordata/WCC,,1,NEW_571X,NEW_shp-71X-01,1,1
2108020,71X,NEW_3,71X Cordata/WCC,,1,NEW_371X,NEW_shp-71X-01,1,1
806020,71X,NEW_3,71X Cordata/WCC,,1,NEW_471X,NEW_shp-71X-01,1,1
2544070,71X,NEW_1,71X Cordata/WCC,,1,NEW_271X,NEW_shp-71X-01,1,1
295070,71X,NEW_1,71X Cordata/WCC,,1,NEW_171X,NEW_shp-71X-01,1,1
NEW_1016070,71X,NEW_1,71X Cordata/WCC,,1,NEW_371X,NEW_shp-71X-01,1,1
1964070,71X,NEW_1,71X Everson/Nooksack/Sumas,,0,NEW_171X,NEW_shp-71X-51,1,1
1988020,71X,NEW_3,71X Everson/Nooksack/Sumas,,0,NEW_571X,NEW_shp-71X-52,1,1
38070,71X,NEW_1,71X Everson/Nooksack/Sumas,,0,NEW_271X,NEW_shp-71X-52,1,1
1632020,71X,NEW_3,71X Everson/Nooksack/Sumas,,0,NEW_171X,NEW_shp-71X-51,1,1
1216020,71X,NEW_3,71X Everson/Nooksack/Sumas,,0,NEW_271X,NEW_shp-71X-52,1,1
NEW_2421020,71X,NEW_3,71X Everson/Nooksack/Sumas,,0,NEW_471X,NEW_shp-71X-52,1,1
1003020,71X,NEW_3,71X Everson/Nooksack/Sumas,,0,NEW_371X,NEW_shp-71X-52,1,1
684070,71X,NEW_1,71X Everson/Nooksack/Sumas,,0,NEW_371X,NEW_shp-71X-52,1,1
1116010,72X,NEW_2,72X Bellingham,,1,NEW_372X,NEW_shp-72X-03,1,1
NEW_829020,72X,NEW_3,72X Bellingham,,1,NEW_372X,NEW_shp-72X-03,1,1
2347070,72X,NEW_1,72X Bellingham,,1,NEW_372X,NEW_shp-72X-03,1,1
NEW_546070,72X,NEW_1,72X Bellingham,,1,NEW_272X,NEW_shp-72X-03,1,1
2515010,72X,NEW_2,72X Bellingham,,1,NEW_472X,NEW_shp-72X-03,1,1
1784020,72X,NEW_3,72X Bellingham,,1,NEW_172X,NEW_shp-72X-01,1,1
NEW_707020,72X,NEW_3,72X Bellingham,,1,NEW_672X,NEW_shp-72X-03,1,1
NEW_159010,72X,NEW_2,72X Bellingham,,1,NEW_272X,NEW_shp-72X-03,1,1
1975020,72X,NEW_3,72X Bellingham,,1,NEW_272X,NEW_shp-72X-03,1,1
477070,72X,NEW_1,72X Bellingham,,1,NEW_172X,NEW_shp-72X-03,1,1
2072020,72X,NEW_3,72X Bellingham,,1,NEW_572X,NEW_shp-72X-03,1,1
1473010,72X,NEW_2,72X Bellingham,,1,NEW_172X,NEW_shp-72X-03,1,1
394020,72X,NEW_3,72X Bellingham,,1,NEW_472X,NEW_shp-72X-03,1,1
110020,72X,NEW_3,72X Kendall,,0,NEW_772X,NEW_shp-72X-53,1,1
1494020,72X,NEW_3,72X Kendall,,0,NEW_672X,NEW_shp-72X-52,1,1
797020,72X,NEW_3,72X Kendall,,0,NEW_572X,NEW_shp-72X-53,1,1
NEW_97020,72X,NEW_3,72X Kendall,,0,NEW_272X,NEW_shp-72X-53,1,1
NEW_713010,72X,NEW_2,72X Kendall,,0,NEW_272X,NEW_shp-72X-53,1,1
1184020,72X,NEW_3,72X Kendall,,0,NEW_372X,NEW_shp-72X-53,1,1
1657020,72X,NEW_3,72X Kendall,,0,NEW_172X,NEW_shp-72X-51,1,1
2096070,72X,NEW_1,72X Kendall,,0,NEW_272X,NEW_shp-72X-53,1,1
2444020,72X,NEW_3,72X Kendall,,0,NEW_472X,NEW_shp-72X-53,1,1
1238070,72X,NEW_1,72X Kendall,,0,NEW_372X,NEW_shp-72X-53,1,1
NEW_315020,72X,NEW_3,72X Kendall,,0,NEW_872X,NEW_shp-72X-53,1,1
NEW_2282070,72X,NEW_1,72X Kendall,,0,NEW_472X,NEW_shp-72X-53,1,1
1852010,72X,NEW_2,72X Kendall,,0,NEW_372X,NEW_shp-72X-53,1,1
NEW_683010,72X,NEW_2,72X Kendall,,0,NEW_472X,NEW_shp-72X-53,1,1
NEW_1438070,72X,NEW_1,72X Kendall,,0,NEW_172X,NEW_shp-72X-51,1,1
950010,72X,NEW_2,72X Kendall,,0,NEW_172X,NEW_shp-72X-51,1,1
NEW_166020,72X,NEW_3,72X Sunset Square,,1,NEW_772X,NEW_shp-72X-02,1,1
852020,72X,NEW_3,72X Sunset Square,,1,NEW_872X,NEW_shp-72X-02,1,1
1545070,72X,NEW_1,72X Sunset Square,,1,NEW_472X,NEW_shp-72X-02,1,1
969020,75,NEW_3,75A Bellingham,,1,NEW_675,NEW_shp-75-03,1,1
NEW_1610020,75,NEW_3,75A Bellingham,,1,NEW_175,NEW_shp-75-03,1,1
1743020,75,NEW_3,75A Bellingham,,1,NEW_875,NEW_shp-75-03,1,1
1065020,75,NEW_3,75A Bellingham,,1,NEW_1075,NEW_shp-75-03,1,1
NEW_1979020,75,NEW_3,75A Bellingham,,1,NEW_975,NEW_shp-75-03,1,1
NEW_1392020,75,NEW_3,75A Bellingham,,1,NEW_475,NEW_shp-75-03,1,1
2022020,75,NEW_3,75A Blaine,,0,NEW_575,NEW_shp-75-52,1,1
1739020,75,NEW_3,75A Blaine,,0,NEW_775,NEW_shp-75-52,1,1
NEW_1030020,75,NEW_3,75A Blaine,,0,NEW_1375,NEW_shp-75-52,1,1
NEW_223020,75,NEW_3,75A Blaine,,0,NEW_1175,NEW_shp-75-52,1,1
1286020,75,NEW_3,75A Blaine,,0,NEW_375,NEW_shp-75-52,1,1
2435020,75,NEW_3,75A Ferndale,,1,NEW_1275,NEW_shp-75-01,1,1
1465020,75,NEW_3,75B Birch Bay/Bellingham,,1,NEW_275,NEW_shp-75-04,1,1
1135070,75,NEW_1,75B Birch Bay/Bellingham,,1,NEW_375,NEW_shp-75-04,1,1
NEW_690020,75,NEW_3,75B Birch Bay/Bellingham,,1,NEW_575,NEW_shp-75-04,1,1
1102020,75,NEW_3,75B Birch Bay/Bellingham,,1,NEW_375,NEW_shp-75-07,1,1
325020,75,NEW_3,75B Birch Bay/Bellingham,,1,NEW_1175,NEW_shp-75-04,1,1
NEW_53070,75,NEW_1,75B Birch Bay/Bellingham,,1,NEW_175,NEW_shp-75-04,1,1
NEW_32020,75,NEW_3,75B Birch Bay/Bellingham,,1,NEW_775,NEW_shp-75-04,1,1
NEW_2149070,75,NEW_1,75B Birch Bay/Bellingham,,1,NEW_275,NEW_shp-75-04,1,1
1027020,75,NEW_3,75B Birch Bay/Blaine,,0,NEW_1275,NEW_shp-75-53,1,1
2232070,75,NEW_1,75B Birch Bay/Blaine,,0,NEW_275,NEW_shp-75-53,1,1
NEW_243020,75,NEW_3,75B Birch Bay/Blaine,,0,NEW_175,NEW_shp-75-51,1,1
NEW_1503070,75,NEW_1,75B Birch Bay/Blaine,,0,NEW_175,NEW_shp-75-51,1,1
1880020,75,NEW_3,75B Birch Bay/Blaine,,0,NEW_475,NEW_shp-75-51,1,1
1709070,75,NEW_1,75B Birch Bay/Blaine,,0,NEW_475,NEW_shp-75-53,1,1
297020,75,NEW_3,75B Birch Bay/Blaine,,0,NEW_1075,NEW_shp-75-55,1,1
1863020,75,NEW_3,75B Birch Bay/Blaine,,0,NEW_875,NEW_shp-75-53,1,1
NEW_1262070,75,NEW_1,75B Birch Bay/Blaine,,0,NEW_375,NEW_shp-75-53,1,1
NEW_1491020,75,NEW_3,75B Birch Bay/Blaine,,0,NEW_975,NEW_shp-75-55,1,1
NEW_2322020,75,NEW_3,75B Birch Bay/Blaine,,0,NEW_675,NEW_shp-75-53,1,1
NEW_1997020,75,NEW_3,75B Birch Bay/Ferndale,,1,NEW_1375,NEW_shp-75-02,1,1
1076020,80X,NEW_3,80X Bellingham,,1,NEW_380X,NEW_shp-80X-01,1,1
1146020,80X,NEW_3,80X Bellingham,,1,NEW_280X,NEW_shp-80X-01,1,1
1072020,80X,NEW_3,80X Bellingham,,1,NEW_180X,NEW_shp-80X-01,1,1
NEW_825070,80X,NEW_1,80X Bellingham,,1,NEW_180X,NEW_shp-80X-01,1,1
927020,80X,NEW_3,80X Bellingham,,1,NEW_280X,NEW_shp-80X-01,1,1
NEW_1795010,80X,NEW_2,80X Bellingham,,1,NEW_180X,NEW_shp-80X-01,1,1
NEW_1120070,80X,NEW_1,80X Bellingham,,1,NEW_180X,NEW_shp-80X-01,1,1
NEW_1108020,80X,NEW_3,80X Bellingham,,1,NEW_380X,NEW_shp-80X-01,1,1
2146020,80X,NEW_3,80X Mt Vernon,,0,NEW_380X,NEW_shp-80X-51,1,1
NEW_1082020,80X,NEW_3,80X Mt Vernon,,0,NEW_280X,NEW_shp-80X-51,1,1
1818020,80X,NEW_3,80X Mt Vernon,,0,NEW_180X,NEW_shp-80X-51,1,1
2125070,80X,NEW_1,80X Mt Vernon,,0,NEW_180X,NEW_shp-80X-51,1,1
NEW_2271070,80X,NEW_1,80X Mt Vernon,,0,NEW_180X,NEW_shp-80X-51,1,1
1079020,80X,NEW_3,80X Mt Vernon,,0,NEW_380X,NEW_shp-80X-51,1,1
NEW_1515020,80X,NEW_3,80X Mt Vernon,,0,NEW_280X,NEW_shp-80X-51,1,1
551010,80X,NEW_2,80X Mt Vernon,,0,NEW_180X,NEW_shp-80X-51,1,1
905020,9,NEW_3,9 Downtown,,1,NEW_19,NEW_shp-9-01,1,1
200010,9,NEW_2,9 Downtown,,1,NEW_23,NEW_shp-9-01,1,1
1922020,9,NEW_3,9 Downtown,,1,NEW_19,NEW_shp-9-01,1,1
NEW_1528070,9,NEW_1,9 Downtown,,1,NEW_19,NEW_shp-9-01,1,1
1889070,9,NEW_1,9 Downtown,,1,NEW_19,NEW_shp-9-01,1,1
NEW_1056010,9,NEW_2,9 Downtown,,1,NEW_23,NEW_shp-9-01,1,1
750070,9,NEW_1,9 Downtown,,1,NEW_19,NEW_shp-9-01,1,1
803020,9,NEW_3,9 Downtown,,1,NEW_19,NEW_shp-9-01,1,1
NEW_872020,9,NEW_3,9 Downtown,,1,NEW_19,NEW_shp-9-01,1,1
NEW_1752070,9,NEW_1,9 Downtown,,1,NEW_19,NEW_shp-9-01,1,1
726070,9,NEW_1,9 Downtown,,1,NEW_19,NEW_shp-9-01,1,1
NEW_198020,9,NEW_3,9 Downtown,,1,NEW_19,NEW_shp-9-01,1,1
1969020,9,NEW_3,9 Downtown,,1,NEW_19,NEW_shp-9-01,1,1
1760020,9,NEW_3,9 Downtown,,1,NEW_19,NEW_shp-9-01,1,1
NEW_2203020,9,NEW_3,9 Downtown,,1,NEW_19,NEW_shp-9-01,1,1
613020,9,NEW_3,9 Downtown,,1,NEW_19,NEW_shp-9-01,1,1
NEW_442020,9,NEW_3,9 Downtown,,1,NEW_19,NEW_shp-9-01,1,1
29020,9,NEW_3,9 Downtown,,1,NEW_19,NEW_shp-9-01,1,1
NEW_1340020,9,NEW_3,9 Downtown,,1,NEW_19,NEW_shp-9-01,1,1
265020,9,NEW_3,9 Downtown,,1,NEW_19,NEW_shp-9-01,1,1
NEW_1219010,9,NEW_2,9 Downtown,,1,NEW_13,NEW_shp-9-01,1,1
1177010,9,NEW_2,9 Downtown,,1,NEW_13,NEW_shp-9-01,1,1
NEW_765020,9,NEW_3,9 Downtown,,1,NEW_19,NEW_shp-9-01,1,1
882020,9,NEW_3,9 Downtown,,1,NEW_19,NEW_shp-9-01,1,1
NEW_2106020,9,NEW_3,9 Downtown,,1,NEW_19,NEW_shp-9-01,1,1
353010,9,NEW_2,9 Downtown,,1,NEW_23,NEW_shp-9-01,1,1
2223010,9,NEW_2,9 Downtown,,1,NEW_23,NEW_shp-9-01,1,1
NEW_92070,9,NEW_1,9 Downtown,,1,NEW_19,NEW_shp-9-01,1,1
2354020,9,NEW_3,9 Downtown,,1,NEW_19,NEW_shp-9-01,1,1
NEW_1916020,9,NEW_3,9 Downtown,,1,NEW_19,NEW_shp-9-01,1,1
NEW_610020,9,NEW_3,9 Downtown,,1,NEW_19,NEW_shp-9-01,1,1
NEW_1690020,9,NEW_3,9 Downtown,,1,NEW_19,NEW_shp-9-01,1,1
NEW_2296020,9,NEW_3,9 Downtown,,1,NEW_19,NEW_shp-9-01,1,1
385070,9,NEW_1,9 Downtown,,1,NEW_19,NEW_shp-9-01,1,1
NEW_25010,9,NEW_2,9 Downtown,,1,NEW_13,NEW_shp-9-01,1,1
NEW_1558020,9,NEW_3,9 Downtown,,1,NEW_19,NEW_shp-9-01,1,1
NEW_2538020,9,NEW_3,9 Downtown,,1,NEW_19,NEW_shp-9-01,1,1
NEW_441010,9,NEW_2,9 Downtown,,1,NEW_23,NEW_shp-9-01,1,1
NEW_1683020,9,NEW_3,9 Downtown,,1,NEW_19,NEW_shp-9-01,1,1
NEW_643010,9,NEW_2,9 Downtown,,1,NEW_13,NEW_shp-9-01,1,1
2545020,9,NEW_3,9 Downtown,,1,NEW_19,NEW_shp-9-01,1,1
410070,9,NEW_1,9 Downtown,,1,NEW_19,NEW_shp-9-01,1,1
2319020,9,NEW_3,9 Downtown,,1,NEW_19,NEW_shp-9-01,1,1
176070,9,NEW_1,9 Downtown,,1,NEW_19,NEW_shp-9-01,1,1
494070,9,NEW_1,9 Downtown,,1,NEW_19,NEW_shp-9-01,1,1
2251010,9,NEW_2,9 Downtown,,1,NEW_13,NEW_shp-9-01,1,1
299020,9,NEW_3,9 Downtown,,1,NEW_19,NEW_shp-9-01,1,1
628020,9,NEW_3,9 Hospital,,0,NEW_19,NEW_shp-9-51,1,1
NEW_2429020,9,NEW_3,9 Hospital,,0,NEW_19,NEW_shp-9-51,1,1
NEW_1189020,9,NEW_3,9 Hospital,,0,NEW_19,NEW_shp-9-51,1,1
1611020,9,NEW_3,9 Hospital,,0,NEW_19,NEW_shp-9-51,1,1
35020,9,NEW_3,9 Hospital,,0,NEW_19,NEW_shp-9-51,1,1
822020,9,NEW_3,9 Hospital,,0,NEW_19,NEW_shp-9-51,1,1
2469020,9,NEW_3,9 Hospital,,0,NEW_19,NEW_shp-9-51,1,1
2238070,9,NEW_1,9 Hospital,,0,NEW_19,NEW_shp-9-51,1,1
2247020,9,NEW_3,9 Hospital,,0,NEW_19,NEW_shp-9-51,1,1
NEW_1527020,9,NEW_3,9 Hospital,,0,NEW_19,NEW_shp-9-51,1,1
NEW_1192020,9,NEW_3,9 Hospital,,0,NEW_19,NEW_shp-9-51,1,1
NEW_189020,9,NEW_3,9 Hospital,,0,NEW_19,NEW_shp-9-51,1,1
1692020,9,NEW_3,9 Hospital,,0,NEW_19,NEW_shp-9-51,1,1
NEW_1254020,9,NEW_3,9 Hospital,,0,NEW_19,NEW_shp-9-51,1,1
1416070,9,NEW_1,9 Hospital,,0,NEW_19,NEW_shp-9-51,1,1
214010,9,NEW_2,9 Hospital,,0,NEW_23,NEW_shp-9-51,1,1
NEW_1836010,9,NEW_2,9 Hospital,,0,NEW_13,NEW_shp-9-51,1,1
2211070,9,NEW_1,9 Hospital,,0,NEW_19,NEW_shp-9-51,1,1
NEW_1284020,9,NEW_3,9 Hospital,,0,NEW_19,NEW_shp-9-51,1,1
332020,9,NEW_3,9 Hospital,,0,NEW_19,NEW_shp-9-51,1,1
204010,9,NEW_2,9 Hospital,,0,NEW_13,NEW_shp-9-51,1,1
NEW_1296070,9,NEW_1,9 Hospital,,0,NEW_19,NEW_shp-9-51,1,1
2131020,9,NEW_3,9 Hospital,,0,NEW_19,NEW_shp-9-51,1,1
NEW_1275020,9,NEW_3,9 Hospital,,0,NEW_19,NEW_shp-9-51,1,1
NEW_1306070,9,NEW_1,9 Hospital,,0,NEW_19,NEW_shp-9-51,1,1
NEW_1510010,9,NEW_2,9 Hospital,,0,NEW_23,NEW_shp-9-51,1,1
NEW_2300020,9,NEW_3,9 Hospital,,0,NEW_19,NEW_shp-9-51,1,1
NEW_1972020,9,NEW_3,9 Hospital,,0,NEW_19,NEW_shp-9-51,1,1
220010,9,NEW_2,9 Hospital,,0,NEW_23,NEW_shp-9-51,1,1
2025070,9,NEW_1,9 Hospital,,0,NEW_19,NEW_shp-9-51,1,1
NEW_2293020,9,NEW_3,9 Hospital,,0,NEW_19,NEW_shp-9-51,1,1
1326010,9,NEW_2,9 Hospital,,0,NEW_13,NEW_shp-9-51,1,1
NEW_1098070,9,NEW_1,9 Hospital,,0,NEW_19,NEW_shp-9-51,1,1
NEW_698070,9,NEW_1,9 Hospital,,0,NEW_19,NEW_shp-9-51,1,1
894010,9,NEW_2,9 Hospital,,0,NEW_23,NEW_shp-9-51,1,1
1187020,9,NEW_3,9 Hospital,,0,NEW_19,NEW_shp-9-51,1,1
2235020,9,NEW_3,9 Hospital,,0,NEW_19,NEW_shp-9-51,1,1
425020,9,NEW_3,9 Hospital,,0,NEW_19,NEW_shp-9-51,1,1
606010,9,NEW_2,9 Hospital,,0,NEW_13,NEW_shp-9-51,1,1
331010,9,NEW_2,9 Hospital,,0,NEW_23,NEW_shp-9-51,1,1
1537020,9,NEW_3,9 Hospital,,0,NEW_19,NEW_shp-9-51,1,1
NEW_322010,9,NEW_2,9 Hospital,,0,NEW_13,NEW_shp-9-51,1,1
468070,9,NEW_1,9 Hospital,,0,NEW_19,NEW_shp-9-51,1,1
1041020,9,NEW_3,9 Hospital,,0,NEW_19,NEW_shp-9-51,1,1
NEW_843070,9,NEW_1,9 Hospital,,0,NEW_19,NEW_shp-9-51,1,1
NEW_1526020,9,NEW_3,9 Hospital,,0,NEW_19,NEW_shp-9-51,1,1
NEW_2152020,9,NEW_3,9 Hospital,,0,NEW_19,NEW_shp-9-51,1,1
